Billed_Date,month_name,quarter_label,year,Billed_Carrier_Name,Billed_Carrier_Code,Operating_Carrier_Name,Operating_Carrier_Code,Billed_Currency,Ticket_Count,Billed_Amount,Commission_Amount,Billed_Discount,Accepted_Amount,Accepted_Commission,Accepted_Discount,Rejected_Amount,Rejected_Commission,Rejected_Discount,Rejection_Percentage,Billing_Efficiency_Pct
2026-02-28,February,Q1,2026,Air India,AI,Star Air,XX,USD,260,83820.00,5029.20,1440.00,70845.95,4250.73,1230.16,12974.05,778.47,209.84,15.48,84.52
2026-02-28,February,Q1,2026,Thai Airways International,TG,Star Air,XX,USD,243,143015.00,8580.90,1865.00,121630.87,7297.90,1546.47,21384.13,1283.00,318.53,14.95,85.05
2026-02-28,February,Q1,2026,British Airways,BA,Star Air,XX,USD,246,124175.00,7450.50,1715.00,105471.41,6328.24,1462.22,18703.59,1122.26,252.78,15.06,84.94
2026-02-28,February,Q1,2026,Jet Airways,9W,Star Air,XX,USD,232,58650.00,3519.00,1040.00,49698.28,2981.90,919.91,8951.72,537.10,120.09,15.26,84.74
2026-02-28,February,Q1,2026,American Airlines,AA,Star Air,XX,USD,253,253420.00,15205.20,3405.00,216428.29,12985.71,2878.38,36991.71,2219.49,526.62,14.60,85.40
2026-02-28,February,Q1,2026,Air Canada,AC,Star Air,XX,USD,244,70125.00,4207.50,960.00,59161.33,3549.65,826.21,10963.67,657.85,133.79,15.63,84.37
2026-02-28,February,Q1,2026,SIA,SQ,Star Air,XX,USD,265,109630.00,6577.80,2065.00,92271.65,5536.34,1755.88,17358.35,1041.46,309.12,15.83,84.17
2025-12-11,December,Q4,2025,Air India,AI,Star Air,XX,USD,246,64380.00,3862.80,13165.00,55003.51,3300.22,759.55,9376.49,562.58,12405.45,14.56,85.44
2025-12-11,December,Q4,2025,Air Mauritius,MK,Star Air,XX,USD,249,158900.00,9534.00,930.00,135471.48,8128.26,1377.75,23428.52,1405.74,-447.75,14.74,85.26
2025-12-11,December,Q4,2025,Qantas,QF,Star Air,XX,USD,482,423410.00,25404.60,10590.00,358121.76,21487.37,5726.08,65288.24,3917.23,4863.92,15.42,84.58
2025-12-11,December,Q4,2025,American Airlines,AA,Star Air,XX,USD,238,228350.00,13701.00,7930.00,194318.79,11659.07,2832.85,34031.21,2041.93,5097.15,14.90,85.10
2025-12-11,December,Q4,2025,Emirates,EK,Star Air,XX,USD,485,134190.00,8051.40,3255.00,113343.86,6800.57,1572.52,20846.14,1250.83,1682.48,15.53,84.47
2026-02-27,February,Q1,2026,Air New Zealand,NZ,Star Air,XX,USD,260,176170.00,10570.20,2530.00,148449.97,8907.07,2113.48,27720.03,1663.13,416.52,15.73,84.27
2026-02-27,February,Q1,2026,Qantas,QF,Star Air,XX,USD,516,270695.00,16241.70,3950.00,228968.36,13738.19,3283.42,41726.64,2503.51,666.58,15.41,84.59
2026-02-27,February,Q1,2026,PIA,PK,Star Air,XX,USD,246,75135.00,4508.10,1345.00,63342.99,3800.59,1139.08,11792.01,707.51,205.92,15.69,84.31
2026-02-27,February,Q1,2026,Jet Airways,9W,Star Air,XX,USD,248,65980.00,3958.80,925.00,56006.31,3360.45,787.83,9973.69,598.35,137.17,15.12,84.88
2025-01-10,January,Q1,2025,Qantas,QF,Star Air,XX,USD,262,146465.00,8787.90,2400.00,123390.76,7403.36,2026.62,23074.24,1384.54,373.38,15.75,84.25
2025-01-11,January,Q1,2025,Air India,AI,Star Air,XX,USD,242,76445.00,4586.70,1025.00,65648.55,3938.96,882.67,10796.45,647.74,142.33,14.12,85.88
2025-02-16,February,Q1,2025,American Airlines,AA,Star Air,XX,USD,480,485055.00,29103.30,8680.00,410711.84,24642.66,7382.75,74343.16,4460.64,1297.25,15.33,84.67
2025-01-10,January,Q1,2025,Air New Zealand,NZ,Star Air,XX,USD,263,81090.00,4865.40,1565.00,67858.70,4071.52,1297.18,13231.30,793.88,267.82,16.32,83.68
2025-02-16,February,Q1,2025,Qantas,QF,Star Air,XX,USD,1017,950870.00,57052.20,14570.00,804053.87,48243.32,12360.41,146816.13,8808.88,2209.59,15.44,84.56
2025-01-11,January,Q1,2025,PIA,PK,Star Air,XX,USD,229,66915.00,4014.90,1050.00,57057.17,3423.35,905.98,9857.83,591.55,144.02,14.73,85.27
2025-01-10,January,Q1,2025,Thai Airways International,TG,Star Air,XX,USD,259,154470.00,9268.20,1810.00,131130.99,7867.86,1510.14,23339.01,1400.34,299.86,15.11,84.89
2025-01-10,January,Q1,2025,Jet Airways,9W,Star Air,XX,USD,259,74570.00,4474.20,1385.00,64009.73,3840.58,1190.45,10560.27,633.62,194.55,14.16,85.84
2025-02-16,February,Q1,2025,Thai Airways International,TG,Star Air,XX,USD,245,153585.00,9215.10,3095.00,128733.45,7724.04,2549.08,24851.55,1491.06,545.92,16.18,83.82
2025-01-11,January,Q1,2025,British Airways,BA,Star Air,XX,USD,254,130205.00,7812.30,2825.00,112305.51,6738.30,2560.70,17899.49,1074.00,264.30,13.75,86.25
2025-02-16,February,Q1,2025,Emirates,EK,Star Air,XX,USD,203,54625.00,3277.50,700.00,46187.17,2771.17,592.01,8437.83,506.33,107.99,15.45,84.55
2025-02-16,February,Q1,2025,Air Canada,AC,Star Air,XX,USD,252,72650.00,4359.00,1075.00,61515.72,3690.80,900.72,11134.28,668.20,174.28,15.33,84.67
2025-02-16,February,Q1,2025,Blue Panorama,BV,Star Air,XX,USD,254,67800.00,4068.00,900.00,57470.28,3448.22,757.28,10329.72,619.78,142.72,15.24,84.76
2025-01-11,January,Q1,2025,Qantas,QF,Star Air,XX,USD,512,485875.00,29152.50,6940.00,408695.48,24521.71,5826.09,77179.52,4630.79,1113.91,15.88,84.12
2025-02-16,February,Q1,2025,Vietnam Airlines,VN,Star Air,XX,USD,1,710.00,42.60,0.00,686.69,41.20,0.00,23.31,1.40,0.00,3.28,96.72
2025-01-11,January,Q1,2025,American Airlines,AA,Star Air,XX,USD,520,531270.00,31876.20,6615.00,448318.18,26899.13,5568.92,82951.82,4977.07,1046.08,15.61,84.39
2025-01-11,January,Q1,2025,Air Mauritius,MK,Star Air,XX,USD,261,165525.00,9931.50,2085.00,138308.61,8298.57,1781.46,27216.39,1632.93,303.54,16.44,83.56
2025-02-16,February,Q1,2025,JetBlue,B6,Star Air,XX,USD,244,311795.00,18707.70,5120.00,264713.63,15882.75,4162.09,47081.37,2824.95,957.91,15.10,84.90
2025-01-11,January,Q1,2025,Air Canada,AC,Star Air,XX,USD,457,126795.00,7607.70,1525.00,106491.80,6389.50,1262.12,20303.20,1218.20,262.88,16.01,83.99
2025-01-11,January,Q1,2025,Emirates,EK,Star Air,XX,USD,490,141925.00,8515.50,2125.00,120390.50,7223.46,1835.23,21534.50,1292.04,289.77,15.17,84.83
2025-01-11,January,Q1,2025,SIA,SQ,Star Air,XX,USD,262,115290.00,6917.40,1960.00,97352.11,5841.10,1704.25,17937.89,1076.30,255.75,15.56,84.44
2025-09-11,September,Q3,2025,Air France,AF,Star Air,XX,USD,245,225790.00,13547.40,5185.00,192132.69,11527.90,4538.42,33657.31,2019.50,646.58,14.91,85.09
2025-09-11,September,Q3,2025,Vietnam Airlines,VN,Star Air,XX,USD,1,700.00,42.00,0.00,595.43,35.73,0.00,104.57,6.27,0.00,14.94,85.06
2025-09-11,September,Q3,2025,JetBlue,B6,Star Air,XX,USD,231,300770.00,18046.20,7000.00,252813.52,15168.77,5895.38,47956.48,2877.43,1104.62,15.94,84.06
2025-09-11,September,Q3,2025,Qantas,QF,Star Air,XX,USD,491,390965.00,23457.90,6355.00,330382.91,19823.03,5320.37,60582.09,3634.87,1034.63,15.50,84.50
2025-09-11,September,Q3,2025,Emirates,EK,Star Air,XX,USD,499,154210.00,9252.60,2210.00,130089.88,7805.46,1876.94,24120.12,1447.14,333.06,15.64,84.36
2025-09-11,September,Q3,2025,PIA,PK,Star Air,XX,USD,257,77805.00,4668.30,930.00,65986.56,3959.15,786.87,11818.45,709.15,143.13,15.19,84.81
2025-09-11,September,Q3,2025,Air Canada,AC,Star Air,XX,USD,262,76195.00,4571.70,1095.00,63947.68,3836.85,908.03,12247.32,734.85,186.97,16.07,83.93
2025-01-21,January,Q1,2025,Jet Airways,9W,Star Air,XX,USD,256,72540.00,4352.40,1175.00,61283.48,3677.07,983.66,11256.52,675.33,191.34,15.52,84.48
2025-01-21,January,Q1,2025,Air New Zealand,NZ,Star Air,XX,USD,505,269335.00,16160.10,4500.00,229634.54,13778.04,3870.35,39700.46,2382.06,629.65,14.74,85.26
2025-01-21,January,Q1,2025,JetBlue,B6,Star Air,XX,USD,244,312750.00,18765.00,5590.00,264913.76,15894.84,4635.89,47836.24,2870.16,954.11,15.30,84.70
2025-01-13,January,Q1,2025,Qantas,QF,Star Air,XX,USD,725,522945.00,31376.70,6925.00,438956.10,26337.29,5867.77,83988.90,5039.41,1057.23,16.06,83.94
2025-01-13,January,Q1,2025,Jet Airways,9W,Star Air,XX,USD,262,65020.00,3901.20,850.00,55176.08,3310.60,724.14,9843.92,590.60,125.86,15.14,84.86
2025-01-21,January,Q1,2025,Qantas,QF,Star Air,XX,USD,514,285025.00,17101.50,4465.00,239571.10,14374.26,3785.03,45453.90,2727.24,679.97,15.95,84.05
2025-01-21,January,Q1,2025,Emirates,EK,Star Air,XX,USD,266,72705.00,4362.30,1090.00,62236.33,3734.11,946.42,10468.68,628.19,143.58,14.40,85.60
2025-01-13,January,Q1,2025,Air India,AI,Star Air,XX,USD,246,62955.00,3777.30,940.00,53450.16,3207.07,784.56,9504.85,570.23,155.44,15.10,84.90
2025-01-13,January,Q1,2025,Emirates,EK,Star Air,XX,USD,258,71600.00,4296.00,1575.00,60922.56,3655.28,1352.31,10677.44,640.72,222.69,14.91,85.09
2025-05-23,May,Q2,2025,Qantas,QF,Star Air,XX,USD,1274,747470.00,44848.20,10260.00,635313.57,38118.85,8822.35,112156.43,6729.35,1437.65,15.00,85.00
2025-05-23,May,Q2,2025,Jet Airways,9W,Star Air,XX,USD,254,81120.00,4867.20,1025.00,68013.85,4080.90,869.93,13106.15,786.30,155.07,16.16,83.84
2025-01-21,January,Q1,2025,Air Canada,AC,Star Air,XX,USD,258,73560.00,4413.60,1325.00,62513.88,3750.76,1128.78,11046.12,662.84,196.22,15.02,84.98
2025-05-23,May,Q2,2025,Air New Zealand,NZ,Star Air,XX,USD,472,305045.00,18302.70,5665.00,252978.88,15178.77,4662.74,52066.12,3123.93,1002.26,17.07,82.93
2025-05-23,May,Q2,2025,SIA,SQ,Star Air,XX,USD,250,121485.00,7289.10,1835.00,103611.47,6216.75,1526.99,17873.53,1072.35,308.01,14.71,85.29
2025-05-23,May,Q2,2025,Air Canada,AC,Star Air,XX,USD,239,84190.00,5051.40,1170.00,70409.82,4224.62,983.72,13780.18,826.78,186.28,16.37,83.63
2025-09-27,September,Q3,2025,Air India,AI,Star Air,XX,USD,240,89420.00,5365.20,1155.00,74796.11,4487.75,959.32,14623.89,877.45,195.68,16.35,83.65
2025-09-27,September,Q3,2025,Jet Airways,9W,Star Air,XX,USD,243,72100.00,4326.00,1610.00,61282.38,3677.06,1369.05,10817.62,648.94,240.95,15.00,85.00
2025-09-27,September,Q3,2025,American Airlines,AA,Star Air,XX,USD,251,291120.00,17467.20,3620.00,245070.70,14704.26,3015.62,46049.30,2762.94,604.38,15.82,84.18
2025-09-27,September,Q3,2025,British Airways,BA,Star Air,XX,USD,240,135040.00,8102.40,1860.00,116190.09,6971.38,1547.22,18849.91,1131.02,312.78,13.96,86.04
2025-09-27,September,Q3,2025,Emirates,EK,Star Air,XX,USD,242,71170.00,4270.20,920.00,59765.67,3585.86,770.40,11404.33,684.34,149.60,16.02,83.98
2025-09-27,September,Q3,2025,Air Canada,AC,Star Air,XX,USD,223,65675.00,3940.50,965.00,56182.73,3370.98,812.14,9492.27,569.52,152.86,14.45,85.55
2025-09-27,September,Q3,2025,SIA,SQ,Star Air,XX,USD,246,115320.00,6919.20,1245.00,97430.45,5845.76,1045.94,17889.55,1073.44,199.06,15.51,84.49
2025-09-27,September,Q3,2025,Qantas,QF,Star Air,XX,USD,237,308970.00,18538.20,5045.00,261723.65,15703.31,4307.25,47246.35,2834.89,737.75,15.29,84.71
2025-05-07,May,Q2,2025,Qantas,QF,Star Air,XX,USD,490,484185.00,29051.10,7490.00,410317.64,24618.98,6231.86,73867.36,4432.12,1258.14,15.26,84.74
2025-05-24,May,Q2,2025,Jet Airways,9W,Star Air,XX,USD,252,76825.00,4609.50,1250.00,64037.30,3842.25,1060.34,12787.70,767.25,189.66,16.65,83.35
2025-05-24,May,Q2,2025,PIA,PK,Star Air,XX,USD,230,72385.00,4343.10,750.00,61378.43,3682.64,652.11,11006.57,660.46,97.89,15.21,84.79
2025-05-07,May,Q2,2025,Emirates,EK,Star Air,XX,USD,243,76725.00,4603.50,1310.00,64297.11,3857.81,1097.22,12427.89,745.69,212.78,16.20,83.80
2025-05-24,May,Q2,2025,Emirates,EK,Star Air,XX,USD,699,221265.00,13275.90,2900.00,187814.07,11268.85,2480.20,33450.93,2007.05,419.80,15.12,84.88
2025-05-24,May,Q2,2025,Air Canada,AC,Star Air,XX,USD,464,141655.00,8499.30,2240.00,120606.01,7236.33,1935.07,21048.99,1262.97,304.93,14.86,85.14
2025-05-07,May,Q2,2025,British Airways,BA,Star Air,XX,USD,252,140185.00,8411.10,1940.00,118591.02,7115.39,1659.67,21593.98,1295.71,280.33,15.40,84.60
2025-05-24,May,Q2,2025,American Airlines,AA,Star Air,XX,USD,245,302725.00,18163.50,3970.00,255865.94,15351.99,3340.09,46859.06,2811.51,629.91,15.48,84.52
2025-05-24,May,Q2,2025,Qantas,QF,Star Air,XX,USD,232,301420.00,18085.20,6530.00,256453.70,14853.94,5653.84,44966.30,3231.26,876.16,14.92,85.08
2025-05-24,May,Q2,2025,SIA,SQ,Star Air,XX,USD,270,119015.00,7140.90,1045.00,100142.67,5373.22,872.67,18872.33,1767.68,172.33,15.86,84.14
2025-05-24,May,Q2,2025,Vietnam Airlines,VN,Star Air,XX,USD,1,875.00,52.50,0.00,777.62,46.66,0.00,97.38,5.84,0.00,11.13,88.87
2025-05-24,May,Q2,2025,SriLankan,UL,Star Air,XX,USD,1,830.00,49.80,0.00,653.45,39.21,0.00,176.55,10.59,0.00,21.27,78.73
2025-05-07,May,Q2,2025,American Airlines,AA,Star Air,XX,USD,246,285335.00,17120.10,3480.00,242876.38,12659.44,2993.99,42458.62,4460.66,486.01,14.88,85.12
2025-12-17,December,Q4,2025,Thai Airways International,TG,Star Air,XX,USD,247,153340.00,9200.40,1135.00,129743.79,7784.65,1805.16,23596.21,1415.75,-670.16,15.39,84.61
2025-03-12,March,Q1,2025,Thai Airways International,TG,Star Air,XX,USD,263,176945.00,10616.70,2855.00,150174.23,9010.46,2482.81,26770.77,1606.24,372.19,15.13,84.87
2025-03-12,March,Q1,2025,Qantas,QF,Star Air,XX,USD,780,853915.00,51234.90,12985.00,714846.95,42890.66,10874.14,139068.05,8344.24,2110.86,16.29,83.71
2025-03-12,March,Q1,2025,Vietnam Airlines,VN,Star Air,XX,USD,1,815.00,48.90,0.00,654.65,39.28,0.00,160.35,9.62,0.00,19.67,80.33
2025-03-12,March,Q1,2025,British Airways,BA,Star Air,XX,USD,252,128500.00,7710.00,1940.00,108069.32,6484.14,1622.70,20430.68,1225.86,317.30,15.90,84.10
2025-03-12,March,Q1,2025,Emirates,EK,Star Air,XX,USD,242,70455.00,4227.30,870.00,59583.09,3574.95,713.67,10871.91,652.35,156.33,15.43,84.57
2025-03-12,March,Q1,2025,American Airlines,AA,Star Air,XX,USD,267,284340.00,17060.40,4105.00,240078.92,14404.73,3449.89,44261.08,2655.67,655.11,15.57,84.43
2025-03-12,March,Q1,2025,Air Canada,AC,Star Air,XX,USD,256,70675.00,4240.50,1020.00,60117.63,3607.09,866.08,10557.37,633.41,153.92,14.94,85.06
2025-06-04,June,Q2,2025,Qantas,QF,Star Air,XX,USD,730,836415.00,50184.90,11035.00,706245.76,41841.69,9195.01,130169.24,8343.21,1839.99,15.56,84.44
2025-06-04,June,Q2,2025,Vietnam Airlines,VN,Star Air,XX,USD,1,360.00,21.60,0.00,353.04,21.18,0.00,6.96,0.42,0.00,1.93,98.07
2025-06-04,June,Q2,2025,PIA,PK,Star Air,XX,USD,243,84275.00,5056.50,1200.00,71113.87,4063.48,1018.04,13161.13,993.02,181.96,15.62,84.38
2025-12-02,December,Q4,2025,Jet Airways,9W,Star Air,XX,USD,505,134515.00,8070.90,12820.00,113980.80,6838.92,1483.95,20534.20,1231.98,11336.05,15.27,84.73
2025-11-14,November,Q4,2025,Air New Zealand,NZ,Star Air,XX,USD,250,195970.00,11758.20,3315.00,166820.57,10009.20,1754.99,29149.43,1749.00,1560.01,14.87,85.13
2025-12-02,December,Q4,2025,Thai Airways International,TG,Star Air,XX,USD,270,163790.00,9827.40,960.00,137522.28,8251.34,1786.78,26267.72,1576.06,-826.78,16.04,83.96
2025-11-14,November,Q4,2025,Qantas,QF,Star Air,XX,USD,489,272405.00,16344.30,5995.00,230322.96,13819.34,3121.58,42082.04,2524.96,2873.42,15.45,84.55
2025-11-14,November,Q4,2025,Jet Airways,9W,Star Air,XX,USD,262,72120.00,4327.20,475.00,61347.10,3680.77,874.66,10772.90,646.43,-399.66,14.94,85.06
2025-03-13,March,Q1,2025,Thai Airways International,TG,Star Air,XX,USD,252,160170.00,9610.20,2795.00,135302.29,8118.16,2386.84,24867.71,1492.04,408.16,15.53,84.47
2025-03-13,March,Q1,2025,Air France,AF,Star Air,XX,USD,261,229890.00,13793.40,2595.00,195397.02,11723.79,2165.65,34492.98,2069.61,429.35,15.00,85.00
2025-03-13,March,Q1,2025,Qantas,QF,Star Air,XX,USD,256,199950.00,11997.00,2850.00,170075.16,10204.45,2459.76,29874.84,1792.55,390.24,14.94,85.06
2025-03-13,March,Q1,2025,Air Mauritius,MK,Star Air,XX,USD,264,160225.00,9613.50,1590.00,135795.15,8147.68,1366.03,24429.85,1465.82,223.97,15.25,84.75
2025-03-13,March,Q1,2025,PIA,PK,Star Air,XX,USD,238,68745.00,4124.70,1150.00,58104.43,3486.15,970.92,10640.57,638.55,179.08,15.48,84.52
2025-03-13,March,Q1,2025,American Airlines,AA,Star Air,XX,USD,266,270820.00,16249.20,4915.00,227945.87,13676.77,4149.83,42874.13,2572.43,765.17,15.83,84.17
2025-03-13,March,Q1,2025,Emirates,EK,Star Air,XX,USD,259,74265.00,4455.90,1055.00,63118.34,3787.04,894.44,11146.66,668.86,160.56,15.01,84.99
2025-03-13,March,Q1,2025,Air Canada,AC,Star Air,XX,USD,259,73810.00,4428.60,1060.00,62703.23,3762.28,882.41,11106.77,666.32,177.59,15.05,84.95
2025-04-07,April,Q2,2025,Qantas,QF,Star Air,XX,USD,469,225115.00,13506.90,3265.00,190790.44,11447.43,2780.33,34324.56,2059.47,484.67,15.25,84.75
2025-04-28,April,Q2,2025,Qantas,QF,Star Air,XX,USD,454,224855.00,13491.30,3240.00,190138.25,11408.26,2753.48,34716.75,2083.04,486.52,15.44,84.56
2025-04-28,April,Q2,2025,Siberia Airlines,S7,Star Air,XX,USD,1,1070.00,64.20,0.00,847.69,50.86,0.00,222.31,13.34,0.00,20.78,79.22
2025-04-07,April,Q2,2025,Jet Airways,9W,Star Air,XX,USD,236,68365.00,4101.90,1525.00,58247.95,3494.93,1270.77,10117.05,606.97,254.23,14.80,85.20
2025-04-28,April,Q2,2025,Jet Airways,9W,Star Air,XX,USD,239,70560.00,4233.60,1070.00,59705.63,3582.45,922.06,10854.37,651.15,147.94,15.38,84.62
2025-04-07,April,Q2,2025,Air Mauritius,MK,Star Air,XX,USD,253,178460.00,10707.60,4460.00,152347.55,9140.86,3797.22,26112.45,1566.74,662.78,14.63,85.37
2025-04-28,April,Q2,2025,Air Mauritius,MK,Star Air,XX,USD,239,168730.00,10123.80,2040.00,142726.78,8563.55,1742.91,26003.22,1560.25,297.09,15.41,84.59
2025-04-07,April,Q2,2025,Emirates,EK,Star Air,XX,USD,498,150705.00,9042.30,2370.00,127584.56,7654.97,1985.18,23120.44,1387.33,384.82,15.34,84.66
2025-04-07,April,Q2,2025,Air India,AI,Star Air,XX,USD,255,71150.00,4269.00,1040.00,60298.89,3668.57,902.57,10851.11,600.43,137.43,15.25,84.75
2025-04-28,April,Q2,2025,Air India,AI,Star Air,XX,USD,256,84725.00,5083.50,1395.00,71746.53,4039.06,1143.07,12978.47,1044.44,251.93,15.32,84.68
2025-09-18,September,Q3,2025,Qantas,QF,Star Air,XX,USD,717,541305.00,32478.30,8800.00,453809.38,27228.62,7337.29,87495.62,5249.68,1462.71,16.16,83.84
2025-09-18,September,Q3,2025,Thai Airways International,TG,Star Air,XX,USD,246,164920.00,9895.20,2535.00,140067.29,8404.03,2103.58,24852.71,1491.17,431.42,15.07,84.93
2025-09-18,September,Q3,2025,JetBlue,B6,Star Air,XX,USD,157,217815.00,13068.90,3385.00,182449.48,10946.96,2794.45,35365.53,2121.94,590.55,16.24,83.76
2025-09-18,September,Q3,2025,Air India,AI,Star Air,XX,USD,242,68605.00,4116.30,830.00,58445.48,3506.74,715.11,10159.52,609.56,114.89,14.81,85.19
2025-09-18,September,Q3,2025,Air Canada,AC,Star Air,XX,USD,263,74220.00,4453.20,1295.00,62467.19,3748.11,1084.22,11752.81,705.09,210.78,15.84,84.16
2025-12-24,December,Q4,2025,Thai Airways International,TG,Star Air,XX,USD,245,156150.00,9369.00,1085.00,130193.08,7811.61,1559.60,25956.92,1557.39,-474.60,16.62,83.38
2025-12-17,December,Q4,2025,Air India,AI,Star Air,XX,USD,228,67350.00,4041.00,11620.00,56668.59,3400.12,876.61,10681.41,640.88,10743.39,15.86,84.14
2025-12-17,December,Q4,2025,Qantas,QF,Star Air,XX,USD,987,1055780.00,63346.80,23530.00,891936.82,53516.22,13059.95,163843.18,9830.58,10470.05,15.52,84.48
2025-12-17,December,Q4,2025,Emirates,EK,Star Air,XX,USD,478,133545.00,8012.70,2665.00,112612.59,6756.59,1614.01,20932.41,1256.11,1050.99,15.67,84.33
2025-12-17,December,Q4,2025,British Airways,BA,Star Air,XX,USD,241,116450.00,6987.00,5610.00,97561.07,5853.61,1387.09,18888.93,1133.39,4222.91,16.22,83.78
2025-12-17,December,Q4,2025,Air Canada,AC,Star Air,XX,USD,254,73290.00,4397.40,1305.00,62350.44,3741.00,773.67,10939.56,656.40,531.33,14.93,85.07
2026-03-07,March,Q1,2026,Air India,AI,Star Air,XX,USD,219,72825.00,4369.50,1040.00,61206.45,3672.36,892.75,11618.55,697.14,147.25,15.95,84.05
2026-03-07,March,Q1,2026,Thai Airways International,TG,Star Air,XX,USD,250,154885.00,9293.10,2290.00,130391.03,7823.53,1929.63,24493.97,1469.57,360.37,15.81,84.19
2026-03-13,March,Q1,2026,JetBlue,B6,Star Air,XX,USD,245,337145.00,20228.70,4430.00,287925.61,17275.55,3772.85,49219.39,2953.15,657.15,14.60,85.40
2026-03-13,March,Q1,2026,Jet Airways,9W,Star Air,XX,USD,236,63145.00,3788.70,1090.00,53523.80,3211.41,953.26,9621.20,577.29,136.74,15.24,84.76
2026-03-13,March,Q1,2026,Thai Airways International,TG,Star Air,XX,USD,230,139065.00,8343.90,1650.00,117336.65,7040.23,1383.81,21728.35,1303.67,266.19,15.62,84.38
2026-03-07,March,Q1,2026,Qantas,QF,Star Air,XX,USD,963,901900.00,54114.00,10205.00,759222.53,45553.29,8536.19,142677.47,8560.71,1668.81,15.82,84.18
2026-03-13,March,Q1,2026,American Airlines,AA,Star Air,XX,USD,476,534575.00,32074.50,7475.00,450367.76,27022.07,6432.09,84207.24,5052.43,1042.91,15.75,84.25
2026-03-07,March,Q1,2026,PIA,PK,Star Air,XX,USD,216,65810.00,3948.60,885.00,55386.23,3323.25,744.93,10423.77,625.35,140.07,15.84,84.16
2026-03-13,March,Q1,2026,Air Mauritius,MK,Star Air,XX,USD,235,154145.00,9248.70,3060.00,131018.36,7861.06,2641.25,23126.64,1387.64,418.75,15.00,85.00
2026-03-13,March,Q1,2026,Qantas,QF,Star Air,XX,USD,476,469475.00,28168.50,7810.00,402007.01,24120.43,6823.49,67467.99,4048.07,986.51,14.37,85.63
2026-03-13,March,Q1,2026,Air Canada,AC,Star Air,XX,USD,210,62100.00,3726.00,800.00,52422.66,3145.31,651.42,9677.34,580.69,148.58,15.58,84.42
2026-03-07,March,Q1,2026,Emirates,EK,Star Air,XX,USD,480,135895.00,8153.70,1965.00,115630.97,6937.76,1676.54,20264.03,1215.94,288.46,14.91,85.09
2026-03-07,March,Q1,2026,British Airways,BA,Star Air,XX,USD,244,108990.00,6539.40,1615.00,92110.84,5526.62,1361.54,16879.16,1012.78,253.46,15.49,84.51
2026-03-13,March,Q1,2026,Emirates,EK,Star Air,XX,USD,243,69065.00,4143.90,855.00,58203.08,3492.16,741.28,10861.92,651.74,113.72,15.73,84.27
2025-11-14,November,Q4,2025,Thai Airways International,TG,Star Air,XX,USD,251,159670.00,9580.20,14260.00,137493.58,8249.65,2303.05,22176.42,1330.55,11956.95,13.89,86.11
2025-12-02,December,Q4,2025,Qantas,QF,Star Air,XX,USD,467,312485.00,18749.10,3105.00,266151.71,15969.09,3709.16,46333.29,2780.01,-604.16,14.83,85.17
2025-11-24,November,Q4,2025,Jet Airways,9W,Star Air,XX,USD,244,63705.00,3822.30,12340.00,53896.16,3233.76,813.53,9808.84,588.54,11526.47,15.40,84.60
2025-11-24,November,Q4,2025,Qantas,QF,Star Air,XX,USD,452,350635.00,21038.10,2365.00,296479.69,17788.70,2847.40,54155.31,3249.40,-482.40,15.44,84.56
2025-11-24,November,Q4,2025,Air Mauritius,MK,Star Air,XX,USD,243,152835.00,9170.10,19815.00,129686.81,7781.18,1919.86,23148.19,1388.92,17895.14,15.15,84.85
2025-12-02,December,Q4,2025,SIA,SQ,Star Air,XX,USD,244,103095.00,6185.70,1230.00,88220.45,5293.22,1442.45,14874.55,892.48,-212.45,14.43,85.57
2025-12-02,December,Q4,2025,PIA,PK,Star Air,XX,USD,254,75035.00,4502.10,515.00,63134.49,3788.00,983.80,11900.51,714.10,-468.80,15.86,84.14
2025-11-24,November,Q4,2025,Air India,AI,Star Air,XX,USD,250,70705.00,4242.30,425.00,59803.82,3588.20,682.07,10901.18,654.10,-257.07,15.42,84.58
2025-11-24,November,Q4,2025,Emirates,EK,Star Air,XX,USD,233,69020.00,4141.20,730.00,58154.55,3489.21,851.08,10865.45,651.99,-121.08,15.74,84.26
2025-12-02,December,Q4,2025,Air Mauritius,MK,Star Air,XX,USD,249,150920.00,9055.20,1170.00,128787.69,7727.28,1645.04,22132.31,1327.92,-475.04,14.66,85.34
2026-03-14,March,Q1,2026,Qantas,QF,Star Air,XX,USD,735,675350.00,40521.00,9940.00,568687.74,34121.19,8276.67,106662.26,6399.81,1663.33,15.79,84.21
2026-03-14,March,Q1,2026,Thai Airways International,TG,Star Air,XX,USD,257,165150.00,9909.00,2135.00,141094.48,8465.72,1806.48,24055.52,1443.28,328.52,14.57,85.43
2026-03-14,March,Q1,2026,PIA,PK,Star Air,XX,USD,230,73220.00,4393.20,790.00,62319.32,3739.11,676.55,10900.68,654.09,113.45,14.89,85.11
2025-12-24,December,Q4,2025,Qantas,QF,Star Air,XX,USD,722,578170.00,34690.20,17060.00,489309.39,29358.58,8149.77,88860.61,5331.62,8910.23,15.37,84.63
2025-12-24,December,Q4,2025,Air India,AI,Star Air,XX,USD,236,75660.00,4539.60,12460.00,64071.74,3844.38,1055.24,11588.26,695.22,11404.76,15.32,84.68
2025-11-26,November,Q4,2025,Air India,AI,Star Air,XX,USD,238,76540.00,4592.40,14405.00,65621.98,3937.36,1122.22,10918.02,655.04,13282.78,14.26,85.74
2025-11-26,November,Q4,2025,American Airlines,AA,Star Air,XX,USD,740,776295.00,46577.70,18200.00,660914.35,39654.89,8818.24,115380.65,6922.81,9381.76,14.86,85.14
2025-12-24,December,Q4,2025,British Airways,BA,Star Air,XX,USD,244,115905.00,6954.30,1225.00,97933.23,5876.01,1493.53,17971.77,1078.29,-268.53,15.51,84.49
2025-12-24,December,Q4,2025,Emirates,EK,Star Air,XX,USD,484,136445.00,8186.70,2360.00,115991.88,6959.48,1808.25,20453.12,1227.22,551.75,14.99,85.01
2025-12-24,December,Q4,2025,PIA,PK,Star Air,XX,USD,240,68650.00,4119.00,485.00,58620.35,3517.19,870.59,10029.65,601.81,-385.59,14.61,85.39
2025-11-26,November,Q4,2025,Emirates,EK,Star Air,XX,USD,477,140605.00,8436.30,2845.00,119252.32,7155.18,1821.08,21352.68,1281.12,1023.92,15.19,84.81
2025-12-24,December,Q4,2025,American Airlines,AA,Star Air,XX,USD,498,513905.00,30834.30,15230.00,439180.98,26350.90,5540.33,74724.02,4483.40,9689.67,14.54,85.46
2025-11-26,November,Q4,2025,British Airways,BA,Star Air,XX,USD,248,119925.00,7195.50,4945.00,101816.48,6109.09,1579.92,18108.52,1086.41,3365.08,15.10,84.90
2025-11-26,November,Q4,2025,Qantas,QF,Star Air,XX,USD,461,449285.00,26957.10,11780.00,378755.70,22725.33,5925.64,70529.30,4231.77,5854.36,15.70,84.30
2025-11-26,November,Q4,2025,Air Canada,AC,Star Air,XX,USD,240,77020.00,4621.20,1610.00,65392.55,3923.55,763.66,11627.45,697.65,846.34,15.10,84.90
2025-11-16,November,Q4,2025,Air France,AF,Star Air,XX,USD,239,192295.00,11537.70,7560.00,163637.46,9818.22,2556.68,28657.54,1719.48,5003.32,14.90,85.10
2025-10-03,October,Q4,2025,Air New Zealand,NZ,Star Air,XX,USD,258,90735.00,5444.10,1630.00,76378.20,4582.75,1043.01,14356.80,861.35,586.99,15.82,84.18
2025-10-03,October,Q4,2025,Qantas,QF,Star Air,XX,USD,770,434905.00,26094.30,13330.00,368002.53,22080.25,6366.85,66902.47,4014.05,6963.15,15.38,84.62
2025-10-03,October,Q4,2025,Jet Airways,9W,Star Air,XX,USD,259,72345.00,4340.70,745.00,60935.68,3656.15,952.18,11409.32,684.55,-207.18,15.77,84.23
2025-11-16,November,Q4,2025,Thai Airways International,TG,Star Air,XX,USD,253,163530.00,9811.80,11880.00,139162.07,8349.75,2027.63,24367.93,1462.05,9852.37,14.90,85.10
2025-11-16,November,Q4,2025,Blue Panorama,BV,Star Air,XX,USD,237,63160.00,3789.60,14605.00,53847.09,3230.86,1035.73,9312.91,558.74,13569.27,14.74,85.26
2025-11-16,November,Q4,2025,Qantas,QF,Star Air,XX,USD,479,334525.00,20071.50,7420.00,282628.57,16957.67,4343.71,51896.43,3113.83,3076.29,15.51,84.49
2025-11-12,November,Q4,2025,British Airways,BA,Star Air,XX,USD,482,231360.00,13881.60,5705.00,194472.38,11668.18,3348.93,36887.62,2213.42,2356.07,15.94,84.06
2025-10-03,October,Q4,2025,Air Canada,AC,Star Air,XX,USD,246,72130.00,4327.80,690.00,60258.13,3615.47,769.11,11871.87,712.33,-79.11,16.46,83.54
2025-11-12,November,Q4,2025,Emirates,EK,Star Air,XX,USD,477,143220.00,8593.20,3300.00,120728.23,7243.68,1947.15,22491.77,1349.52,1352.85,15.70,84.30
2025-11-16,November,Q4,2025,Emirates,EK,Star Air,XX,USD,485,142600.00,8556.00,2600.00,120838.61,7250.30,1771.60,21761.39,1305.70,828.40,15.26,84.74
2025-11-12,November,Q4,2025,Qantas,QF,Star Air,XX,USD,495,492660.00,29559.60,11415.00,415667.42,24940.10,5773.25,76992.59,4619.50,5641.75,15.63,84.37
2025-11-16,November,Q4,2025,JetBlue,B6,Star Air,XX,USD,238,316270.00,18976.20,7195.00,267263.85,16035.82,3845.51,49006.15,2940.38,3349.49,15.50,84.50
2025-10-03,October,Q4,2025,Emirates,EK,Star Air,XX,USD,230,70125.00,4207.50,1940.00,59082.36,3544.97,865.79,11042.64,662.53,1074.21,15.75,84.25
2026-01-17,January,Q1,2026,JetBlue,B6,Star Air,XX,USD,234,319580.00,19174.80,4785.00,268980.57,16138.75,4014.98,50599.43,3036.05,770.02,15.83,84.17
2026-02-25,February,Q1,2026,Thai Airways International,TG,Star Air,XX,USD,251,159970.00,9598.20,2255.00,135160.61,8109.63,1880.63,24809.39,1488.57,374.37,15.51,84.49
2026-02-25,February,Q1,2026,Qantas,QF,Star Air,XX,USD,729,619585.00,37175.10,10170.00,519960.66,31197.61,8537.65,99624.34,5977.49,1632.35,16.08,83.92
2026-03-11,March,Q1,2026,Qantas,QF,Star Air,XX,USD,501,451770.00,27106.20,6005.00,383266.54,22996.04,5193.66,68503.46,4110.16,811.34,15.16,84.84
2026-01-17,January,Q1,2026,Air India,AI,Star Air,XX,USD,242,71250.00,4275.00,1015.00,59974.69,3598.56,877.56,11275.31,676.44,137.44,15.82,84.18
2026-01-17,January,Q1,2026,Jet Airways,9W,Star Air,XX,USD,487,129325.00,7759.50,2075.00,109430.81,6565.90,1805.09,19894.19,1193.60,269.91,15.38,84.62
2026-02-25,February,Q1,2026,British Airways,BA,Star Air,XX,USD,235,127785.00,7667.10,2445.00,106557.92,6393.35,2070.39,21227.08,1273.75,374.61,16.61,83.39
2026-02-25,February,Q1,2026,Air India,AI,Star Air,XX,USD,235,78710.00,4722.60,1055.00,66515.65,3991.03,902.50,12194.35,731.57,152.50,15.49,84.51
2026-01-17,January,Q1,2026,American Airlines,AA,Star Air,XX,USD,238,248425.00,14905.50,3740.00,207437.72,12446.34,3080.48,40987.28,2459.16,659.52,16.50,83.50
2026-01-17,January,Q1,2026,Air Mauritius,MK,Star Air,XX,USD,251,153595.00,9215.70,1755.00,130182.92,7811.02,1504.93,23412.08,1404.68,250.07,15.24,84.76
2026-01-17,January,Q1,2026,Qantas,QF,Star Air,XX,USD,238,184740.00,11084.40,3095.00,157211.30,9432.68,2669.68,27528.70,1651.72,425.32,14.90,85.10
2026-02-25,February,Q1,2026,PIA,PK,Star Air,XX,USD,262,71040.00,4262.40,885.00,60382.59,3623.00,731.75,10657.41,639.40,153.25,15.00,85.00
2026-02-25,February,Q1,2026,American Airlines,AA,Star Air,XX,USD,249,272320.00,16339.20,4285.00,231687.79,13901.26,3583.06,40632.21,2437.94,701.94,14.92,85.08
2026-03-11,March,Q1,2026,Air Canada,AC,Star Air,XX,USD,245,66850.00,4011.00,975.00,56952.37,3417.17,799.20,9897.63,593.83,175.80,14.81,85.19
2026-03-11,March,Q1,2026,Emirates,EK,Star Air,XX,USD,244,68770.00,4126.20,1125.00,58120.84,3487.26,960.91,10649.16,638.94,164.09,15.49,84.51
2026-01-17,January,Q1,2026,SIA,SQ,Star Air,XX,USD,243,91000.00,5460.00,1365.00,77370.84,4642.23,1154.03,13629.16,817.77,210.97,14.98,85.02
2026-03-11,March,Q1,2026,Air Mauritius,MK,Star Air,XX,USD,246,151250.00,9075.00,2375.00,127816.75,7669.02,2000.68,23433.25,1405.98,374.32,15.49,84.51
2026-03-11,March,Q1,2026,Blue Panorama,BV,Star Air,XX,USD,245,65145.00,3908.70,910.00,55145.56,3308.75,783.49,9999.44,599.95,126.51,15.35,84.65
2026-01-17,January,Q1,2026,Emirates,EK,Star Air,XX,USD,237,65465.00,3927.90,1480.00,55190.74,3311.40,1229.17,10274.26,616.50,250.83,15.69,84.31
2026-02-25,February,Q1,2026,Air Canada,AC,Star Air,XX,USD,240,66545.00,3992.70,1080.00,56088.27,3365.36,924.50,10456.73,627.34,155.50,15.71,84.29
2026-02-25,February,Q1,2026,Emirates,EK,Star Air,XX,USD,246,75375.00,4522.50,1355.00,63228.29,3793.69,1181.60,12146.71,728.81,173.40,16.12,83.88
2025-01-14,January,Q1,2025,Air New Zealand,NZ,Star Air,XX,USD,244,76165.00,4569.90,940.00,64483.63,3868.96,787.28,11681.37,700.94,152.72,15.34,84.66
2025-01-14,January,Q1,2025,JetBlue,B6,Star Air,XX,USD,254,331755.00,19905.30,5315.00,278996.12,16739.81,4481.17,52758.88,3165.49,833.83,15.90,84.10
2025-03-01,March,Q1,2025,Jet Airways,9W,Star Air,XX,USD,496,138245.00,8294.70,2010.00,116746.68,7004.82,1712.14,21498.32,1289.88,297.86,15.55,84.45
2025-01-14,January,Q1,2025,Vietnam Airlines,VN,Star Air,XX,USD,1,665.00,39.90,65.00,612.87,36.77,61.29,52.13,3.13,3.71,7.84,92.16
2025-01-14,January,Q1,2025,Qantas,QF,Star Air,XX,USD,511,286715.00,17202.90,4320.00,243260.07,14595.60,3723.93,43454.93,2607.30,596.07,15.16,84.84
2025-03-01,March,Q1,2025,British Airways,BA,Star Air,XX,USD,244,115640.00,6938.40,1740.00,98340.62,5900.45,1464.94,17299.38,1037.95,275.06,14.96,85.04
2025-03-01,March,Q1,2025,Emirates,EK,Star Air,XX,USD,748,215655.00,12939.30,2840.00,182130.68,10927.80,2399.58,33524.32,2011.50,440.42,15.55,84.45
2025-03-01,March,Q1,2025,Air Canada,AC,Star Air,XX,USD,255,72740.00,4364.40,825.00,61279.35,3676.69,674.31,11460.65,687.71,150.69,15.76,84.24
2025-03-01,March,Q1,2025,Qantas,QF,Star Air,XX,USD,256,200570.00,12034.20,2870.00,169656.93,10179.46,2356.31,30913.07,1854.74,513.69,15.41,84.59
2025-03-01,March,Q1,2025,American Airlines,AA,Star Air,XX,USD,268,273715.00,16422.90,4810.00,230578.27,13834.74,3950.88,43136.73,2588.16,859.12,15.76,84.24
2025-03-01,March,Q1,2025,Air Mauritius,MK,Star Air,XX,USD,253,153680.00,9220.80,1645.00,130200.26,7812.17,1412.11,23479.74,1408.63,232.89,15.28,84.72
2025-01-14,January,Q1,2025,Air Mauritius,MK,Star Air,XX,USD,231,143090.00,8585.40,2260.00,121416.68,7284.98,1882.73,21673.32,1300.42,377.27,15.15,84.85
2025-01-14,January,Q1,2025,Emirates,EK,Star Air,XX,USD,515,143995.00,8639.70,2295.00,122307.45,7338.28,1943.00,21687.55,1301.42,352.00,15.06,84.94
2025-06-17,June,Q2,2025,Air New Zealand,NZ,Star Air,XX,USD,485,287645.00,17258.70,5220.00,243955.48,14637.41,4522.06,43689.52,2621.29,697.94,15.19,84.81
2025-06-17,June,Q2,2025,Qantas,QF,Star Air,XX,USD,222,138625.00,8317.50,2050.00,117365.84,7041.99,1742.02,21259.16,1275.51,307.98,15.34,84.66
2025-06-30,June,Q2,2025,Qantas,QF,Star Air,XX,USD,246,146995.00,8819.70,2230.00,124629.48,7477.87,1919.22,22365.52,1341.83,310.78,15.22,84.78
2025-06-17,June,Q2,2025,Air India,AI,Star Air,XX,USD,232,82145.00,4928.70,1040.00,69403.13,4164.13,881.46,12741.87,764.57,158.54,15.51,84.49
2025-06-30,June,Q2,2025,Jet Airways,9W,Star Air,XX,USD,248,70905.00,4254.30,875.00,60412.61,3624.81,736.39,10492.39,629.49,138.61,14.80,85.20
2025-06-30,June,Q2,2025,Emirates,EK,Star Air,XX,USD,486,157540.00,9452.40,2245.00,132037.74,7922.19,1884.08,25502.27,1530.21,360.92,16.19,83.81
2025-06-17,June,Q2,2025,SIA,SQ,Star Air,XX,USD,246,125875.00,7552.50,1845.00,107100.06,6426.06,1584.71,18774.94,1126.44,260.29,14.92,85.08
2025-06-17,June,Q2,2025,PIA,PK,Star Air,XX,USD,257,78815.00,4728.90,1225.00,66476.13,4062.22,1029.03,12338.87,666.68,195.97,15.66,84.34
2025-06-30,June,Q2,2025,Air India,AI,Star Air,XX,USD,257,78480.00,4708.80,1270.00,67184.05,4079.32,1086.39,11295.95,629.48,183.61,14.39,85.61
2025-08-15,August,Q3,2025,Air New Zealand,NZ,Star Air,XX,USD,494,278230.00,16693.80,3625.00,235783.71,14147.11,3077.68,42446.29,2546.69,547.32,15.26,84.74
2025-06-17,June,Q2,2025,Air Canada,AC,Star Air,XX,USD,256,77870.00,4672.20,1150.00,65094.42,3905.74,967.40,12775.58,766.46,182.60,16.41,83.59
2025-07-10,July,Q3,2025,Thai Airways International,TG,Star Air,XX,USD,257,175190.00,10511.40,1930.00,148024.92,8881.55,1646.48,27165.08,1629.85,283.52,15.51,84.49
2025-08-15,August,Q3,2025,Qantas,QF,Star Air,XX,USD,749,438590.00,26315.40,6835.00,370863.59,22251.88,5939.47,67726.42,4063.52,895.53,15.44,84.56
2025-09-24,September,Q3,2025,Thai Airways International,TG,Star Air,XX,USD,249,156010.00,9360.60,2550.00,131976.52,7918.61,2158.34,24033.48,1441.99,391.66,15.41,84.59
2025-09-24,September,Q3,2025,Qantas,QF,Star Air,XX,USD,756,692865.00,41571.90,10480.00,588704.97,35322.33,9027.95,104160.03,6249.57,1452.05,15.03,84.97
2025-08-15,August,Q3,2025,Thai Airways International,TG,Star Air,XX,USD,242,159585.00,9575.10,2370.00,135438.17,8126.31,2009.69,24146.83,1448.79,360.31,15.13,84.87
2025-09-24,September,Q3,2025,Air India,AI,Star Air,XX,USD,230,76245.00,4574.70,1255.00,64114.84,3846.94,1058.96,12130.16,727.76,196.04,15.91,84.09
2025-09-24,September,Q3,2025,American Airlines,AA,Star Air,XX,USD,254,296950.00,17817.00,4070.00,252542.83,15152.53,3493.25,44407.17,2664.47,576.75,14.95,85.05
2025-07-10,July,Q3,2025,Qantas,QF,Star Air,XX,USD,499,556025.00,33361.50,8225.00,468686.40,28121.16,6825.71,87338.60,5240.34,1399.29,15.71,84.29
2025-07-10,July,Q3,2025,Air India,AI,Star Air,XX,USD,250,75080.00,4504.80,1205.00,63131.91,3787.88,999.21,11948.09,716.92,205.79,15.91,84.09
2025-07-10,July,Q3,2025,Blue Panorama,BV,Star Air,XX,USD,252,73825.00,4429.50,1250.00,62419.57,3745.16,1065.52,11405.43,684.34,184.48,15.45,84.55
2025-09-24,September,Q3,2025,Emirates,EK,Star Air,XX,USD,248,78350.00,4701.00,1275.00,65945.92,3956.77,1124.72,12404.08,744.23,150.28,15.83,84.17
2025-09-24,September,Q3,2025,PIA,PK,Star Air,XX,USD,259,80170.00,4810.20,1220.00,67883.28,4073.06,1047.22,12286.72,737.14,172.78,15.33,84.67
2025-07-10,July,Q3,2025,Air Mauritius,MK,Star Air,XX,USD,252,166805.00,10008.30,2245.00,141626.72,8497.53,1865.83,25178.28,1510.77,379.17,15.09,84.91
2025-08-15,August,Q3,2025,Emirates,EK,Star Air,XX,USD,222,70410.00,4224.60,1170.00,59871.08,3592.28,969.25,10538.92,632.32,200.75,14.97,85.03
2025-07-10,July,Q3,2025,American Airlines,AA,Star Air,XX,USD,273,308120.00,18487.20,4645.00,260532.50,15632.01,3872.82,47587.50,2855.19,772.18,15.44,84.56
2025-07-10,July,Q3,2025,Emirates,EK,Star Air,XX,USD,250,81630.00,4897.80,1030.00,68943.56,4136.56,860.20,12686.44,761.24,169.80,15.54,84.46
2025-07-10,July,Q3,2025,Air Canada,AC,Star Air,XX,USD,252,76100.00,4566.00,935.00,64504.56,3870.26,817.84,11595.44,695.74,117.16,15.24,84.76
2025-10-03,October,Q4,2025,Siberia Airlines,S7,Star Air,XX,USD,1,520.00,31.20,0.00,464.27,27.86,0.00,55.73,3.34,0.00,10.72,89.28
2025-11-12,November,Q4,2025,Thai Airways International,TG,Star Air,XX,USD,245,147230.00,8833.80,1330.00,125333.60,7520.09,1744.85,21896.40,1313.71,-414.85,14.87,85.13
2025-12-29,December,Q4,2025,Qantas,QF,Star Air,XX,USD,727,599125.00,35947.50,4640.00,505117.93,30307.12,5644.04,94007.07,5640.38,-1004.04,15.69,84.31
2025-12-29,December,Q4,2025,Jet Airways,9W,Star Air,XX,USD,251,67270.00,4036.20,10315.00,57183.22,3430.96,868.86,10086.78,605.24,9446.14,14.99,85.01
2025-10-11,October,Q4,2025,Air Mauritius,MK,Star Air,XX,USD,220,147385.00,8843.10,20350.00,125744.91,7544.75,3058.95,21640.09,1298.35,17291.05,14.68,85.32
2025-10-11,October,Q4,2025,British Airways,BA,Star Air,XX,USD,246,151135.00,9068.10,945.00,128416.42,7704.97,1348.74,22718.58,1363.13,-403.74,15.03,84.97
2025-10-11,October,Q4,2025,Air Canada,AC,Star Air,XX,USD,242,68295.00,4097.70,745.00,57458.52,3447.50,944.06,10836.48,650.20,-199.06,15.87,84.13
2025-10-11,October,Q4,2025,Emirates,EK,Star Air,XX,USD,458,137610.00,8256.60,2960.00,115894.52,6953.65,1943.31,21715.48,1302.95,1016.69,15.78,84.22
2025-12-29,December,Q4,2025,Emirates,EK,Star Air,XX,USD,493,143505.00,8610.30,1385.00,120681.91,7240.93,1845.95,22823.09,1369.37,-460.95,15.90,84.10
2025-10-11,October,Q4,2025,American Airlines,AA,Star Air,XX,USD,253,312655.00,18759.30,9240.00,266862.34,16011.76,4366.85,45792.66,2747.54,4873.15,14.65,85.35
2025-10-11,October,Q4,2025,Vietnam Airlines,VN,Star Air,XX,USD,1,815.00,48.90,0.00,618.66,37.12,0.00,196.34,11.78,0.00,24.09,75.91
2026-01-21,January,Q1,2026,Thai Airways International,TG,Star Air,XX,USD,249,161650.00,9699.00,2210.00,136858.45,8211.58,1854.79,24791.55,1487.42,355.21,15.34,84.66
2026-03-03,March,Q1,2026,Qantas,QF,Star Air,XX,USD,492,313585.00,18815.10,4735.00,263869.57,15832.19,3930.10,49715.43,2982.91,804.90,15.85,84.15
2026-01-21,January,Q1,2026,Qantas,QF,Star Air,XX,USD,958,890330.00,53419.80,12810.00,751045.24,45062.71,10816.53,139284.76,8357.09,1993.47,15.64,84.36
2026-01-12,January,Q1,2026,Qantas,QF,Star Air,XX,USD,721,355545.00,21332.70,5355.00,298437.05,17906.27,4484.92,57107.95,3426.43,870.08,16.06,83.94
2026-02-21,February,Q1,2026,Air India,AI,Star Air,XX,USD,252,78515.00,4710.90,1185.00,66600.42,3996.06,992.46,11914.58,714.84,192.54,15.17,84.83
2026-02-21,February,Q1,2026,PIA,PK,Star Air,XX,USD,215,59645.00,3578.70,835.00,50553.82,3033.27,710.31,9091.18,545.43,124.69,15.24,84.76
2026-02-21,February,Q1,2026,Jet Airways,9W,Star Air,XX,USD,248,66640.00,3998.40,740.00,55817.78,3349.03,638.95,10822.22,649.37,101.05,16.24,83.76
2026-03-03,March,Q1,2026,British Airways,BA,Star Air,XX,USD,482,215715.00,12942.90,3615.00,181897.50,10913.90,3012.24,33817.50,2029.00,602.76,15.68,84.32
2026-01-21,January,Q1,2026,American Airlines,AA,Star Air,XX,USD,213,220465.00,13227.90,3805.00,187703.03,11262.25,3315.30,32761.97,1965.65,489.70,14.86,85.14
2026-02-21,February,Q1,2026,British Airways,BA,Star Air,XX,USD,236,113165.00,6789.90,1890.00,95023.53,5701.33,1636.28,18141.47,1088.57,253.72,16.03,83.97
2026-01-21,January,Q1,2026,Air India,AI,Star Air,XX,USD,237,72135.00,4328.10,785.00,61644.04,3698.69,680.97,10490.97,629.41,104.03,14.54,85.46
2026-02-21,February,Q1,2026,American Airlines,AA,Star Air,XX,USD,465,453930.00,27235.80,6425.00,383975.62,23038.56,5437.08,69954.38,4197.24,987.92,15.41,84.59
2026-01-12,January,Q1,2026,Jet Airways,9W,Star Air,XX,USD,240,61785.00,3707.10,960.00,52634.95,3158.09,837.67,9150.05,549.01,122.33,14.81,85.19
2026-02-21,February,Q1,2026,Air Mauritius,MK,Star Air,XX,USD,238,145605.00,8736.30,2720.00,123604.19,7416.21,2328.96,22000.81,1320.09,391.04,15.11,84.89
2026-02-21,February,Q1,2026,Qantas,QF,Star Air,XX,USD,481,481310.00,28878.60,6085.00,410285.33,24617.11,5017.16,71024.67,4261.49,1067.84,14.76,85.24
2026-01-12,January,Q1,2026,Emirates,EK,Star Air,XX,USD,244,68950.00,4137.00,870.00,57800.42,3468.03,703.15,11149.58,668.97,166.85,16.17,83.83
2026-03-03,March,Q1,2026,Emirates,EK,Star Air,XX,USD,481,139325.00,8359.50,1835.00,117279.06,7036.58,1531.24,22045.94,1322.92,303.76,15.82,84.18
2026-03-03,March,Q1,2026,American Airlines,AA,Star Air,XX,USD,263,291000.00,17460.00,4355.00,245681.06,14740.85,3701.04,45318.94,2719.15,653.96,15.57,84.43
2026-02-21,February,Q1,2026,Air Canada,AC,Star Air,XX,USD,210,56075.00,3364.50,695.00,47706.52,2862.33,608.84,8368.48,502.17,86.16,14.92,85.08
2026-03-03,March,Q1,2026,PIA,PK,Star Air,XX,USD,257,73450.00,4407.00,1115.00,62803.58,3768.22,997.95,10646.42,638.78,117.05,14.49,85.51
2026-01-21,January,Q1,2026,British Airways,BA,Star Air,XX,USD,250,130755.00,7845.30,2425.00,110936.02,6656.12,2022.52,19818.98,1189.18,402.48,15.16,84.84
2026-02-21,February,Q1,2026,SIA,SQ,Star Air,XX,USD,266,120160.00,7209.60,2485.00,102192.65,6131.44,2057.17,17967.35,1078.16,427.83,14.95,85.05
2026-03-03,March,Q1,2026,Air Canada,AC,Star Air,XX,USD,251,69435.00,4166.10,1510.00,58615.10,3516.91,1298.97,10819.90,649.19,211.03,15.58,84.42
2026-01-21,January,Q1,2026,Air Canada,AC,Star Air,XX,USD,247,68115.00,4086.90,900.00,58123.15,3487.43,747.20,9991.85,599.47,152.80,14.67,85.33
2026-01-21,January,Q1,2026,Emirates,EK,Star Air,XX,USD,249,67655.00,4059.30,1210.00,57377.39,3442.64,995.05,10277.61,616.66,214.95,15.19,84.81
2026-02-21,February,Q1,2026,Emirates,EK,Star Air,XX,USD,264,76215.00,4572.90,1150.00,64980.43,3898.85,1019.82,11234.57,674.05,130.18,14.74,85.26
2025-03-08,March,Q1,2025,Jet Airways,9W,Star Air,XX,USD,504,144690.00,8681.40,2770.00,122827.54,7369.67,2366.81,21862.46,1311.73,403.19,15.11,84.89
2025-03-08,March,Q1,2025,PIA,PK,Star Air,XX,USD,201,59570.00,3574.20,1100.00,50603.34,3036.19,934.45,8966.66,538.01,165.55,15.05,84.95
2025-03-08,March,Q1,2025,Thai Airways International,TG,Star Air,XX,USD,263,162065.00,9723.90,2270.00,137375.90,8242.59,1920.58,24689.10,1481.31,349.42,15.23,84.77
2025-03-08,March,Q1,2025,Air India,AI,Star Air,XX,USD,258,80105.00,4806.30,1265.00,68184.45,4091.07,1110.59,11920.55,715.23,154.41,14.88,85.12
2025-03-08,March,Q1,2025,British Airways,BA,Star Air,XX,USD,239,115190.00,6911.40,2065.00,97169.16,5830.11,1773.99,18020.84,1081.29,291.01,15.64,84.36
2025-03-08,March,Q1,2025,Qantas,QF,Star Air,XX,USD,247,294345.00,17660.70,4740.00,251995.55,15119.64,4051.74,42349.45,2541.06,688.26,14.39,85.61
2025-03-08,March,Q1,2025,Emirates,EK,Star Air,XX,USD,506,143060.00,8583.60,1715.00,120857.19,7251.44,1448.77,22202.81,1332.16,266.23,15.52,84.48
2025-03-08,March,Q1,2025,Air Canada,AC,Star Air,XX,USD,189,51155.00,3069.30,920.00,43352.15,2601.17,787.16,7802.85,468.13,132.84,15.25,84.75
2025-03-08,March,Q1,2025,SIA,SQ,Star Air,XX,USD,245,93680.00,5620.80,1405.00,79876.82,4792.59,1207.00,13803.18,828.21,198.00,14.73,85.27
2025-05-17,May,Q2,2025,Thai Airways International,TG,Star Air,XX,USD,253,179325.00,10759.50,2460.00,152279.56,9136.76,2061.77,27045.44,1622.74,398.23,15.08,84.92
2025-05-17,May,Q2,2025,PIA,PK,Star Air,XX,USD,250,84360.00,5061.60,980.00,72055.60,4323.36,822.89,12304.40,738.24,157.11,14.59,85.41
2025-05-17,May,Q2,2025,American Airlines,AA,Star Air,XX,USD,508,600550.00,36033.00,10530.00,507331.19,30439.72,8892.90,93218.81,5593.28,1637.10,15.52,84.48
2025-05-17,May,Q2,2025,British Airways,BA,Star Air,XX,USD,250,126590.00,7595.40,2060.00,107183.68,6431.05,1778.69,19406.32,1164.35,281.31,15.33,84.67
2025-05-17,May,Q2,2025,Emirates,EK,Star Air,XX,USD,708,234115.00,14046.90,3670.00,197272.87,11836.27,3125.57,36842.13,2210.63,544.43,15.74,84.26
2025-05-17,May,Q2,2025,SIA,SQ,Star Air,XX,USD,254,123545.00,7412.70,2045.00,102981.38,5961.12,1681.69,20563.62,1451.58,363.31,16.64,83.36
2025-05-17,May,Q2,2025,Qantas,QF,Star Air,XX,USD,233,293305.00,17598.30,5430.00,248580.28,14330.93,4456.37,44724.72,3267.37,973.63,15.25,84.75
2025-07-22,July,Q3,2025,Air New Zealand,NZ,Star Air,XX,USD,245,190335.00,11420.10,2505.00,162211.81,9732.70,2099.76,28123.19,1687.40,405.24,14.78,85.22
2025-07-15,July,Q3,2025,JetBlue,B6,Star Air,XX,USD,250,379405.00,22764.30,4925.00,319869.63,19192.17,4274.23,59535.37,3572.13,650.77,15.69,84.31
2025-07-14,July,Q3,2025,Jet Airways,9W,Star Air,XX,USD,242,72970.00,4378.20,740.00,61491.09,3689.49,634.36,11478.91,688.71,105.64,15.73,84.27
2025-09-22,September,Q3,2025,Jet Airways,9W,Star Air,XX,USD,253,74385.00,4463.10,895.00,63311.73,3798.76,783.64,11073.27,664.34,111.36,14.89,85.11
2025-07-14,July,Q3,2025,Qantas,QF,Star Air,XX,USD,475,481925.00,28915.50,7115.00,410776.77,24646.62,6121.27,71148.23,4268.88,993.73,14.76,85.24
2025-07-15,July,Q3,2025,Qantas,QF,Star Air,XX,USD,732,522690.00,31361.40,7225.00,441029.99,26461.93,6187.35,81660.01,4899.47,1037.65,15.62,84.38
2025-07-15,July,Q3,2025,Air India,AI,Star Air,XX,USD,233,84600.00,5076.00,1190.00,71498.74,4289.89,1001.26,13101.26,786.11,188.74,15.49,84.51
2025-07-22,July,Q3,2025,Qantas,QF,Star Air,XX,USD,248,146905.00,8814.30,1735.00,124100.60,7446.14,1447.77,22804.40,1368.16,287.23,15.52,84.48
2025-07-15,July,Q3,2025,Air New Zealand,NZ,Star Air,XX,USD,241,81770.00,4906.20,1315.00,69330.50,4159.80,1106.16,12439.50,746.40,208.84,15.21,84.79
2025-07-15,July,Q3,2025,SIA,SQ,Star Air,XX,USD,497,224040.00,13442.40,3325.00,189970.73,11398.25,2864.13,34069.27,2044.15,460.87,15.21,84.79
2025-07-14,July,Q3,2025,Air Mauritius,MK,Star Air,XX,USD,246,165765.00,9945.90,2570.00,140340.15,8420.44,2186.29,25424.85,1525.46,383.71,15.34,84.66
2025-09-22,September,Q3,2025,Air Mauritius,MK,Star Air,XX,USD,232,149725.00,8983.50,2540.00,126792.29,7607.50,2125.64,22932.71,1376.00,414.36,15.32,84.68
2025-07-22,July,Q3,2025,Emirates,EK,Star Air,XX,USD,494,153660.00,9219.60,1895.00,130413.22,7824.76,1620.43,23246.78,1394.84,274.57,15.13,84.87
2025-07-15,July,Q3,2025,Vietnam Airlines,VN,Star Air,XX,USD,1,120.00,7.20,0.00,91.19,5.47,0.00,28.81,1.73,0.00,24.01,75.99
2025-07-14,July,Q3,2025,Air India,AI,Star Air,XX,USD,260,82095.00,4925.70,1280.00,69948.48,4196.99,1099.82,12146.52,728.71,180.18,14.80,85.20
2025-09-22,September,Q3,2025,Air India,AI,Star Air,XX,USD,257,79380.00,4762.80,820.00,67184.93,4031.06,694.22,12195.07,731.74,125.78,15.36,84.64
2025-07-15,July,Q3,2025,PIA,PK,Star Air,XX,USD,259,85055.00,5103.30,960.00,71656.60,4299.41,817.08,13398.40,803.89,142.92,15.75,84.25
2025-07-22,July,Q3,2025,Vietnam Airlines,VN,Star Air,XX,USD,2,575.00,34.50,0.00,481.72,28.91,0.00,93.28,5.59,0.00,16.22,83.78
2025-07-22,July,Q3,2025,Air Mauritius,MK,Star Air,XX,USD,215,152650.00,9159.00,2330.00,129482.35,7768.98,2067.91,23167.65,1390.02,262.09,15.18,84.82
2025-07-22,July,Q3,2025,SIA,SQ,Star Air,XX,USD,232,105105.00,6306.30,1455.00,88156.91,5289.40,1211.13,16948.09,1016.90,243.87,16.12,83.88
2025-10-11,October,Q4,2025,Air India,AI,Star Air,XX,USD,259,87700.00,5262.00,640.00,73974.49,4438.57,937.44,13725.51,823.43,-297.44,15.65,84.35
2025-10-11,October,Q4,2025,Jet Airways,9W,Star Air,XX,USD,259,69945.00,4196.70,510.00,59511.91,3570.71,801.94,10433.09,625.99,-291.94,14.92,85.08
2025-12-23,December,Q4,2025,Jet Airways,9W,Star Air,XX,USD,478,135605.00,8136.30,10535.00,113835.47,6830.13,1630.74,21769.53,1306.17,8904.26,16.05,83.95
2025-11-27,November,Q4,2025,Qantas,QF,Star Air,XX,USD,709,594555.00,35673.30,13910.00,505026.23,30301.45,8589.12,89528.77,5371.85,5320.88,15.06,84.94
2025-12-23,December,Q4,2025,Air New Zealand,NZ,Star Air,XX,USD,261,181515.00,10890.90,1645.00,152300.30,9138.01,2105.45,29214.70,1752.89,-460.45,16.09,83.91
2025-11-27,November,Q4,2025,Air France,AF,Star Air,XX,USD,240,222720.00,13363.20,1640.00,193151.61,11589.15,2202.77,29568.39,1774.05,-562.77,13.28,86.72
2025-11-27,November,Q4,2025,Air India,AI,Star Air,XX,USD,242,64230.00,3853.80,6000.00,54679.24,3280.74,588.49,9550.76,573.06,5411.51,14.87,85.13
2025-12-23,December,Q4,2025,Qantas,QF,Star Air,XX,USD,492,331720.00,19903.20,4535.00,282392.03,16943.51,5060.66,49327.97,2959.69,-525.66,14.87,85.13
2025-11-27,November,Q4,2025,Blue Panorama,BV,Star Air,XX,USD,248,65115.00,3906.90,410.00,55088.31,3305.27,726.79,10026.69,601.63,-316.79,15.40,84.60
2025-12-23,December,Q4,2025,Emirates,EK,Star Air,XX,USD,476,134980.00,8098.80,1130.00,113155.18,6789.31,1400.51,21824.82,1309.49,-270.51,16.17,83.83
2025-12-23,December,Q4,2025,PIA,PK,Star Air,XX,USD,238,62620.00,3757.20,420.00,53357.31,3201.46,722.27,9262.69,555.74,-302.27,14.79,85.21
2025-12-23,December,Q4,2025,Air Mauritius,MK,Star Air,XX,USD,244,145860.00,8751.60,1080.00,122814.30,7368.83,1672.69,23045.70,1382.77,-592.69,15.80,84.20
2025-11-27,November,Q4,2025,Air Mauritius,MK,Star Air,XX,USD,226,133755.00,8025.30,1515.00,114078.13,6844.58,2040.54,19676.87,1180.72,-525.54,14.71,85.29
2025-12-23,December,Q4,2025,Air Canada,AC,Star Air,XX,USD,256,71585.00,4295.10,1615.00,61428.17,3685.65,764.16,10156.83,609.45,850.84,14.19,85.81
2025-12-01,December,Q4,2025,Air India,AI,Star Air,XX,USD,258,65430.00,3925.80,480.00,55357.27,3321.40,805.10,10072.73,604.40,-325.10,15.39,84.61
2025-11-27,November,Q4,2025,American Airlines,AA,Star Air,XX,USD,244,293105.00,17586.30,8520.00,247053.48,14823.20,2740.67,46051.52,2763.10,5779.33,15.71,84.29
2025-11-27,November,Q4,2025,Air Canada,AC,Star Air,XX,USD,251,71100.00,4266.00,2005.00,59973.31,3598.40,900.04,11126.69,667.60,1104.96,15.65,84.35
2025-11-27,November,Q4,2025,Emirates,EK,Star Air,XX,USD,256,69040.00,4142.40,1955.00,58740.78,3524.44,885.55,10299.22,617.96,1069.45,14.92,85.08
2025-12-23,December,Q4,2025,Siberia Airlines,S7,Star Air,XX,USD,1,450.00,27.00,0.00,368.69,22.12,0.00,81.31,4.88,0.00,18.07,81.93
2025-10-31,October,Q4,2025,Qantas,QF,Star Air,XX,USD,479,341350.00,20481.00,11515.00,289885.38,17393.16,5716.17,51464.63,3087.84,5798.83,15.08,84.92
2025-10-31,October,Q4,2025,Air New Zealand,NZ,Star Air,XX,USD,256,80260.00,4815.60,1975.00,68652.26,4119.09,1228.30,11607.74,696.51,746.70,14.46,85.54
2025-10-31,October,Q4,2025,PIA,PK,Star Air,XX,USD,245,73155.00,4389.30,38610.00,62465.38,3747.93,826.73,10689.62,641.37,37783.27,14.61,85.39
2026-02-03,February,Q1,2026,Air New Zealand,NZ,Star Air,XX,USD,465,239240.00,14354.40,5065.00,201412.43,12084.71,4389.53,37827.58,2269.69,675.47,15.81,84.19
2026-02-26,February,Q1,2026,Thai Airways International,TG,Star Air,XX,USD,249,165340.00,9920.40,3570.00,139018.32,8341.03,2970.82,26321.69,1579.37,599.18,15.92,84.08
2026-03-21,March,Q1,2026,Qantas,QF,Star Air,XX,USD,965,700100.00,42006.00,10775.00,598202.13,35892.28,9232.41,101897.87,6113.72,1542.59,14.55,85.45
2026-03-21,March,Q1,2026,PIA,PK,Star Air,XX,USD,248,71835.00,4310.10,930.00,60284.91,3617.11,791.32,11550.09,692.99,138.68,16.08,83.92
2026-03-21,March,Q1,2026,Thai Airways International,TG,Star Air,XX,USD,247,160150.00,9609.00,3155.00,135455.45,8127.36,2692.56,24694.55,1481.64,462.44,15.42,84.58
2026-03-21,March,Q1,2026,American Airlines,AA,Star Air,XX,USD,471,516390.00,30983.40,7315.00,433232.06,25993.94,6135.40,83157.94,4989.46,1179.60,16.10,83.90
2026-02-03,February,Q1,2026,JetBlue,B6,Star Air,XX,USD,251,336205.00,20172.30,4530.00,281905.95,16914.35,3851.60,54299.05,3257.95,678.40,16.15,83.85
2026-02-03,February,Q1,2026,Air India,AI,Star Air,XX,USD,243,71635.00,4298.10,845.00,60817.28,3649.07,739.04,10817.72,649.03,105.96,15.10,84.90
2026-02-26,February,Q1,2026,JetBlue,B6,Star Air,XX,USD,244,326455.00,19587.30,4565.00,277369.27,16642.11,3801.91,49085.73,2945.19,763.09,15.04,84.96
2026-02-26,February,Q1,2026,Air India,AI,Star Air,XX,USD,245,62605.00,3756.30,1040.00,53002.55,3180.17,898.87,9602.45,576.13,141.13,15.34,84.66
2026-02-26,February,Q1,2026,Qantas,QF,Star Air,XX,USD,493,362950.00,21777.00,5250.00,305424.80,18325.55,4463.03,57525.20,3451.45,786.97,15.85,84.15
2026-02-03,February,Q1,2026,Emirates,EK,Star Air,XX,USD,498,135505.00,8130.30,2445.00,114604.34,6876.14,2041.15,20900.66,1254.16,403.85,15.42,84.58
2026-02-26,February,Q1,2026,PIA,PK,Star Air,XX,USD,221,62170.00,3730.20,830.00,52074.78,3124.39,700.93,10095.22,605.81,129.07,16.24,83.76
2026-03-21,March,Q1,2026,Air Canada,AC,Star Air,XX,USD,240,69825.00,4189.50,1010.00,59987.37,3599.27,857.75,9837.63,590.23,152.25,14.09,85.91
2026-02-03,February,Q1,2026,SIA,SQ,Star Air,XX,USD,248,96945.00,5816.70,1140.00,82091.49,4925.46,973.05,14853.51,891.24,166.95,15.32,84.68
2026-02-03,February,Q1,2026,PIA,PK,Star Air,XX,USD,254,70480.00,4228.80,1400.00,59011.90,3540.69,1163.77,11468.10,688.11,236.23,16.27,83.73
2026-02-03,February,Q1,2026,Air Mauritius,MK,Star Air,XX,USD,231,153670.00,9220.20,1840.00,129795.61,7787.80,1565.37,23874.39,1432.40,274.63,15.54,84.46
2026-02-26,February,Q1,2026,Blue Panorama,BV,Star Air,XX,USD,226,59810.00,3588.60,805.00,50598.80,3035.89,693.32,9211.20,552.71,111.68,15.40,84.60
2026-02-26,February,Q1,2026,Air Mauritius,MK,Star Air,XX,USD,241,143685.00,8621.10,2870.00,121935.80,7316.16,2413.64,21749.20,1304.94,456.36,15.14,84.86
2026-02-26,February,Q1,2026,Emirates,EK,Star Air,XX,USD,247,67555.00,4053.30,1035.00,57551.19,3453.02,881.05,10003.81,600.28,153.95,14.81,85.19
2026-02-26,February,Q1,2026,Air Canada,AC,Star Air,XX,USD,258,72680.00,4360.80,1270.00,61970.83,3718.26,1067.42,10709.17,642.54,202.58,14.73,85.27
2025-03-31,March,Q1,2025,Qantas,QF,Star Air,XX,USD,769,645360.00,38721.60,8845.00,547758.64,32865.46,7553.68,97601.36,5856.14,1291.32,15.12,84.88
2025-02-26,February,Q1,2025,American Airlines,AA,Star Air,XX,USD,748,799290.00,47957.40,12910.00,678885.92,40733.25,11121.34,120404.08,7224.15,1788.66,15.06,84.94
2025-02-26,February,Q1,2025,Qantas,QF,Star Air,XX,USD,510,321750.00,19305.00,4760.00,273622.57,16417.39,4069.00,48127.43,2887.61,691.00,14.96,85.04
2025-02-24,February,Q1,2025,Jet Airways,9W,Star Air,XX,USD,260,72245.00,4334.70,1210.00,60591.94,3635.51,1013.03,11653.06,699.19,196.97,16.13,83.87
2025-02-24,February,Q1,2025,Qantas,QF,Star Air,XX,USD,260,144425.00,8665.50,1870.00,123942.86,7436.59,1601.67,20482.14,1228.91,268.33,14.18,85.82
2025-02-26,February,Q1,2025,British Airways,BA,Star Air,XX,USD,447,211295.00,12677.70,2800.00,179383.26,10762.96,2362.30,31911.74,1914.74,437.70,15.10,84.90
2025-02-26,February,Q1,2025,PIA,PK,Star Air,XX,USD,262,72745.00,4364.70,1140.00,61551.12,3693.03,964.47,11193.89,671.67,175.53,15.39,84.61
2025-03-31,March,Q1,2025,Emirates,EK,Star Air,XX,USD,264,78570.00,4714.20,1065.00,66566.52,3993.94,897.28,12003.48,720.26,167.72,15.28,84.72
2025-02-24,February,Q1,2025,Emirates,EK,Star Air,XX,USD,259,72035.00,4322.10,760.00,61000.56,3659.98,633.21,11034.44,662.12,126.79,15.32,84.68
2025-03-31,March,Q1,2025,Air India,AI,Star Air,XX,USD,258,75295.00,4517.70,1220.00,64076.10,3844.48,1046.43,11218.90,673.22,173.57,14.90,85.10
2025-02-26,February,Q1,2025,Emirates,EK,Star Air,XX,USD,486,134390.00,8063.40,1800.00,113509.09,6810.55,1531.36,20880.91,1252.85,268.64,15.54,84.46
2025-02-26,February,Q1,2025,Air Canada,AC,Star Air,XX,USD,249,79325.00,4759.50,900.00,66631.42,3997.87,728.70,12693.58,761.63,171.30,16.00,84.00
2025-09-13,September,Q3,2025,Jet Airways,9W,Star Air,XX,USD,497,146760.00,8805.60,1870.00,123705.43,7422.38,1565.74,23054.57,1383.22,304.26,15.71,84.29
2025-09-13,September,Q3,2025,Thai Airways International,TG,Star Air,XX,USD,242,168380.00,10102.80,2935.00,142070.57,8524.33,2526.68,26309.44,1578.47,408.32,15.63,84.37
2025-09-13,September,Q3,2025,JetBlue,B6,Star Air,XX,USD,237,320295.00,19217.70,5005.00,272285.37,16337.15,4257.99,48009.63,2880.55,747.01,14.99,85.01
2025-09-13,September,Q3,2025,British Airways,BA,Star Air,XX,USD,248,130220.00,7813.20,1905.00,111983.79,6719.02,1625.53,18236.21,1094.18,279.47,14.00,86.00
2025-09-13,September,Q3,2025,Emirates,EK,Star Air,XX,USD,714,219490.00,13169.40,3855.00,185253.56,11115.17,3272.26,34236.44,2054.23,582.74,15.60,84.40
2025-09-13,September,Q3,2025,Qantas,QF,Star Air,XX,USD,237,314265.00,18855.90,4605.00,267046.01,16022.74,3931.49,47218.99,2833.16,673.51,15.03,84.97
2025-11-27,November,Q4,2025,Thai Airways International,TG,Star Air,XX,USD,248,162160.00,9729.60,1215.00,137310.49,8238.61,1786.23,24849.52,1490.99,-571.23,15.32,84.68
2025-12-23,December,Q4,2025,Thai Airways International,TG,Star Air,XX,USD,234,151015.00,9060.90,1710.00,127831.32,7669.88,2326.00,23183.68,1391.02,-616.00,15.35,84.65
2025-02-02,February,Q1,2025,Qantas,QF,Star Air,XX,USD,1036,987265.00,59235.90,13290.00,834607.18,50076.43,11381.33,152657.82,9159.47,1908.67,15.46,84.54
2025-01-18,January,Q1,2025,JetBlue,B6,Star Air,XX,USD,243,303475.00,18208.50,3095.00,258351.55,15501.13,2592.14,45123.45,2707.37,502.86,14.87,85.13
2025-01-18,January,Q1,2025,Jet Airways,9W,Star Air,XX,USD,502,124945.00,7496.70,2100.00,106000.28,6359.93,1804.61,18944.72,1136.77,295.39,15.16,84.84
2025-01-31,January,Q1,2025,Air New Zealand,NZ,Star Air,XX,USD,265,82105.00,4926.30,1135.00,69416.97,4165.08,975.10,12688.03,761.22,159.90,15.45,84.55
2025-01-31,January,Q1,2025,Qantas,QF,Star Air,XX,USD,532,317040.00,19022.40,3580.00,263377.38,15802.69,3028.72,53662.62,3219.71,551.28,16.93,83.07
2025-01-18,January,Q1,2025,Thai Airways International,TG,Star Air,XX,USD,262,153825.00,9229.50,2510.00,130258.19,7815.52,2085.18,23566.81,1413.98,424.82,15.32,84.68
2025-02-02,February,Q1,2025,American Airlines,AA,Star Air,XX,USD,208,202665.00,12159.90,2860.00,172077.98,10324.75,2433.86,30587.02,1835.15,426.14,15.09,84.91
2025-02-02,February,Q1,2025,Blue Panorama,BV,Star Air,XX,USD,256,71110.00,4266.60,1080.00,59757.93,3585.50,915.58,11352.07,681.10,164.42,15.96,84.04
2025-01-18,January,Q1,2025,Air Canada,AC,Star Air,XX,USD,500,136520.00,8191.20,1810.00,115854.85,6951.23,1548.39,20665.15,1239.97,261.61,15.14,84.86
2025-01-18,January,Q1,2025,Emirates,EK,Star Air,XX,USD,231,73490.00,4409.40,730.00,61407.94,3684.39,613.37,12082.06,725.01,116.63,16.44,83.56
2025-01-31,January,Q1,2025,Air Canada,AC,Star Air,XX,USD,260,72210.00,4332.60,835.00,60880.71,3652.82,718.81,11329.29,679.78,116.19,15.69,84.31
2025-02-02,February,Q1,2025,British Airways,BA,Star Air,XX,USD,252,112790.00,6767.40,1620.00,95640.54,5738.40,1387.86,17149.46,1029.00,232.14,15.20,84.80
2025-01-31,January,Q1,2025,SIA,SQ,Star Air,XX,USD,221,90905.00,5454.30,1215.00,78249.38,4694.90,1040.69,12655.62,759.40,174.31,13.92,86.08
2025-02-02,February,Q1,2025,Vietnam Airlines,VN,Star Air,XX,USD,1,660.00,39.60,0.00,595.37,35.72,0.00,64.63,3.88,0.00,9.79,90.21
2025-01-18,January,Q1,2025,American Airlines,AA,Star Air,XX,USD,266,266470.00,15988.20,4470.00,225164.13,13509.78,3751.94,41305.87,2478.42,718.06,15.50,84.50
2025-02-02,February,Q1,2025,JetBlue,B6,Star Air,XX,USD,253,313785.00,18827.10,4195.00,266134.24,15967.98,3598.36,47650.76,2859.12,596.64,15.19,84.81
2025-01-18,January,Q1,2025,SIA,SQ,Star Air,XX,USD,264,106330.00,6379.80,1465.00,89501.79,5370.13,1261.03,16828.21,1009.67,203.97,15.83,84.17
2025-04-16,April,Q2,2025,Air India,AI,Star Air,XX,USD,243,84410.00,5064.60,1165.00,71908.82,4314.56,1000.24,12501.18,750.04,164.76,14.81,85.19
2025-04-16,April,Q2,2025,Qantas,QF,Star Air,XX,USD,970,1131535.00,67892.10,15210.00,960007.57,56190.73,12931.87,171527.43,11701.37,2278.13,15.16,84.84
2025-04-16,April,Q2,2025,Air Canada,AC,Star Air,XX,USD,228,72110.00,4326.60,1110.00,61124.75,3667.46,911.89,10985.25,659.14,198.11,15.23,84.77
2025-04-16,April,Q2,2025,American Airlines,AA,Star Air,XX,USD,252,302930.00,18175.80,3845.00,255929.69,13487.15,3210.78,47000.31,4688.65,634.22,15.52,84.48
2025-10-08,October,Q4,2025,Qantas,QF,Star Air,XX,USD,466,577415.00,34644.90,12090.00,493179.98,29590.85,7541.24,84235.02,5054.05,4548.76,14.59,85.41
2025-10-08,October,Q4,2025,PIA,PK,Star Air,XX,USD,240,70315.00,4218.90,600.00,60248.21,3614.90,1085.40,10066.79,604.00,-485.40,14.32,85.68
2025-10-08,October,Q4,2025,American Airlines,AA,Star Air,XX,USD,243,271765.00,16305.90,10225.00,230075.37,13804.51,3287.24,41689.63,2501.39,6937.76,15.34,84.66
2025-10-08,October,Q4,2025,Emirates,EK,Star Air,XX,USD,239,77605.00,4656.30,1930.00,64882.80,3892.92,898.47,12722.20,763.38,1031.53,16.39,83.61
2025-10-08,October,Q4,2025,Air Canada,AC,Star Air,XX,USD,234,65920.00,3955.20,1415.00,56664.25,3399.82,750.24,9255.75,555.38,664.76,14.04,85.96
2026-03-02,March,Q1,2026,Jet Airways,9W,Star Air,XX,USD,242,64120.00,3847.20,1235.00,54395.93,3263.69,1054.62,9724.07,583.51,180.38,15.17,84.83
2026-03-02,March,Q1,2026,Air New Zealand,NZ,Star Air,XX,USD,238,74320.00,4459.20,1060.00,63241.23,3794.48,904.42,11078.77,664.72,155.58,14.91,85.09
2026-03-02,March,Q1,2026,JetBlue,B6,Star Air,XX,USD,251,317195.00,19031.70,4540.00,267974.01,16078.39,3866.74,49220.99,2953.31,673.26,15.52,84.48
2026-03-02,March,Q1,2026,Qantas,QF,Star Air,XX,USD,720,439820.00,26389.20,7425.00,375741.83,22544.36,6337.46,64078.17,3844.84,1087.54,14.57,85.43
2026-03-02,March,Q1,2026,PIA,PK,Star Air,XX,USD,250,71290.00,4277.40,1135.00,60420.59,3625.21,975.54,10869.41,652.19,159.46,15.25,84.75
2026-03-02,March,Q1,2026,Air Mauritius,MK,Star Air,XX,USD,227,134300.00,8058.00,2105.00,113661.33,6819.70,1800.57,20638.67,1238.30,304.43,15.37,84.63
2025-11-03,November,Q4,2025,Qantas,QF,Star Air,XX,USD,243,137325.00,8239.50,945.00,115736.64,6944.19,1210.91,21588.36,1295.31,-265.91,15.72,84.28
2025-11-03,November,Q4,2025,Air Mauritius,MK,Star Air,XX,USD,242,158340.00,9500.40,13905.00,133289.85,7997.35,1857.12,25050.16,1503.05,12047.88,15.82,84.18
2025-11-03,November,Q4,2025,Emirates,EK,Star Air,XX,USD,242,69615.00,4176.90,870.00,58369.50,3502.26,930.13,11245.50,674.64,-60.13,16.15,83.85
2025-12-18,December,Q4,2025,Qantas,QF,Star Air,XX,USD,248,175490.00,10529.40,1665.00,149144.46,8948.65,1954.94,26345.54,1580.75,-289.94,15.01,84.99
2025-12-18,December,Q4,2025,PIA,PK,Star Air,XX,USD,249,72105.00,4326.30,420.00,61315.05,3678.82,713.75,10789.95,647.48,-293.75,14.96,85.04
2025-12-18,December,Q4,2025,American Airlines,AA,Star Air,XX,USD,251,267600.00,16056.00,12130.00,224325.97,13459.60,4863.50,43274.03,2596.40,7266.50,16.17,83.83
2025-11-03,November,Q4,2025,Air India,AI,Star Air,XX,USD,256,71405.00,4284.30,510.00,60375.40,3622.59,618.21,11029.60,661.71,-108.21,15.45,84.55
2025-12-18,December,Q4,2025,Emirates,EK,Star Air,XX,USD,250,69035.00,4142.10,1715.00,58529.92,3511.75,856.50,10505.08,630.35,858.50,15.22,84.78
2025-05-16,May,Q2,2025,Air New Zealand,NZ,Star Air,XX,USD,242,205590.00,12335.40,2900.00,171256.08,10275.41,2442.80,34333.92,2059.99,457.20,16.70,83.30
2025-06-08,June,Q2,2025,Qantas,QF,Star Air,XX,USD,735,841600.00,50496.00,13720.00,713301.36,42797.99,11521.27,128298.64,7698.01,2198.73,15.24,84.76
2025-05-16,May,Q2,2025,Qantas,QF,Star Air,XX,USD,506,317120.00,19027.20,3930.00,266113.68,15966.85,3367.09,51006.32,3060.35,562.91,16.08,83.92
2025-06-08,June,Q2,2025,Thai Airways International,TG,Star Air,XX,USD,248,167355.00,10041.30,2125.00,142554.83,8553.29,1786.20,24800.17,1488.01,338.80,14.82,85.18
2025-05-16,May,Q2,2025,Thai Airways International,TG,Star Air,XX,USD,242,167925.00,10075.50,2390.00,141474.43,8488.44,2005.33,26450.57,1587.06,384.67,15.75,84.25
2025-06-08,June,Q2,2025,Blue Panorama,BV,Star Air,XX,USD,228,73420.00,4405.20,1215.00,61619.43,3697.14,988.23,11800.57,708.06,226.77,16.07,83.93
2025-06-08,June,Q2,2025,PIA,PK,Star Air,XX,USD,249,84910.00,5094.60,1175.00,71851.44,4311.08,1027.49,13058.56,783.52,147.51,15.38,84.62
2025-06-08,June,Q2,2025,Air Canada,AC,Star Air,XX,USD,232,71510.00,4290.60,1085.00,59688.71,3581.32,899.89,11821.29,709.28,185.11,16.53,83.47
2025-06-08,June,Q2,2025,JetBlue,B6,Star Air,XX,USD,249,381165.00,22869.90,6140.00,321124.41,19267.48,5100.34,60040.59,3602.42,1039.66,15.75,84.25
2025-05-16,May,Q2,2025,SIA,SQ,Star Air,XX,USD,241,111750.00,6705.00,1545.00,94043.69,5642.64,1329.70,17706.31,1062.36,215.30,15.84,84.16
2025-06-08,June,Q2,2025,British Airways,BA,Star Air,XX,USD,250,160460.00,9627.60,1530.00,133407.08,7471.10,1287.34,27052.92,2156.50,242.66,16.86,83.14
2025-05-16,May,Q2,2025,Emirates,EK,Star Air,XX,USD,491,159450.00,9567.00,2020.00,133514.58,8010.98,1687.58,25935.42,1556.02,332.42,16.27,83.73
2025-10-08,October,Q4,2025,Thai Airways International,TG,Star Air,XX,USD,244,162565.00,9753.90,1145.00,136546.09,8192.78,1553.48,26018.91,1561.12,-408.48,16.01,83.99
2025-03-05,March,Q1,2025,American Airlines,AA,Star Air,XX,USD,505,522750.00,31365.00,8280.00,442669.07,26560.22,6998.70,80080.93,4804.78,1281.30,15.32,84.68
2025-03-25,March,Q1,2025,Qantas,QF,Star Air,XX,USD,1002,670245.00,40214.70,10975.00,568640.14,34118.46,9261.50,101604.86,6096.24,1713.50,15.16,84.84
2025-03-25,March,Q1,2025,Air New Zealand,NZ,Star Air,XX,USD,477,257275.00,15436.50,3515.00,217848.39,13070.89,3004.40,39426.61,2365.61,510.60,15.32,84.68
2025-03-27,March,Q1,2025,Air France,AF,Star Air,XX,USD,261,242555.00,14553.30,3850.00,204687.79,12281.27,3261.90,37867.21,2272.03,588.10,15.61,84.39
2025-03-23,March,Q1,2025,American Airlines,AA,Star Air,XX,USD,510,557825.00,33469.50,10015.00,470581.00,28234.85,8437.34,87244.00,5234.65,1577.66,15.64,84.36
2025-03-25,March,Q1,2025,Air India,AI,Star Air,XX,USD,240,85450.00,5127.00,1020.00,72208.07,4332.56,881.67,13241.94,794.44,138.33,15.50,84.50
2025-03-25,March,Q1,2025,Thai Airways International,TG,Star Air,XX,USD,257,168125.00,10087.50,2300.00,141407.11,8484.48,1949.90,26717.89,1603.02,350.10,15.89,84.11
2025-03-27,March,Q1,2025,Qantas,QF,Star Air,XX,USD,524,474710.00,28482.60,8255.00,403727.92,24223.59,7123.80,70982.08,4259.01,1131.20,14.95,85.05
2025-03-27,March,Q1,2025,Thai Airways International,TG,Star Air,XX,USD,263,169300.00,10158.00,1660.00,142636.51,8558.18,1422.55,26663.49,1599.82,237.45,15.75,84.25
2025-03-25,March,Q1,2025,Jet Airways,9W,Star Air,XX,USD,246,69110.00,4146.60,1335.00,58497.73,3509.79,1146.06,10612.27,636.81,188.94,15.36,84.64
2025-03-05,March,Q1,2025,Qantas,QF,Star Air,XX,USD,749,734065.00,44043.90,9570.00,619901.50,37194.00,8112.92,114163.50,6849.90,1457.08,15.55,84.45
2025-03-23,March,Q1,2025,Qantas,QF,Star Air,XX,USD,487,348115.00,20886.90,5405.00,293716.67,17623.02,4488.00,54398.33,3263.88,917.00,15.63,84.37
2025-03-25,March,Q1,2025,PIA,PK,Star Air,XX,USD,263,75860.00,4551.60,1115.00,63941.15,3836.49,935.95,11918.85,715.11,179.05,15.71,84.29
2025-03-27,March,Q1,2025,PIA,PK,Star Air,XX,USD,258,75125.00,4507.50,895.00,63768.20,3826.14,748.33,11356.80,681.36,146.67,15.12,84.88
2025-03-23,March,Q1,2025,Blue Panorama,BV,Star Air,XX,USD,248,71880.00,4312.80,970.00,60857.52,3651.47,802.98,11022.48,661.33,167.02,15.33,84.67
2025-03-23,March,Q1,2025,Siberia Airlines,S7,Star Air,XX,USD,1,605.00,36.30,0.00,547.02,32.82,0.00,57.98,3.48,0.00,9.58,90.42
2025-03-05,March,Q1,2025,Emirates,EK,Star Air,XX,USD,261,76955.00,4617.30,1140.00,65301.82,3917.96,948.90,11653.18,699.34,191.10,15.14,84.86
2025-03-23,March,Q1,2025,British Airways,BA,Star Air,XX,USD,258,137490.00,8249.40,1430.00,116884.38,7013.04,1216.25,20605.63,1236.36,213.75,14.99,85.01
2025-03-23,March,Q1,2025,Emirates,EK,Star Air,XX,USD,509,147610.00,8856.60,1955.00,124497.13,7469.83,1661.81,23112.87,1386.77,293.19,15.66,84.34
2025-03-27,March,Q1,2025,Air Mauritius,MK,Star Air,XX,USD,190,121185.00,7271.10,2480.00,102645.99,6158.79,2088.65,18539.01,1112.31,391.35,15.30,84.70
2025-05-25,May,Q2,2025,Thai Airways International,TG,Star Air,XX,USD,245,171745.00,10304.70,2375.00,144069.25,8644.12,2003.19,27675.75,1660.58,371.81,16.11,83.89
2025-03-25,March,Q1,2025,Air Canada,AC,Star Air,XX,USD,260,76940.00,4616.40,1225.00,65073.99,3904.45,1050.08,11866.01,711.95,174.92,15.42,84.58
2025-06-26,June,Q2,2025,Qantas,QF,Star Air,XX,USD,237,146450.00,8787.00,2345.00,123743.30,7424.59,2016.45,22706.70,1362.41,328.55,15.50,84.50
2025-03-25,March,Q1,2025,SIA,SQ,Star Air,XX,USD,240,99485.00,5969.10,1865.00,84375.22,5062.41,1582.82,15109.78,906.69,282.18,15.19,84.81
2025-06-26,June,Q2,2025,Thai Airways International,TG,Star Air,XX,USD,247,169665.00,10179.90,2235.00,142668.96,8560.16,1817.00,26996.04,1619.74,418.00,15.91,84.09
2025-06-26,June,Q2,2025,Air France,AF,Star Air,XX,USD,239,239405.00,14364.30,3520.00,203020.72,12181.18,3013.94,36384.28,2183.12,506.06,15.20,84.80
2025-05-25,May,Q2,2025,Qantas,QF,Star Air,XX,USD,1171,1292775.00,77566.50,20390.00,1080098.54,64805.78,17077.06,212676.46,12760.72,3312.94,16.45,83.55
2025-03-05,March,Q1,2025,Air Canada,AC,Star Air,XX,USD,521,150345.00,9020.70,2015.00,127111.39,7626.69,1701.66,23233.61,1394.01,313.34,15.45,84.55
2025-05-25,May,Q2,2025,Air France,AF,Star Air,XX,USD,228,210450.00,12627.00,2815.00,178155.40,10689.36,2329.08,32294.60,1937.64,485.92,15.35,84.65
2025-05-25,May,Q2,2025,Emirates,EK,Star Air,XX,USD,492,159020.00,9541.20,2625.00,134013.39,8040.71,2163.65,25006.62,1500.49,461.35,15.73,84.27
2025-05-25,May,Q2,2025,American Airlines,AA,Star Air,XX,USD,247,286715.00,17202.90,4910.00,241898.20,14513.89,4178.53,44816.80,2689.01,731.47,15.63,84.37
2025-06-26,June,Q2,2025,PIA,PK,Star Air,XX,USD,261,86975.00,5218.50,1650.00,73478.02,4445.05,1337.28,13496.98,773.45,312.72,15.52,84.48
2025-06-26,June,Q2,2025,Air Mauritius,MK,Star Air,XX,USD,249,174040.00,10442.40,1560.00,146897.64,6669.92,1315.76,27142.36,3772.48,244.24,15.60,84.40
2025-06-26,June,Q2,2025,American Airlines,AA,Star Air,XX,USD,247,295580.00,17734.80,4625.00,248681.40,10611.96,3919.94,46898.60,7122.84,705.06,15.87,84.13
2025-07-26,July,Q3,2025,Air India,AI,Star Air,XX,USD,249,90105.00,5406.30,1290.00,76403.36,4584.19,1128.51,13701.64,822.11,161.49,15.21,84.79
2025-07-26,July,Q3,2025,Jet Airways,9W,Star Air,XX,USD,250,73825.00,4429.50,1160.00,62848.52,3770.86,1011.71,10976.48,658.64,148.29,14.87,85.13
2025-07-26,July,Q3,2025,Thai Airways International,TG,Star Air,XX,USD,245,161240.00,9674.40,2540.00,137062.77,8223.82,2145.45,24177.23,1450.58,394.55,14.99,85.01
2025-09-30,September,Q3,2025,Qantas,QF,Star Air,XX,USD,739,482320.00,28939.20,6485.00,408355.67,24501.36,5457.08,73964.33,4437.84,1027.92,15.34,84.66
2025-08-31,August,Q3,2025,PIA,PK,Star Air,XX,USD,241,80175.00,4810.50,1360.00,67548.71,4052.94,1153.58,12626.29,757.56,206.42,15.75,84.25
2025-07-26,July,Q3,2025,American Airlines,AA,Star Air,XX,USD,246,286340.00,17180.40,4680.00,242210.37,14532.65,3969.93,44129.63,2647.75,710.07,15.41,84.59
2025-07-26,July,Q3,2025,British Airways,BA,Star Air,XX,USD,248,130835.00,7850.10,2635.00,109293.26,6557.60,2205.91,21541.74,1292.50,429.09,16.46,83.54
2025-08-31,August,Q3,2025,American Airlines,AA,Star Air,XX,USD,233,277175.00,16630.50,3160.00,232306.68,13938.45,2632.29,44868.32,2692.05,527.71,16.19,83.81
2025-08-31,August,Q3,2025,Qantas,QF,Star Air,XX,USD,958,885785.00,53147.10,13265.00,747965.06,44877.84,11265.48,137819.94,8269.26,1999.52,15.56,84.44
2025-07-26,July,Q3,2025,Qantas,QF,Star Air,XX,USD,489,523750.00,31425.00,7060.00,443803.88,26628.22,6051.06,79946.12,4796.78,1008.94,15.26,84.74
2025-09-30,September,Q3,2025,SIA,SQ,Star Air,XX,USD,483,202280.00,12136.80,2895.00,172029.85,10321.86,2449.80,30250.15,1814.94,445.20,14.95,85.05
2025-09-30,September,Q3,2025,Vietnam Airlines,VN,Star Air,XX,USD,1,70.00,4.20,0.00,71.40,4.28,0.00,-1.40,-0.08,0.00,-2.00,102.00
2025-09-30,September,Q3,2025,Emirates,EK,Star Air,XX,USD,480,138885.00,8333.10,2445.00,117467.85,7048.10,2113.08,21417.15,1285.00,331.92,15.42,84.58
2025-09-30,September,Q3,2025,PIA,PK,Star Air,XX,USD,255,76815.00,4608.90,1245.00,64431.49,3865.86,1017.44,12383.51,743.04,227.56,16.12,83.88
2025-08-31,August,Q3,2025,British Airways,BA,Star Air,XX,USD,263,149000.00,8940.00,2640.00,126309.22,7578.58,2167.78,22690.78,1361.42,472.22,15.23,84.77
2025-09-30,September,Q3,2025,Air Mauritius,MK,Star Air,XX,USD,217,148275.00,8896.50,3100.00,123957.44,7437.51,2575.25,24317.56,1458.99,524.75,16.40,83.60
2025-09-30,September,Q3,2025,Air Canada,AC,Star Air,XX,USD,254,73585.00,4415.10,1105.00,61980.69,3718.76,930.72,11604.31,696.34,174.28,15.77,84.23
2025-08-31,August,Q3,2025,Emirates,EK,Star Air,XX,USD,239,71035.00,4262.10,760.00,59795.82,3587.78,649.09,11239.18,674.32,110.91,15.82,84.18
2025-12-18,December,Q4,2025,Thai Airways International,TG,Star Air,XX,USD,250,161225.00,9673.50,1595.00,136085.10,8165.12,2129.83,25139.90,1508.38,-534.83,15.59,84.41
2025-07-26,July,Q3,2025,Emirates,EK,Star Air,XX,USD,479,158015.00,9480.90,2410.00,133567.34,8013.99,2031.19,24447.66,1466.91,378.81,15.47,84.53
2025-02-04,February,Q1,2025,Air New Zealand,NZ,Star Air,XX,USD,500,243370.00,14602.20,2770.00,206867.32,12412.20,2410.12,36502.68,2190.00,359.88,15.00,85.00
2025-02-22,February,Q1,2025,Jet Airways,9W,Star Air,XX,USD,242,61615.00,3696.90,855.00,53061.49,3183.67,739.46,8553.52,513.23,115.54,13.88,86.12
2025-02-04,February,Q1,2025,Qantas,QF,Star Air,XX,USD,254,129935.00,7796.10,1545.00,110042.93,6602.66,1290.28,19892.07,1193.44,254.72,15.31,84.69
2025-02-04,February,Q1,2025,JetBlue,B6,Star Air,XX,USD,263,348825.00,20929.50,6270.00,295044.75,17702.67,5336.71,53780.25,3226.83,933.29,15.42,84.58
2025-02-04,February,Q1,2025,Thai Airways International,TG,Star Air,XX,USD,257,152935.00,9176.10,1890.00,129040.85,7742.55,1603.21,23894.15,1433.55,286.79,15.62,84.38
2025-02-04,February,Q1,2025,Jet Airways,9W,Star Air,XX,USD,252,66280.00,3976.80,955.00,56006.13,3360.25,817.94,10273.87,616.55,137.06,15.50,84.50
2025-02-22,February,Q1,2025,PIA,PK,Star Air,XX,USD,258,70855.00,4251.30,1210.00,59773.82,3586.38,1014.97,11081.18,664.92,195.03,15.64,84.36
2025-02-22,February,Q1,2025,Thai Airways International,TG,Star Air,XX,USD,259,166525.00,9991.50,2400.00,141681.23,8500.93,2051.69,24843.77,1490.57,348.31,14.92,85.08
2025-02-04,February,Q1,2025,SIA,SQ,Star Air,XX,USD,516,217545.00,13052.70,3160.00,184020.56,11041.07,2650.70,33524.44,2011.63,509.30,15.41,84.59
2025-02-04,February,Q1,2025,Emirates,EK,Star Air,XX,USD,260,73530.00,4411.80,1255.00,61977.44,3718.58,1030.87,11552.56,693.22,224.13,15.71,84.29
2025-02-04,February,Q1,2025,Vietnam Airlines,VN,Star Air,XX,USD,1,130.00,7.80,15.00,119.18,7.15,11.92,10.82,0.65,3.08,8.32,91.68
2025-02-22,February,Q1,2025,Air Canada,AC,Star Air,XX,USD,253,71425.00,4285.50,1050.00,59702.00,3582.04,837.74,11723.00,703.46,212.26,16.41,83.59
2025-02-22,February,Q1,2025,Emirates,EK,Star Air,XX,USD,488,136805.00,8208.30,1920.00,116309.50,6978.54,1649.17,20495.50,1229.76,270.83,14.98,85.02
2025-02-22,February,Q1,2025,Air Mauritius,MK,Star Air,XX,USD,244,156565.00,9393.90,2420.00,132380.88,7942.89,2033.19,24184.12,1451.01,386.81,15.45,84.55
2025-02-04,February,Q1,2025,Air Mauritius,MK,Star Air,XX,USD,249,149265.00,8955.90,2505.00,126292.50,7577.66,2095.72,22972.50,1378.24,409.28,15.39,84.61
2025-02-22,February,Q1,2025,SIA,SQ,Star Air,XX,USD,261,96975.00,5818.50,1555.00,81299.55,4877.90,1326.56,15675.45,940.60,228.44,16.16,83.84
2025-05-21,May,Q2,2025,Thai Airways International,TG,Star Air,XX,USD,245,169955.00,10197.30,2420.00,142916.49,8575.05,1995.89,27038.51,1622.25,424.11,15.91,84.09
2025-05-21,May,Q2,2025,Air India,AI,Star Air,XX,USD,231,80245.00,4814.70,955.00,67739.42,4064.37,791.25,12505.58,750.33,163.75,15.58,84.42
2025-05-21,May,Q2,2025,British Airways,BA,Star Air,XX,USD,230,118610.00,7116.60,1965.00,100695.39,6041.62,1694.24,17914.61,1074.98,270.76,15.10,84.90
2025-05-21,May,Q2,2025,Qantas,QF,Star Air,XX,USD,236,298585.00,17915.10,4235.00,253751.19,15043.06,3570.93,44833.81,2872.04,664.07,15.02,84.98
2025-08-26,August,Q3,2025,Thai Airways International,TG,Star Air,XX,USD,236,156190.00,9371.40,3225.00,132344.49,7940.71,2775.98,23845.51,1430.69,449.02,15.27,84.73
2025-08-26,August,Q3,2025,Air New Zealand,NZ,Star Air,XX,USD,240,205375.00,12322.50,3470.00,173086.01,10385.12,2897.57,32288.99,1937.38,572.43,15.72,84.28
2025-07-11,July,Q3,2025,Air New Zealand,NZ,Star Air,XX,USD,236,190410.00,11424.60,3100.00,161852.63,9711.19,2654.33,28557.37,1713.41,445.67,15.00,85.00
2025-05-21,May,Q2,2025,American Airlines,AA,Star Air,XX,USD,258,318895.00,19133.70,4895.00,267381.61,11922.54,4204.76,51513.39,7211.16,690.24,16.15,83.85
2025-07-11,July,Q3,2025,Qantas,QF,Star Air,XX,USD,763,511995.00,30719.70,7215.00,434214.79,26052.82,6201.59,77780.21,4666.88,1013.41,15.19,84.81
2025-05-21,May,Q2,2025,Air Canada,AC,Star Air,XX,USD,480,161865.00,9711.90,2275.00,137278.53,8236.76,1960.77,24586.47,1475.14,314.23,15.19,84.81
2025-05-21,May,Q2,2025,Emirates,EK,Star Air,XX,USD,224,77220.00,4633.20,1025.00,64977.26,3898.59,896.75,12242.74,734.61,128.25,15.85,84.15
2025-08-26,August,Q3,2025,Jet Airways,9W,Star Air,XX,USD,245,69225.00,4153.50,940.00,58208.48,3492.53,804.92,11016.52,660.97,135.08,15.91,84.09
2025-07-11,July,Q3,2025,Thai Airways International,TG,Star Air,XX,USD,251,179855.00,10791.30,2340.00,151492.27,9089.53,1959.62,28362.73,1701.77,380.38,15.77,84.23
2025-07-11,July,Q3,2025,PIA,PK,Star Air,XX,USD,244,79865.00,4791.90,925.00,67446.46,4046.74,798.74,12418.54,745.16,126.26,15.55,84.45
2025-08-26,August,Q3,2025,SIA,SQ,Star Air,XX,USD,494,218005.00,13080.30,2825.00,184547.41,11072.89,2365.63,33457.59,2007.41,459.37,15.35,84.65
2025-09-12,September,Q3,2025,Qantas,QF,Star Air,XX,USD,740,427885.00,25673.10,5940.00,361886.57,21713.13,5033.20,65998.43,3959.97,906.80,15.42,84.58
2025-07-08,July,Q3,2025,JetBlue,B6,Star Air,XX,USD,244,348025.00,20881.50,4585.00,292538.17,17552.28,3874.67,55486.83,3329.22,710.33,15.94,84.06
2025-09-12,September,Q3,2025,Air New Zealand,NZ,Star Air,XX,USD,221,72915.00,4374.90,1065.00,61853.77,3711.22,903.56,11061.23,663.68,161.44,15.17,84.83
2025-07-08,July,Q3,2025,Jet Airways,9W,Star Air,XX,USD,249,79625.00,4777.50,1515.00,67529.72,4051.86,1311.36,12095.28,725.64,203.64,15.19,84.81
2025-09-12,September,Q3,2025,Jet Airways,9W,Star Air,XX,USD,244,74770.00,4486.20,1350.00,63756.40,3825.35,1138.08,11013.60,660.85,211.92,14.73,85.27
2025-07-08,July,Q3,2025,Qantas,QF,Star Air,XX,USD,720,494455.00,29667.30,7925.00,418396.24,25103.71,6829.16,76058.76,4563.59,1095.84,15.38,84.62
2025-09-12,September,Q3,2025,PIA,PK,Star Air,XX,USD,246,72690.00,4361.40,845.00,61488.95,3689.33,723.82,11201.05,672.07,121.18,15.41,84.59
2025-07-08,July,Q3,2025,Air India,AI,Star Air,XX,USD,242,84040.00,5042.40,1330.00,71931.33,4315.91,1139.54,12108.67,726.49,190.46,14.41,85.59
2025-07-08,July,Q3,2025,Air New Zealand,NZ,Star Air,XX,USD,247,91575.00,5494.50,1925.00,77491.08,4649.52,1605.53,14083.92,844.98,319.47,15.38,84.62
2025-07-08,July,Q3,2025,SIA,SQ,Star Air,XX,USD,505,232785.00,13967.10,3900.00,196818.37,11809.18,3310.61,35966.63,2157.92,589.39,15.45,84.55
2025-09-12,September,Q3,2025,Emirates,EK,Star Air,XX,USD,257,87120.00,5227.20,1365.00,73685.76,4421.05,1104.10,13434.24,806.15,260.90,15.42,84.58
2026-03-12,March,Q1,2026,Qantas,QF,Star Air,XX,USD,744,419735.00,25184.10,5190.00,355991.58,21359.44,4467.31,63743.42,3824.66,722.69,15.19,84.81
2026-03-12,March,Q1,2026,Thai Airways International,TG,Star Air,XX,USD,249,160805.00,9648.30,3005.00,135639.55,8138.41,2508.37,25165.45,1509.89,496.63,15.65,84.35
2026-03-12,March,Q1,2026,PIA,PK,Star Air,XX,USD,238,73480.00,4408.80,1010.00,62711.53,3762.67,857.81,10768.47,646.13,152.19,14.65,85.35
2026-03-12,March,Q1,2026,SIA,SQ,Star Air,XX,USD,236,97900.00,5874.00,920.00,81926.81,4915.54,780.42,15973.19,958.46,139.58,16.32,83.68
2026-01-15,January,Q1,2026,Air France,AF,Star Air,XX,USD,252,202015.00,12120.90,2745.00,173752.83,10425.19,2325.19,28262.17,1695.71,419.81,13.99,86.01
2026-01-15,January,Q1,2026,Qantas,QF,Star Air,XX,USD,702,636310.00,38178.60,10985.00,541377.79,32482.56,9298.12,94932.21,5696.04,1686.88,14.92,85.08
2026-03-30,March,Q1,2026,Thai Airways International,TG,Star Air,XX,USD,270,170250.00,10215.00,2535.00,143584.97,8615.06,2099.99,26665.03,1599.94,435.01,15.66,84.34
2026-03-06,March,Q1,2026,Air India,AI,Star Air,XX,USD,236,86595.00,5195.70,1865.00,72244.36,4334.72,1539.83,14350.64,860.98,325.17,16.57,83.43
2026-03-06,March,Q1,2026,Thai Airways International,TG,Star Air,XX,USD,232,144810.00,8688.60,2295.00,122690.68,7361.42,1948.56,22119.32,1327.18,346.44,15.27,84.73
2026-03-06,March,Q1,2026,Jet Airways,9W,Star Air,XX,USD,238,65170.00,3910.20,865.00,54495.46,3269.71,739.60,10674.54,640.49,125.40,16.38,83.62
2026-01-26,January,Q1,2026,Qantas,QF,Star Air,XX,USD,731,488190.00,29291.40,6870.00,414380.44,24862.79,5826.57,73809.56,4428.61,1043.43,15.12,84.88
2026-03-30,March,Q1,2026,Jet Airways,9W,Star Air,XX,USD,499,153770.00,9226.20,2340.00,130861.03,7851.67,2053.87,22908.97,1374.53,286.13,14.90,85.10
2026-03-30,March,Q1,2026,Qantas,QF,Star Air,XX,USD,484,291350.00,17481.00,3055.00,247345.94,14840.78,2603.67,44004.06,2640.22,451.33,15.10,84.90
2026-03-30,March,Q1,2026,Air New Zealand,NZ,Star Air,XX,USD,235,75895.00,4553.70,1105.00,64084.46,3845.09,928.08,11810.54,708.61,176.92,15.56,84.44
2026-03-30,March,Q1,2026,Air India,AI,Star Air,XX,USD,239,78145.00,4688.70,1065.00,67179.24,4030.77,908.96,10965.76,657.93,156.04,14.03,85.97
2026-01-26,January,Q1,2026,Jet Airways,9W,Star Air,XX,USD,239,64815.00,3888.90,910.00,55636.16,3338.24,788.83,9178.84,550.66,121.17,14.16,85.84
2026-01-15,January,Q1,2026,Air India,AI,Star Air,XX,USD,234,65135.00,3908.10,925.00,56430.50,3385.76,795.32,8704.50,522.34,129.68,13.36,86.64
2026-03-06,March,Q1,2026,American Airlines,AA,Star Air,XX,USD,495,565505.00,33930.30,11855.00,481279.99,28876.78,10126.70,84225.01,5053.52,1728.30,14.89,85.11
2026-03-30,March,Q1,2026,SIA,SQ,Star Air,XX,USD,508,226495.00,13589.70,3540.00,191606.63,11496.33,2983.49,34888.37,2093.37,556.51,15.40,84.60
2026-03-30,March,Q1,2026,Emirates,EK,Star Air,XX,USD,243,70195.00,4211.70,820.00,59475.73,3568.58,692.89,10719.27,643.12,127.11,15.27,84.73
2026-03-30,March,Q1,2026,PIA,PK,Star Air,XX,USD,252,79130.00,4747.80,1300.00,66467.62,3988.02,1084.06,12662.38,759.78,215.94,16.00,84.00
2026-03-06,March,Q1,2026,Qantas,QF,Star Air,XX,USD,247,294015.00,17640.90,4925.00,250905.72,15054.32,4173.87,43109.28,2586.58,751.13,14.66,85.34
2026-03-06,March,Q1,2026,Emirates,EK,Star Air,XX,USD,460,130555.00,7833.30,1540.00,110599.91,6635.91,1306.95,19955.09,1197.39,233.05,15.28,84.72
2026-03-06,March,Q1,2026,Air Canada,AC,Star Air,XX,USD,246,69355.00,4161.30,1100.00,59354.23,3561.28,928.33,10000.77,600.02,171.67,14.42,85.58
2026-01-26,January,Q1,2026,Emirates,EK,Star Air,XX,USD,254,70990.00,4259.40,895.00,59433.23,3565.92,749.81,11556.77,693.48,145.19,16.28,83.72
2026-01-15,January,Q1,2026,PIA,PK,Star Air,XX,USD,250,69935.00,4196.10,1615.00,59559.10,3573.52,1369.94,10375.90,622.58,245.06,14.84,85.16
2026-01-15,January,Q1,2026,Air Mauritius,MK,Star Air,XX,USD,249,145620.00,8737.20,2340.00,123185.17,7391.11,1944.58,22434.83,1346.09,395.42,15.41,84.59
2026-01-15,January,Q1,2026,Air Canada,AC,Star Air,XX,USD,235,62955.00,3777.30,845.00,53323.76,3199.43,690.99,9631.24,577.87,154.01,15.30,84.70
2026-01-26,January,Q1,2026,Air India,AI,Star Air,XX,USD,244,68570.00,4114.20,910.00,58636.30,3518.26,783.04,9933.70,595.94,126.96,14.49,85.51
2026-03-30,March,Q1,2026,Air Mauritius,MK,Star Air,XX,USD,221,140530.00,8431.80,2155.00,119437.91,7166.28,1857.07,21092.09,1265.52,297.93,15.01,84.99
2026-03-30,March,Q1,2026,Air Canada,AC,Star Air,XX,USD,266,83600.00,5016.00,1120.00,70199.61,4211.97,943.28,13400.39,804.03,176.72,16.03,83.97
2026-03-05,March,Q1,2026,Qantas,QF,Star Air,XX,USD,1213,627855.00,37671.30,9710.00,531708.36,31902.34,8211.78,96146.64,5768.96,1498.22,15.31,84.69
2026-03-05,March,Q1,2026,SIA,SQ,Star Air,XX,USD,241,106650.00,6399.00,1985.00,90914.16,5454.78,1682.35,15735.84,944.22,302.65,14.75,85.25
2026-03-05,March,Q1,2026,Emirates,EK,Star Air,XX,USD,250,71620.00,4297.20,1025.00,60007.98,3600.46,865.28,11612.02,696.74,159.72,16.21,83.79
2025-11-07,November,Q4,2025,Qantas,QF,Star Air,XX,USD,496,224150.00,13449.00,5215.00,190716.64,11443.04,2677.03,33433.36,2005.96,2537.97,14.92,85.08
2025-11-07,November,Q4,2025,Air New Zealand,NZ,Star Air,XX,USD,249,85210.00,5112.60,1415.00,71541.35,4292.53,815.23,13668.66,820.07,599.77,16.04,83.96
2025-12-22,December,Q4,2025,Qantas,QF,Star Air,XX,USD,254,137305.00,8238.30,1550.00,117602.17,7056.08,1773.04,19702.83,1182.22,-223.04,14.35,85.65
2025-11-07,November,Q4,2025,Air Canada,AC,Star Air,XX,USD,250,79900.00,4794.00,1180.00,67943.33,4076.66,1460.54,11956.67,717.34,-280.54,14.96,85.04
2025-11-07,November,Q4,2025,SIA,SQ,Star Air,XX,USD,246,94265.00,5655.90,885.00,81462.10,4887.68,1149.02,12802.90,768.22,-264.02,13.58,86.42
2025-11-07,November,Q4,2025,Emirates,EK,Star Air,XX,USD,490,142330.00,8539.80,4555.00,120894.42,7253.65,2318.42,21435.58,1286.15,2236.58,15.06,84.94
2026-03-04,March,Q1,2026,Qantas,QF,Star Air,XX,USD,933,778390.00,46703.40,12780.00,655545.51,39332.75,10820.69,122844.49,7370.65,1959.31,15.78,84.22
2026-02-12,February,Q1,2026,Air France,AF,Star Air,XX,USD,248,192820.00,11569.20,3220.00,163443.00,9806.54,2779.03,29377.00,1762.66,440.97,15.24,84.76
2026-03-17,March,Q1,2026,Thai Airways International,TG,Star Air,XX,USD,227,160395.00,9623.70,3135.00,137200.36,8232.05,2802.27,23194.64,1391.65,332.73,14.46,85.54
2026-03-17,March,Q1,2026,American Airlines,AA,Star Air,XX,USD,241,256100.00,15366.00,5015.00,216922.15,13015.35,4101.38,39177.85,2350.65,913.62,15.30,84.70
2026-03-17,March,Q1,2026,British Airways,BA,Star Air,XX,USD,472,241955.00,14517.30,3690.00,205330.06,12319.78,3223.21,36624.94,2197.52,466.79,15.14,84.86
2026-03-04,March,Q1,2026,JetBlue,B6,Star Air,XX,USD,226,286085.00,17165.10,3925.00,241761.69,14505.77,3241.19,44323.31,2659.33,683.81,15.49,84.51
2026-02-12,February,Q1,2026,JetBlue,B6,Star Air,XX,USD,245,286995.00,17219.70,4320.00,243097.12,14585.79,3701.42,43897.88,2633.91,618.58,15.30,84.70
2026-03-17,March,Q1,2026,Qantas,QF,Star Air,XX,USD,491,634195.00,38051.70,10545.00,533980.23,32038.76,8841.28,100214.77,6012.94,1703.72,15.80,84.20
2026-03-04,March,Q1,2026,Blue Panorama,BV,Star Air,XX,USD,241,69425.00,4165.50,1080.00,58546.18,3512.76,949.72,10878.82,652.74,130.28,15.67,84.33
2026-03-17,March,Q1,2026,PIA,PK,Star Air,XX,USD,246,69500.00,4170.00,930.00,59184.50,3551.04,820.70,10315.50,618.96,109.30,14.84,85.16
2026-03-04,March,Q1,2026,Air Mauritius,MK,Star Air,XX,USD,244,151595.00,9095.70,2440.00,128149.77,7689.02,2090.60,23445.23,1406.68,349.40,15.47,84.53
2026-02-12,February,Q1,2026,Emirates,EK,Star Air,XX,USD,475,133170.00,7990.20,1690.00,113157.30,6789.40,1423.58,20012.70,1200.80,266.42,15.03,84.97
2026-02-12,February,Q1,2026,Air Canada,AC,Star Air,XX,USD,246,66505.00,3990.30,1195.00,56972.39,3418.22,1016.91,9532.61,572.08,178.09,14.33,85.67
2026-02-12,February,Q1,2026,Air Mauritius,MK,Star Air,XX,USD,254,171080.00,10264.80,2965.00,143844.36,8630.66,2551.92,27235.64,1634.14,413.08,15.92,84.08
2026-02-12,February,Q1,2026,Blue Panorama,BV,Star Air,XX,USD,255,62740.00,3764.40,1060.00,53132.07,3187.94,923.36,9607.94,576.46,136.64,15.31,84.69
2026-03-04,March,Q1,2026,Emirates,EK,Star Air,XX,USD,499,145895.00,8753.70,2400.00,123220.74,7393.30,2053.83,22674.26,1360.40,346.17,15.54,84.46
2026-03-04,March,Q1,2026,Air Canada,AC,Star Air,XX,USD,244,71525.00,4291.50,635.00,61183.88,3670.99,550.72,10341.13,620.51,84.28,14.46,85.54
2026-03-17,March,Q1,2026,Emirates,EK,Star Air,XX,USD,234,65155.00,3909.30,840.00,54824.19,3289.48,705.52,10330.81,619.82,134.48,15.86,84.14
2026-03-17,March,Q1,2026,Air Canada,AC,Star Air,XX,USD,243,71255.00,4275.30,760.00,60187.55,3611.22,679.10,11067.46,664.08,80.90,15.53,84.47
2026-03-04,March,Q1,2026,American Airlines,AA,Star Air,XX,USD,258,270755.00,16245.30,4195.00,229281.11,13756.94,3618.37,41473.89,2488.36,576.63,15.32,84.68
2025-03-28,March,Q1,2025,Thai Airways International,TG,Star Air,XX,USD,262,169065.00,10143.90,1985.00,143176.72,8590.61,1666.27,25888.28,1553.29,318.73,15.31,84.69
2025-02-13,February,Q1,2025,Qantas,QF,Star Air,XX,USD,495,315165.00,18909.90,4665.00,266591.42,15995.34,3914.06,48573.58,2914.56,750.94,15.41,84.59
2025-03-11,March,Q1,2025,Air India,AI,Star Air,XX,USD,237,74460.00,4467.60,925.00,62537.24,3752.22,781.91,11922.76,715.38,143.09,16.01,83.99
2025-02-13,February,Q1,2025,Thai Airways International,TG,Star Air,XX,USD,257,168720.00,10123.20,2860.00,142061.83,8523.75,2404.71,26658.17,1599.45,455.29,15.80,84.20
2025-03-11,March,Q1,2025,Jet Airways,9W,Star Air,XX,USD,495,128095.00,7685.70,1905.00,108319.30,6499.14,1601.09,19775.70,1186.56,303.91,15.44,84.56
2025-03-11,March,Q1,2025,Qantas,QF,Star Air,XX,USD,259,143865.00,8631.90,1845.00,123308.76,7398.51,1544.54,20556.24,1233.39,300.46,14.29,85.71
2025-03-28,March,Q1,2025,Qantas,QF,Star Air,XX,USD,1030,526560.00,31593.60,7390.00,444099.24,26646.01,6313.50,82460.76,4947.59,1076.50,15.66,84.34
2025-01-20,January,Q1,2025,Qantas,QF,Star Air,XX,USD,773,591115.00,35466.90,9340.00,500044.98,30002.64,8012.06,91070.02,5464.26,1327.94,15.41,84.59
2025-03-11,March,Q1,2025,Air New Zealand,NZ,Star Air,XX,USD,260,79090.00,4745.40,825.00,66888.26,4013.32,705.24,12201.74,732.08,119.76,15.43,84.57
2025-03-28,March,Q1,2025,PIA,PK,Star Air,XX,USD,257,75175.00,4510.50,1220.00,63593.93,3815.57,1062.08,11581.07,694.93,157.92,15.41,84.59
2025-01-20,January,Q1,2025,Emirates,EK,Star Air,XX,USD,511,145095.00,8705.70,2925.00,123198.41,7391.83,2458.91,21896.59,1313.87,466.09,15.09,84.91
2025-01-20,January,Q1,2025,Air Mauritius,MK,Star Air,XX,USD,260,161520.00,9691.20,3305.00,137821.30,8269.29,2778.77,23698.70,1421.91,526.23,14.67,85.33
2025-03-28,March,Q1,2025,Vietnam Airlines,VN,Star Air,XX,USD,1,485.00,29.10,0.00,393.63,23.62,0.00,91.37,5.48,0.00,18.84,81.16
2025-03-11,March,Q1,2025,Emirates,EK,Star Air,XX,USD,502,146335.00,8780.10,2015.00,123385.50,7402.93,1700.45,22949.50,1377.17,314.55,15.68,84.32
2025-02-13,February,Q1,2025,Air Mauritius,MK,Star Air,XX,USD,260,153515.00,9210.90,1910.00,129225.28,7753.58,1605.55,24289.72,1457.32,304.45,15.82,84.18
2025-03-11,March,Q1,2025,SIA,SQ,Star Air,XX,USD,252,117500.00,7050.00,1470.00,99407.73,5964.50,1217.94,18092.27,1085.50,252.06,15.40,84.60
2025-03-11,March,Q1,2025,Air Canada,AC,Star Air,XX,USD,259,75940.00,4556.40,930.00,64524.51,3871.52,775.48,11415.49,684.88,154.52,15.03,84.97
2025-02-13,February,Q1,2025,Emirates,EK,Star Air,XX,USD,490,136825.00,8209.50,2140.00,115899.20,6953.98,1844.13,20925.80,1255.52,295.87,15.29,84.71
2025-03-28,March,Q1,2025,Emirates,EK,Star Air,XX,USD,259,76510.00,4590.60,1600.00,64735.86,3884.15,1346.93,11774.14,706.45,253.07,15.39,84.61
2025-05-27,May,Q2,2025,Jet Airways,9W,Star Air,XX,USD,250,78920.00,4735.20,1325.00,66554.01,3993.23,1126.64,12365.99,741.97,198.36,15.67,84.33
2025-05-27,May,Q2,2025,Air New Zealand,NZ,Star Air,XX,USD,481,277605.00,16656.30,4780.00,234588.12,14075.37,4013.78,43016.88,2580.93,766.22,15.50,84.50
2025-05-27,May,Q2,2025,JetBlue,B6,Star Air,XX,USD,244,370435.00,22226.10,5775.00,313288.76,18797.44,4849.76,57146.24,3428.66,925.24,15.43,84.57
2025-05-27,May,Q2,2025,Qantas,QF,Star Air,XX,USD,475,376510.00,22590.60,5245.00,317272.33,19036.34,4398.10,59237.67,3554.26,846.90,15.73,84.27
2025-05-27,May,Q2,2025,Emirates,EK,Star Air,XX,USD,247,81855.00,4911.30,1025.00,68471.55,4108.27,878.58,13383.45,803.03,146.42,16.35,83.65
2025-08-27,August,Q3,2025,Thai Airways International,TG,Star Air,XX,USD,256,171325.00,10279.50,1825.00,146028.60,8761.73,1568.73,25296.40,1517.77,256.27,14.77,85.23
2025-05-27,May,Q2,2025,Air Canada,AC,Star Air,XX,USD,256,86075.00,5164.50,1235.00,73008.86,4380.54,1008.61,13066.14,783.96,226.39,15.18,84.82
2025-07-09,July,Q3,2025,Air India,AI,Star Air,XX,USD,255,90195.00,5411.70,1070.00,75885.75,4553.17,893.11,14309.25,858.53,176.89,15.86,84.14
2025-07-09,July,Q3,2025,Qantas,QF,Star Air,XX,USD,244,348000.00,20880.00,5870.00,296587.44,17795.24,5059.04,51412.56,3084.76,810.96,14.77,85.23
2025-07-09,July,Q3,2025,British Airways,BA,Star Air,XX,USD,479,258435.00,15506.10,3790.00,219472.85,13168.30,3265.73,38962.15,2337.80,524.27,15.08,84.92
2025-08-27,August,Q3,2025,Air Canada,AC,Star Air,XX,USD,490,161105.00,9666.30,1950.00,136546.75,8192.78,1675.04,24558.25,1473.52,274.96,15.24,84.76
2025-07-09,July,Q3,2025,PIA,PK,Star Air,XX,USD,266,83650.00,5019.00,1165.00,71974.09,4318.49,987.76,11675.91,700.51,177.24,13.96,86.04
2025-07-09,July,Q3,2025,Vietnam Airlines,VN,Star Air,XX,USD,1,860.00,51.60,85.00,729.64,43.78,72.96,130.36,7.82,12.04,15.16,84.84
2025-08-27,August,Q3,2025,American Airlines,AA,Star Air,XX,USD,498,557795.00,33467.70,8315.00,472586.79,28355.26,7049.22,85208.21,5112.44,1265.78,15.28,84.72
2025-07-09,July,Q3,2025,American Airlines,AA,Star Air,XX,USD,267,341230.00,20473.80,5400.00,288634.49,17318.07,4613.50,52595.51,3155.73,786.50,15.41,84.59
2025-08-27,August,Q3,2025,Qantas,QF,Star Air,XX,USD,229,170705.00,10242.30,2095.00,144713.93,8682.82,1817.75,25991.08,1559.48,277.25,15.23,84.77
2025-06-25,June,Q2,2025,Qantas,QF,Star Air,XX,USD,739,678560.00,40713.60,11390.00,571105.13,33951.04,9650.92,107454.87,6762.56,1739.08,15.84,84.16
2025-06-01,June,Q2,2025,Qantas,QF,Star Air,XX,USD,1216,1251535.00,75092.10,13490.00,1059289.51,63557.44,11524.09,192245.49,11534.66,1965.91,15.36,84.64
2025-06-02,June,Q2,2025,Qantas,QF,Star Air,XX,USD,722,599750.00,35985.00,7930.00,508313.55,30498.80,6939.81,91436.45,5486.20,990.19,15.25,84.75
2025-06-01,June,Q2,2025,Air France,AF,Star Air,XX,USD,237,245025.00,14701.50,3280.00,209881.48,12592.87,2787.99,35143.52,2108.63,492.01,14.34,85.66
2025-06-01,June,Q2,2025,Thai Airways International,TG,Star Air,XX,USD,247,188820.00,11329.20,3330.00,160940.32,9656.49,2809.94,27879.68,1672.71,520.06,14.77,85.23
2025-06-01,June,Q2,2025,Blue Panorama,BV,Star Air,XX,USD,217,66120.00,3967.20,1350.00,56006.27,3360.30,1115.85,10113.73,606.90,234.15,15.30,84.70
2025-06-25,June,Q2,2025,American Airlines,AA,Star Air,XX,USD,250,309710.00,18582.60,5005.00,262708.26,15762.46,4310.31,47001.74,2820.14,694.69,15.18,84.82
2025-06-01,June,Q2,2025,PIA,PK,Star Air,XX,USD,194,62580.00,3754.80,825.00,52446.70,3146.76,695.77,10133.30,608.04,129.23,16.19,83.81
2025-06-01,June,Q2,2025,American Airlines,AA,Star Air,XX,USD,231,292050.00,17523.00,4270.00,250192.25,15011.50,3678.06,41857.75,2511.50,591.94,14.33,85.67
2025-06-25,June,Q2,2025,Emirates,EK,Star Air,XX,USD,493,157800.00,9468.00,2620.00,133972.93,8038.39,2205.88,23827.07,1429.61,414.12,15.10,84.90
2025-06-25,June,Q2,2025,British Airways,BA,Star Air,XX,USD,222,118380.00,7102.80,1485.00,100749.70,6044.95,1216.24,17630.30,1057.85,268.76,14.89,85.11
2025-06-02,June,Q2,2025,Air Mauritius,MK,Star Air,XX,USD,244,185755.00,11145.30,3385.00,156256.68,9375.37,2923.42,29498.32,1769.93,461.58,15.88,84.12
2025-06-01,June,Q2,2025,Emirates,EK,Star Air,XX,USD,470,152880.00,9172.80,1815.00,129378.10,7762.65,1528.30,23501.90,1410.15,286.70,15.37,84.63
2025-06-01,June,Q2,2025,Air Canada,AC,Star Air,XX,USD,244,78345.00,4700.70,925.00,65745.55,3944.67,769.24,12599.45,756.03,155.76,16.08,83.92
2025-06-02,June,Q2,2025,Emirates,EK,Star Air,XX,USD,250,79495.00,4769.70,975.00,66651.76,3999.17,846.12,12843.24,770.53,128.88,16.16,83.84
2025-06-02,June,Q2,2025,Air India,AI,Star Air,XX,USD,247,78435.00,4706.10,1120.00,65918.99,3904.49,947.75,12516.01,801.61,172.25,15.96,84.04
2025-09-02,September,Q3,2025,Air New Zealand,NZ,Star Air,XX,USD,496,282255.00,16935.30,3995.00,238222.99,14293.43,3380.96,44032.01,2641.87,614.04,15.60,84.40
2025-09-02,September,Q3,2025,Jet Airways,9W,Star Air,XX,USD,246,70055.00,4203.30,1175.00,59520.68,3571.13,992.50,10534.32,632.17,182.50,15.04,84.96
2025-09-02,September,Q3,2025,Thai Airways International,TG,Star Air,XX,USD,258,167680.00,10060.80,2050.00,140406.30,8424.42,1668.79,27273.70,1636.38,381.21,16.27,83.73
2025-09-02,September,Q3,2025,JetBlue,B6,Star Air,XX,USD,257,341605.00,20496.30,4365.00,293128.84,17587.82,3708.13,48476.16,2908.48,656.87,14.19,85.81
2025-06-25,June,Q2,2025,Air Canada,AC,Star Air,XX,USD,233,77300.00,4638.00,970.00,65608.60,3936.46,813.07,11691.40,701.54,156.93,15.12,84.88
2025-09-02,September,Q3,2025,Qantas,QF,Star Air,XX,USD,245,144170.00,8650.20,2055.00,123181.38,7390.88,1711.39,20988.62,1259.32,343.61,14.56,85.44
2025-09-02,September,Q3,2025,Air India,AI,Star Air,XX,USD,258,85850.00,5151.00,1265.00,72737.79,4364.28,1065.70,13112.21,786.72,199.30,15.27,84.73
2025-09-02,September,Q3,2025,SIA,SQ,Star Air,XX,USD,482,203615.00,12216.90,3500.00,172793.37,10367.51,2975.77,30821.63,1849.39,524.23,15.14,84.86
2025-09-02,September,Q3,2025,Emirates,EK,Star Air,XX,USD,247,80985.00,4859.10,815.00,68561.96,4113.67,697.17,12423.04,745.43,117.83,15.34,84.66
2025-09-02,September,Q3,2025,PIA,PK,Star Air,XX,USD,261,80945.00,4856.70,1015.00,67839.40,4070.36,861.22,13105.60,786.34,153.78,16.19,83.81
2025-03-02,March,Q1,2025,Qantas,QF,Star Air,XX,USD,769,784775.00,47086.50,12915.00,662788.73,39767.17,10939.70,121986.27,7319.33,1975.30,15.54,84.46
2025-03-02,March,Q1,2025,PIA,PK,Star Air,XX,USD,244,67755.00,4065.30,875.00,57221.80,3433.37,767.70,10533.20,631.93,107.30,15.55,84.45
2025-03-02,March,Q1,2025,Air India,AI,Star Air,XX,USD,207,64675.00,3880.50,1440.00,55687.25,3341.32,1271.39,8987.75,539.18,168.61,13.90,86.10
2025-03-02,March,Q1,2025,American Airlines,AA,Star Air,XX,USD,512,539335.00,32360.10,9070.00,453919.80,27235.35,7542.99,85415.20,5124.75,1527.01,15.84,84.16
2025-03-02,March,Q1,2025,Air Canada,AC,Star Air,XX,USD,257,73050.00,4383.00,1175.00,62364.24,3741.82,982.49,10685.76,641.18,192.51,14.63,85.37
2025-03-02,March,Q1,2025,British Airways,BA,Star Air,XX,USD,241,107745.00,6464.70,1120.00,90990.74,5459.42,968.40,16754.26,1005.28,151.60,15.55,84.45
2025-03-02,March,Q1,2025,Blue Panorama,BV,Star Air,XX,USD,252,69935.00,4196.10,885.00,58054.49,3483.22,755.08,11880.51,712.88,129.92,16.99,83.01
2025-04-04,April,Q2,2025,Air New Zealand,NZ,Star Air,XX,USD,245,207335.00,12440.10,2380.00,177359.08,10641.55,2019.19,29975.92,1798.55,360.81,14.46,85.54
2025-04-06,April,Q2,2025,Qantas,QF,Star Air,XX,USD,979,764210.00,45852.60,12310.00,647651.03,38859.18,10403.20,116558.97,6993.42,1906.80,15.25,84.75
2025-04-04,April,Q2,2025,Qantas,QF,Star Air,XX,USD,724,443145.00,26588.70,7635.00,376893.07,22613.52,6347.93,66251.93,3975.18,1287.07,14.95,85.05
2025-04-06,April,Q2,2025,Air France,AF,Star Air,XX,USD,259,248975.00,14938.50,4865.00,211582.87,12694.97,4198.35,37392.13,2243.53,666.65,15.02,84.98
2025-04-04,April,Q2,2025,Thai Airways International,TG,Star Air,XX,USD,248,164700.00,9882.00,2165.00,140330.18,8419.83,1826.78,24369.82,1462.17,338.22,14.80,85.20
2025-04-06,April,Q2,2025,American Airlines,AA,Star Air,XX,USD,479,599820.00,35989.20,7920.00,509176.16,30550.50,6843.06,90643.84,5438.70,1076.94,15.11,84.89
2025-04-04,April,Q2,2025,Air Canada,AC,Star Air,XX,USD,239,70485.00,4229.10,1435.00,59361.47,3561.66,1202.74,11123.53,667.44,232.26,15.78,84.22
2025-04-06,April,Q2,2025,Emirates,EK,Star Air,XX,USD,251,76040.00,4562.40,1270.00,64029.24,3841.70,1067.07,12010.76,720.70,202.93,15.80,84.20
2025-04-04,April,Q2,2025,SIA,SQ,Star Air,XX,USD,231,106815.00,6408.90,1170.00,90719.33,5443.17,960.99,16095.67,965.73,209.01,15.07,84.93
2025-08-22,August,Q3,2025,Air New Zealand,NZ,Star Air,XX,USD,261,199115.00,11946.90,2930.00,167184.40,10031.08,2534.78,31930.60,1915.82,395.22,16.04,83.96
2025-04-04,April,Q2,2025,Emirates,EK,Star Air,XX,USD,447,137390.00,8243.40,2075.00,115666.25,6939.97,1740.96,21723.75,1303.43,334.04,15.81,84.19
2025-08-22,August,Q3,2025,Jet Airways,9W,Star Air,XX,USD,259,77380.00,4642.80,930.00,65090.73,3905.42,776.55,12289.27,737.38,153.45,15.88,84.12
2025-07-20,July,Q3,2025,Air France,AF,Star Air,XX,USD,231,214040.00,12842.40,3105.00,182993.93,10979.61,2674.89,31046.07,1862.79,430.11,14.50,85.50
2025-08-22,August,Q3,2025,Qantas,QF,Star Air,XX,USD,249,151455.00,9087.30,2235.00,127109.08,7626.59,1907.30,24345.92,1460.71,327.70,16.07,83.93
2025-07-20,July,Q3,2025,PIA,PK,Star Air,XX,USD,234,73880.00,4432.80,1165.00,61667.00,3700.02,982.34,12213.00,732.78,182.66,16.53,83.47
2025-07-20,July,Q3,2025,American Airlines,AA,Star Air,XX,USD,239,277325.00,16639.50,4025.00,233161.76,13989.72,3447.80,44163.24,2649.78,577.20,15.92,84.08
2025-07-20,July,Q3,2025,Qantas,QF,Star Air,XX,USD,739,889480.00,53368.80,15300.00,755454.91,45327.31,12960.42,134025.09,8041.49,2339.58,15.07,84.93
2025-07-20,July,Q3,2025,Blue Panorama,BV,Star Air,XX,USD,235,67080.00,4024.80,1125.00,56970.83,3418.30,969.60,10109.17,606.50,155.40,15.07,84.93
2025-08-22,August,Q3,2025,SIA,SQ,Star Air,XX,USD,249,109445.00,6566.70,2310.00,92133.06,5527.94,1928.22,17311.94,1038.76,381.78,15.82,84.18
2025-07-20,July,Q3,2025,Emirates,EK,Star Air,XX,USD,253,75450.00,4527.00,1345.00,63510.76,3810.72,1129.42,11939.24,716.28,215.58,15.82,84.18
2025-07-20,July,Q3,2025,Air Canada,AC,Star Air,XX,USD,244,72345.00,4340.70,1010.00,61507.99,3690.48,866.79,10837.01,650.22,143.21,14.98,85.02
2025-07-20,July,Q3,2025,Vietnam Airlines,VN,Star Air,XX,USD,1,765.00,45.90,0.00,695.60,41.74,0.00,69.40,4.16,0.00,9.07,90.93
2025-07-20,July,Q3,2025,JetBlue,B6,Star Air,XX,USD,258,338760.00,20325.60,4465.00,288187.76,17291.22,3769.16,50572.25,3034.38,695.84,14.93,85.07
2025-07-20,July,Q3,2025,British Airways,BA,Star Air,XX,USD,244,138400.00,8304.00,2090.00,116215.29,6972.87,1750.40,22184.71,1331.13,339.60,16.03,83.97
2025-10-10,October,Q4,2025,Air New Zealand,NZ,Star Air,XX,USD,257,192075.00,11524.50,3605.00,162103.68,9726.22,2075.89,29971.32,1798.28,1529.11,15.60,84.40
2025-10-10,October,Q4,2025,Qantas,QF,Star Air,XX,USD,741,497420.00,29845.20,11895.00,419820.56,25189.23,6030.42,77599.44,4655.97,5864.58,15.60,84.40
2025-01-04,January,Q1,2025,Jet Airways,9W,Star Air,XX,USD,231,65550.00,3933.00,1085.00,55308.09,3318.38,916.17,10241.91,614.62,168.83,15.62,84.38
2025-01-04,January,Q1,2025,British Airways,BA,Star Air,XX,USD,258,124690.00,7481.40,2665.00,106093.40,6365.58,2334.75,18596.60,1115.82,330.25,14.91,85.09
2025-01-04,January,Q1,2025,Emirates,EK,Star Air,XX,USD,459,135395.00,8123.70,1740.00,114947.91,6896.83,1500.34,20447.09,1226.87,239.66,15.10,84.90
2025-01-04,January,Q1,2025,Air Canada,AC,Star Air,XX,USD,264,83940.00,5036.40,970.00,71323.09,4279.39,804.66,12616.91,757.01,165.34,15.03,84.97
2025-01-04,January,Q1,2025,Qantas,QF,Star Air,XX,USD,262,191900.00,11514.00,2460.00,162975.03,9778.43,2166.44,28924.97,1735.57,293.56,15.07,84.93
2025-01-04,January,Q1,2025,Air Mauritius,MK,Star Air,XX,USD,248,155535.00,9332.10,2915.00,131610.14,7896.56,2392.14,23924.86,1435.54,522.86,15.38,84.62
2025-01-04,January,Q1,2025,SIA,SQ,Star Air,XX,USD,258,106950.00,6417.00,1955.00,89630.19,5377.72,1570.49,17319.81,1039.28,384.51,16.19,83.81
2025-06-28,June,Q2,2025,Jet Airways,9W,Star Air,XX,USD,235,72355.00,4341.30,575.00,60855.37,3651.37,473.07,11499.63,689.93,101.93,15.89,84.11
2025-06-28,June,Q2,2025,JetBlue,B6,Star Air,XX,USD,243,366080.00,21964.80,7245.00,310286.50,18617.21,6119.60,55793.51,3347.59,1125.40,15.24,84.76
2025-06-28,June,Q2,2025,PIA,PK,Star Air,XX,USD,222,74565.00,4473.90,1040.00,62944.00,3776.61,876.74,11621.00,697.29,163.26,15.59,84.41
2025-06-28,June,Q2,2025,Qantas,QF,Star Air,XX,USD,468,490620.00,29437.20,6975.00,416837.52,25385.71,5861.01,73782.48,4051.49,1113.99,15.04,84.96
2025-06-28,June,Q2,2025,American Airlines,AA,Star Air,XX,USD,509,633760.00,38025.60,11325.00,538071.72,32284.37,9564.54,95688.28,5741.23,1760.46,15.10,84.90
2025-06-28,June,Q2,2025,Emirates,EK,Star Air,XX,USD,699,228045.00,13682.70,3420.00,194127.53,11647.72,2878.86,33917.47,2034.98,541.14,14.87,85.13
2025-06-28,June,Q2,2025,SIA,SQ,Star Air,XX,USD,260,107735.00,6464.10,1300.00,90847.41,4843.55,1090.26,16887.59,1620.55,209.74,15.68,84.32
2025-09-17,September,Q3,2025,Thai Airways International,TG,Star Air,XX,USD,236,155125.00,9307.50,2640.00,133548.32,8012.84,2257.14,21576.68,1294.66,382.86,13.91,86.09
2025-09-17,September,Q3,2025,Qantas,QF,Star Air,XX,USD,245,153305.00,9198.30,2545.00,129281.78,7756.93,2135.01,24023.22,1441.37,409.99,15.67,84.33
2025-09-07,September,Q3,2025,Qantas,QF,Star Air,XX,USD,230,318940.00,19136.40,5760.00,268755.49,16125.37,4891.77,50184.51,3011.03,868.23,15.73,84.27
2025-09-07,September,Q3,2025,American Airlines,AA,Star Air,XX,USD,475,503195.00,30191.70,8115.00,430411.05,25824.56,6972.25,72783.95,4367.14,1142.75,14.46,85.54
2025-09-07,September,Q3,2025,Emirates,EK,Star Air,XX,USD,723,215750.00,12945.00,3685.00,182835.59,10970.06,3079.35,32914.41,1974.94,605.65,15.26,84.74
2025-09-17,September,Q3,2025,Malaysia Airlines,MH,Star Air,XX,USD,1,370.00,22.20,0.00,372.19,22.33,0.00,-2.19,-0.13,0.00,-0.59,100.59
2025-09-17,September,Q3,2025,PIA,PK,Star Air,XX,USD,256,81690.00,4901.40,1105.00,68273.77,4096.37,932.34,13416.23,805.03,172.66,16.42,83.58
2025-09-07,September,Q3,2025,British Airways,BA,Star Air,XX,USD,238,120210.00,7212.60,2115.00,103379.26,6202.78,1780.20,16830.74,1009.82,334.80,14.00,86.00
2025-09-17,September,Q3,2025,American Airlines,AA,Star Air,XX,USD,524,573190.00,34391.40,9185.00,487973.48,29278.38,7697.89,85216.52,5113.02,1487.11,14.87,85.13
2025-09-07,September,Q3,2025,JetBlue,B6,Star Air,XX,USD,260,341260.00,20475.60,5165.00,288903.38,17334.20,4374.30,52356.62,3141.40,790.70,15.34,84.66
2025-09-17,September,Q3,2025,British Airways,BA,Star Air,XX,USD,230,123710.00,7422.60,1465.00,104209.72,6252.59,1239.77,19500.28,1170.01,225.23,15.76,84.24
2025-09-17,September,Q3,2025,Emirates,EK,Star Air,XX,USD,237,71375.00,4282.50,860.00,60303.98,3618.22,751.68,11071.02,664.28,108.32,15.51,84.49
2025-09-17,September,Q3,2025,Air Canada,AC,Star Air,XX,USD,253,78080.00,4684.80,990.00,66447.39,3986.83,838.75,11632.61,697.97,151.25,14.90,85.10
2025-11-04,November,Q4,2025,Thai Airways International,TG,Star Air,XX,USD,258,157355.00,9441.30,1220.00,132478.51,7948.70,1499.94,24876.49,1492.60,-279.94,15.81,84.19
2025-10-10,October,Q4,2025,SIA,SQ,Star Air,XX,USD,236,109165.00,6549.90,960.00,92191.52,5531.43,1153.18,16973.48,1018.47,-193.18,15.55,84.45
2025-10-10,October,Q4,2025,Emirates,EK,Star Air,XX,USD,489,147945.00,8876.70,5315.00,124579.72,7474.81,2273.61,23365.28,1401.89,3041.39,15.79,84.21
2026-01-30,January,Q1,2026,Air New Zealand,NZ,Star Air,XX,USD,257,186955.00,11217.30,3740.00,158078.53,9484.79,3163.40,28876.47,1732.51,576.60,15.45,84.55
2026-01-30,January,Q1,2026,Qantas,QF,Star Air,XX,USD,762,458205.00,27492.30,7270.00,388586.65,23315.24,6257.43,69618.35,4177.06,1012.57,15.19,84.81
2026-01-24,January,Q1,2026,Air India,AI,Star Air,XX,USD,258,79870.00,4792.20,1065.00,67699.51,4061.97,910.31,12170.49,730.23,154.69,15.24,84.76
2026-01-24,January,Q1,2026,PIA,PK,Star Air,XX,USD,233,60930.00,3655.80,755.00,51976.31,3118.57,638.74,8953.69,537.23,116.26,14.70,85.30
2026-01-30,January,Q1,2026,Thai Airways International,TG,Star Air,XX,USD,245,148060.00,8883.60,2235.00,126434.14,7585.97,1880.90,21625.86,1297.63,354.10,14.61,85.39
2026-01-24,January,Q1,2026,Qantas,QF,Star Air,XX,USD,463,467645.00,28058.70,7655.00,394098.82,23645.90,6480.91,73546.18,4412.80,1174.09,15.73,84.27
2026-01-24,January,Q1,2026,Air Canada,AC,Star Air,XX,USD,471,134220.00,8053.20,2550.00,112501.27,6749.95,2123.35,21718.73,1303.25,426.65,16.18,83.82
2026-01-24,January,Q1,2026,Emirates,EK,Star Air,XX,USD,496,136895.00,8213.70,1860.00,115175.98,6910.60,1517.58,21719.02,1303.10,342.42,15.87,84.13
2026-01-24,January,Q1,2026,American Airlines,AA,Star Air,XX,USD,245,257790.00,15467.40,4380.00,219327.57,13159.66,3689.71,38462.43,2307.74,690.29,14.92,85.08
2026-01-24,January,Q1,2026,SIA,SQ,Star Air,XX,USD,261,97835.00,5870.10,1360.00,82996.46,4979.70,1159.76,14838.54,890.40,200.24,15.17,84.83
2025-11-04,November,Q4,2025,JetBlue,B6,Star Air,XX,USD,247,352030.00,21121.80,7235.00,297879.99,17872.81,2838.33,54150.01,3248.99,4396.67,15.38,84.62
2025-11-04,November,Q4,2025,Jet Airways,9W,Star Air,XX,USD,263,69770.00,4186.20,605.00,58786.83,3527.20,785.33,10983.17,659.00,-180.33,15.74,84.26
2025-11-04,November,Q4,2025,Air India,AI,Star Air,XX,USD,232,74600.00,4476.00,22500.00,63096.45,3785.84,1245.48,11503.55,690.16,21254.52,15.42,84.58
2025-11-04,November,Q4,2025,Qantas,QF,Star Air,XX,USD,454,306490.00,18389.40,3075.00,260878.83,15652.71,3998.95,45611.17,2736.69,-923.95,14.88,85.12
2025-10-06,October,Q4,2025,Qantas,QF,Star Air,XX,USD,717,515310.00,30918.60,4260.00,435952.22,26157.11,4911.21,79357.78,4761.49,-651.21,15.40,84.60
2025-10-06,October,Q4,2025,Jet Airways,9W,Star Air,XX,USD,250,67190.00,4031.40,12340.00,56474.04,3388.55,780.18,10715.96,642.85,11559.82,15.95,84.05
2025-11-04,November,Q4,2025,Emirates,EK,Star Air,XX,USD,251,74335.00,4460.10,725.00,63215.19,3792.87,1001.22,11119.81,667.23,-276.22,14.96,85.04
2025-10-06,October,Q4,2025,Emirates,EK,Star Air,XX,USD,237,68775.00,4126.50,705.00,57877.75,3472.58,858.82,10897.25,653.92,-153.82,15.84,84.16
2025-11-04,November,Q4,2025,SIA,SQ,Star Air,XX,USD,253,101455.00,6087.30,1195.00,86339.84,5180.37,1525.51,15115.16,906.93,-330.51,14.90,85.10
2025-11-04,November,Q4,2025,Air Mauritius,MK,Star Air,XX,USD,215,135100.00,8106.00,1035.00,113839.82,6830.36,1676.38,21260.18,1275.64,-641.38,15.74,84.26
2025-10-06,October,Q4,2025,Air India,AI,Star Air,XX,USD,242,65975.00,3958.50,595.00,55433.33,3325.97,869.55,10541.67,632.53,-274.55,15.98,84.02
2025-11-04,November,Q4,2025,Air Canada,AC,Star Air,XX,USD,241,71755.00,4305.30,1825.00,60826.56,3649.53,770.51,10928.44,655.77,1054.49,15.23,84.77
2026-03-01,March,Q1,2026,Air India,AI,Star Air,XX,USD,248,72650.00,4359.00,975.00,61734.75,3704.15,831.34,10915.25,654.85,143.66,15.02,84.98
2026-03-01,March,Q1,2026,Qantas,QF,Star Air,XX,USD,1479,1229885.00,73793.10,15925.00,1044480.62,62668.79,13514.59,185404.38,11124.31,2410.41,15.07,84.93
2026-03-01,March,Q1,2026,American Airlines,AA,Star Air,XX,USD,233,259685.00,15581.10,3555.00,217624.89,13057.55,2932.60,42060.11,2523.55,622.40,16.20,83.80
2026-03-01,March,Q1,2026,Jet Airways,9W,Star Air,XX,USD,242,64805.00,3888.30,1240.00,55297.44,3317.90,1072.23,9507.56,570.40,167.77,14.67,85.33
2026-03-01,March,Q1,2026,Blue Panorama,BV,Star Air,XX,USD,249,66385.00,3983.10,950.00,55857.47,3351.49,817.11,10527.53,631.61,132.89,15.86,84.14
2026-03-01,March,Q1,2026,Air Mauritius,MK,Star Air,XX,USD,221,134385.00,8063.10,1870.00,114520.08,6871.18,1641.81,19864.92,1191.92,228.19,14.78,85.22
2026-03-01,March,Q1,2026,Air Canada,AC,Star Air,XX,USD,245,73260.00,4395.60,985.00,61052.58,3663.09,814.37,12207.43,732.51,170.63,16.66,83.34
2026-03-01,March,Q1,2026,Emirates,EK,Star Air,XX,USD,492,134160.00,8049.60,1635.00,114183.94,6850.90,1392.01,19976.06,1198.70,242.99,14.89,85.11
2026-03-01,March,Q1,2026,JetBlue,B6,Star Air,XX,USD,257,327000.00,19620.00,4470.00,277021.34,16621.20,3718.53,49978.66,2998.80,751.47,15.28,84.72
2026-03-01,March,Q1,2026,British Airways,BA,Star Air,XX,USD,250,134700.00,8082.00,3580.00,114662.04,6879.66,3112.81,20037.96,1202.34,467.19,14.88,85.12
2025-11-01,November,Q4,2025,Air India,AI,Star Air,XX,USD,268,93625.00,5617.50,725.00,78460.45,4707.60,1068.84,15164.55,909.90,-343.84,16.20,83.80
2025-11-01,November,Q4,2025,Thai Airways International,TG,Star Air,XX,USD,270,185530.00,11131.80,27275.00,158804.48,9528.27,3148.69,26725.52,1603.53,24126.31,14.40,85.60
2025-11-01,November,Q4,2025,Air Mauritius,MK,Star Air,XX,USD,245,164490.00,9869.40,16255.00,140907.65,8454.50,1759.13,23582.36,1414.90,14495.87,14.34,85.66
2025-11-01,November,Q4,2025,British Airways,BA,Star Air,XX,USD,247,115185.00,6911.10,800.00,97226.65,5833.57,1281.86,17958.35,1077.53,-481.86,15.59,84.41
2025-11-01,November,Q4,2025,Jet Airways,9W,Star Air,XX,USD,247,66855.00,4011.30,10045.00,56151.80,3369.07,711.37,10703.20,642.23,9333.63,16.01,83.99
2025-11-01,November,Q4,2025,Emirates,EK,Star Air,XX,USD,216,65465.00,3927.90,705.00,55762.31,3345.71,1048.91,9702.69,582.19,-343.91,14.82,85.18
2025-11-01,November,Q4,2025,American Airlines,AA,Star Air,XX,USD,233,240330.00,14419.80,1725.00,203670.83,12220.27,2205.06,36659.17,2199.53,-480.06,15.25,84.75
2025-11-01,November,Q4,2025,Qantas,QF,Star Air,XX,USD,235,293970.00,17638.20,5555.00,247787.87,14867.30,2861.67,46182.13,2770.90,2693.33,15.71,84.29
2025-11-01,November,Q4,2025,SIA,SQ,Star Air,XX,USD,258,101745.00,6104.70,3700.00,86061.46,5163.68,1446.77,15683.54,941.02,2253.23,15.41,84.59
2026-03-08,March,Q1,2026,Qantas,QF,Star Air,XX,USD,482,400735.00,24044.10,7380.00,336126.48,20167.61,6161.24,64608.52,3876.49,1218.76,16.12,83.88
2026-03-08,March,Q1,2026,Emirates,EK,Star Air,XX,USD,251,80050.00,4803.00,1200.00,66781.14,4006.86,1014.25,13268.86,796.14,185.75,16.58,83.42
2026-03-08,March,Q1,2026,Air India,AI,Star Air,XX,USD,257,69890.00,4193.40,895.00,59312.54,3558.72,774.44,10577.46,634.68,120.56,15.13,84.87
2026-01-28,January,Q1,2026,Qantas,QF,Star Air,XX,USD,729,583750.00,35025.00,9795.00,491582.61,29494.87,8292.21,92167.39,5530.13,1502.79,15.79,84.21
2026-01-28,January,Q1,2026,British Airways,BA,Star Air,XX,USD,243,106595.00,6395.70,1225.00,89616.84,5376.97,1032.26,16978.16,1018.73,192.74,15.93,84.07
2026-01-28,January,Q1,2026,American Airlines,AA,Star Air,XX,USD,251,268045.00,16082.70,6155.00,226084.53,13565.11,5220.63,41960.47,2517.59,934.37,15.65,84.35
2026-01-28,January,Q1,2026,Emirates,EK,Star Air,XX,USD,251,71115.00,4266.90,1035.00,59365.10,3561.91,875.75,11749.90,704.99,159.25,16.52,83.48
2025-01-09,January,Q1,2025,Qantas,QF,Star Air,XX,USD,749,631980.00,37918.80,9530.00,535759.83,32145.40,8088.89,96220.17,5773.40,1441.11,15.23,84.77
2025-01-09,January,Q1,2025,Air India,AI,Star Air,XX,USD,245,65995.00,3959.70,1305.00,56329.91,3379.79,1133.41,9665.09,579.91,171.59,14.65,85.35
2025-01-09,January,Q1,2025,Air Mauritius,MK,Star Air,XX,USD,263,156925.00,9415.50,1705.00,132463.70,7947.90,1418.16,24461.30,1467.60,286.84,15.59,84.41
2025-01-09,January,Q1,2025,Emirates,EK,Star Air,XX,USD,260,71095.00,4265.70,975.00,59860.90,3591.67,815.49,11234.10,674.03,159.51,15.80,84.20
2025-01-09,January,Q1,2025,Air Canada,AC,Star Air,XX,USD,247,72515.00,4350.90,1125.00,60768.92,3646.07,943.74,11746.08,704.83,181.26,16.20,83.80
2025-06-18,June,Q2,2025,Thai Airways International,TG,Star Air,XX,USD,248,169540.00,10172.40,1990.00,142892.81,8573.53,1681.19,26647.19,1598.87,308.81,15.72,84.28
2025-04-26,April,Q2,2025,Thai Airways International,TG,Star Air,XX,USD,244,166625.00,9997.50,1920.00,141192.99,8471.55,1676.79,25432.01,1525.95,243.21,15.26,84.74
2025-04-26,April,Q2,2025,Jet Airways,9W,Star Air,XX,USD,241,74235.00,4454.10,795.00,61942.65,3716.54,652.06,12292.35,737.56,142.94,16.56,83.44
2025-04-26,April,Q2,2025,JetBlue,B6,Star Air,XX,USD,241,365545.00,21932.70,4490.00,306472.00,18388.31,3797.53,59073.00,3544.39,692.47,16.16,83.84
2025-06-18,June,Q2,2025,American Airlines,AA,Star Air,XX,USD,724,900240.00,54014.40,13460.00,759102.27,43276.26,11231.80,141137.73,10738.14,2228.20,15.68,84.32
2025-04-26,April,Q2,2025,PIA,PK,Star Air,XX,USD,212,74640.00,4478.40,1090.00,62357.85,3741.54,904.19,12282.15,736.86,185.81,16.46,83.54
2025-06-18,June,Q2,2025,British Airways,BA,Star Air,XX,USD,423,233495.00,14009.70,3405.00,196665.04,11367.91,2895.40,36829.96,2641.79,509.60,15.77,84.23
2025-04-26,April,Q2,2025,Air Canada,AC,Star Air,XX,USD,458,155470.00,9328.20,2795.00,131676.65,7900.59,2359.60,23793.36,1427.61,435.40,15.30,84.70
2025-04-26,April,Q2,2025,Emirates,EK,Star Air,XX,USD,707,223795.00,13427.70,3175.00,189255.29,11355.12,2688.35,34539.71,2072.58,486.65,15.43,84.57
2025-06-18,June,Q2,2025,Emirates,EK,Star Air,XX,USD,462,146915.00,8814.90,2265.00,124968.72,7498.22,1933.32,21946.28,1316.68,331.68,14.94,85.06
2025-06-18,June,Q2,2025,Malaysia Airlines,MH,Star Air,XX,USD,1,480.00,28.80,0.00,382.19,22.93,0.00,97.81,5.87,0.00,20.38,79.62
2025-04-26,April,Q2,2025,Qantas,QF,Star Air,XX,USD,235,303630.00,18217.80,4710.00,258415.71,15021.94,4029.44,45214.29,3195.86,680.56,14.89,85.11
2025-06-18,June,Q2,2025,Qantas,QF,Star Air,XX,USD,223,281620.00,16897.20,2630.00,239408.26,13896.98,2229.77,42211.74,3000.22,400.23,14.99,85.01
2025-06-18,June,Q2,2025,Air Canada,AC,Star Air,XX,USD,236,76345.00,4580.70,1150.00,64555.65,3873.35,991.79,11789.35,707.35,158.21,15.44,84.56
2025-09-04,September,Q3,2025,Thai Airways International,TG,Star Air,XX,USD,238,156955.00,9417.30,2305.00,132248.88,7934.93,1898.97,24706.12,1482.37,406.03,15.74,84.26
2025-08-29,August,Q3,2025,Jet Airways,9W,Star Air,XX,USD,251,68205.00,4092.30,975.00,57876.51,3472.56,832.34,10328.49,619.74,142.66,15.14,84.86
2025-08-29,August,Q3,2025,Qantas,QF,Star Air,XX,USD,494,313700.00,18822.00,4110.00,263849.77,15831.01,3445.90,49850.23,2990.99,664.10,15.89,84.11
2025-08-29,August,Q3,2025,Air New Zealand,NZ,Star Air,XX,USD,227,77215.00,4632.90,1360.00,64767.09,3886.05,1122.11,12447.91,746.85,237.89,16.12,83.88
2025-08-29,August,Q3,2025,Thai Airways International,TG,Star Air,XX,USD,244,157080.00,9424.80,2365.00,133612.06,8016.72,1969.08,23467.94,1408.08,395.92,14.94,85.06
2025-08-29,August,Q3,2025,PIA,PK,Star Air,XX,USD,242,71170.00,4270.20,760.00,60405.17,3624.24,638.53,10764.83,645.96,121.47,15.13,84.87
2025-09-04,September,Q3,2025,JetBlue,B6,Star Air,XX,USD,176,225645.00,13538.70,2945.00,190507.40,11430.48,2396.94,35137.60,2108.22,548.06,15.57,84.43
2025-09-04,September,Q3,2025,Air India,AI,Star Air,XX,USD,248,75475.00,4528.50,1125.00,64263.15,3855.72,976.02,11211.85,672.78,148.98,14.86,85.14
2025-09-04,September,Q3,2025,PIA,PK,Star Air,XX,USD,249,74000.00,4440.00,1460.00,62246.53,3734.77,1236.03,11753.47,705.23,223.97,15.88,84.12
2025-09-04,September,Q3,2025,Vietnam Airlines,VN,Star Air,XX,USD,1,780.00,46.80,0.00,594.44,35.67,0.00,185.56,11.13,0.00,23.79,76.21
2025-08-29,August,Q3,2025,Emirates,EK,Star Air,XX,USD,257,77455.00,4647.30,1010.00,65807.62,3948.47,852.67,11647.39,698.83,157.33,15.04,84.96
2025-09-04,September,Q3,2025,Air Mauritius,MK,Star Air,XX,USD,254,163265.00,9795.90,2200.00,138210.67,8292.69,1858.84,25054.33,1503.21,341.16,15.35,84.65
2025-09-04,September,Q3,2025,Emirates,EK,Star Air,XX,USD,496,153910.00,9234.60,2740.00,130467.35,7827.96,2314.44,23442.65,1406.64,425.56,15.23,84.77
2025-02-12,February,Q1,2025,Qantas,QF,Star Air,XX,USD,481,405740.00,24344.40,5190.00,340352.37,20421.16,4326.37,65387.63,3923.24,863.63,16.12,83.88
2025-02-12,February,Q1,2025,American Airlines,AA,Star Air,XX,USD,257,290210.00,17412.60,4615.00,246356.51,14781.44,3949.85,43853.49,2631.16,665.15,15.11,84.89
2025-02-12,February,Q1,2025,Thai Airways International,TG,Star Air,XX,USD,259,151030.00,9061.80,2210.00,127927.81,7675.74,1831.92,23102.19,1386.06,378.08,15.30,84.70
2025-02-12,February,Q1,2025,Air India,AI,Star Air,XX,USD,246,72750.00,4365.00,1210.00,60986.79,3659.22,1033.90,11763.21,705.78,176.10,16.17,83.83
2025-01-12,January,Q1,2025,Qantas,QF,Star Air,XX,USD,742,580770.00,34846.20,8080.00,490162.10,29409.89,6930.42,90607.90,5436.31,1149.58,15.60,84.40
2025-01-12,January,Q1,2025,Thai Airways International,TG,Star Air,XX,USD,253,153630.00,9217.80,2155.00,130931.06,7855.84,1860.02,22698.94,1361.96,294.98,14.78,85.22
2025-02-12,February,Q1,2025,British Airways,BA,Star Air,XX,USD,256,114145.00,6848.70,1475.00,96507.23,5790.45,1269.25,17637.78,1058.25,205.75,15.45,84.55
2025-01-12,January,Q1,2025,American Airlines,AA,Star Air,XX,USD,265,284660.00,17079.60,3460.00,239834.17,14390.14,2967.11,44825.83,2689.46,492.89,15.75,84.25
2025-01-12,January,Q1,2025,Emirates,EK,Star Air,XX,USD,505,140310.00,8418.60,2210.00,118242.79,7094.54,1862.13,22067.21,1324.06,347.87,15.73,84.27
2025-02-12,February,Q1,2025,PIA,PK,Star Air,XX,USD,234,71795.00,4307.70,1055.00,59945.39,3596.63,899.57,11849.61,711.07,155.43,16.50,83.50
2025-02-12,February,Q1,2025,Emirates,EK,Star Air,XX,USD,262,73220.00,4393.20,1230.00,62010.21,3720.57,1047.48,11209.79,672.63,182.52,15.31,84.69
2025-02-12,February,Q1,2025,Air Canada,AC,Star Air,XX,USD,244,68660.00,4119.60,725.00,58026.75,3481.62,619.47,10633.25,637.98,105.53,15.49,84.51
2025-04-22,April,Q2,2025,Jet Airways,9W,Star Air,XX,USD,486,150135.00,9008.10,1695.00,127574.40,7654.52,1433.10,22560.60,1353.58,261.90,15.03,84.97
2025-04-22,April,Q2,2025,Thai Airways International,TG,Star Air,XX,USD,235,169035.00,10142.10,2215.00,141533.09,8492.01,1853.24,27501.91,1650.09,361.76,16.27,83.73
2025-06-15,June,Q2,2025,Air India,AI,Star Air,XX,USD,216,79130.00,4747.80,1590.00,68227.26,4093.67,1352.11,10902.74,654.13,237.89,13.78,86.22
2025-04-22,April,Q2,2025,Air New Zealand,NZ,Star Air,XX,USD,239,189285.00,11357.10,2380.00,160613.67,9636.81,2013.46,28671.33,1720.29,366.54,15.15,84.85
2025-04-22,April,Q2,2025,JetBlue,B6,Star Air,XX,USD,247,359755.00,21585.30,6670.00,303376.77,18202.56,5473.11,56378.23,3382.74,1196.89,15.67,84.33
2025-06-15,June,Q2,2025,Air France,AF,Star Air,XX,USD,232,244075.00,14644.50,3185.00,204843.34,12290.63,2597.45,39231.66,2353.87,587.55,16.07,83.93
2025-04-22,April,Q2,2025,Vietnam Airlines,VN,Star Air,XX,USD,1,815.00,48.90,0.00,621.67,37.30,0.00,193.33,11.60,0.00,23.72,76.28
2025-04-22,April,Q2,2025,Qantas,QF,Star Air,XX,USD,247,151915.00,9114.90,1970.00,128430.39,7705.79,1684.53,23484.61,1409.11,285.47,15.46,84.54
2025-06-15,June,Q2,2025,Thai Airways International,TG,Star Air,XX,USD,248,170205.00,10212.30,2425.00,144051.77,8643.03,2017.33,26153.23,1569.27,407.67,15.37,84.63
2025-04-22,April,Q2,2025,Air India,AI,Star Air,XX,USD,246,92430.00,5545.80,1440.00,77958.21,4677.53,1236.88,14471.79,868.27,203.12,15.66,84.34
2025-06-15,June,Q2,2025,Blue Panorama,BV,Star Air,XX,USD,226,75090.00,4505.40,1015.00,63011.86,3780.77,858.16,12078.14,724.63,156.84,16.08,83.92
2025-04-22,April,Q2,2025,Emirates,EK,Star Air,XX,USD,462,152245.00,9134.70,2645.00,128142.00,7688.48,2261.65,24103.00,1446.22,383.35,15.83,84.17
2025-06-15,June,Q2,2025,Qantas,QF,Star Air,XX,USD,964,1062825.00,63769.50,15315.00,896314.45,53778.85,12880.02,166510.55,9990.65,2434.98,15.67,84.33
2025-06-15,June,Q2,2025,British Airways,BA,Star Air,XX,USD,253,154970.00,9298.20,1970.00,129882.60,7292.35,1681.71,25087.40,2005.85,288.29,16.19,83.81
2025-06-15,June,Q2,2025,Emirates,EK,Star Air,XX,USD,236,73465.00,4407.90,1010.00,62250.17,3734.98,845.18,11214.83,672.92,164.82,15.27,84.73
2025-06-15,June,Q2,2025,JetBlue,B6,Star Air,XX,USD,230,348620.00,20917.20,7065.00,296067.79,17764.02,6085.50,52552.21,3153.18,979.50,15.07,84.93
2025-04-22,April,Q2,2025,PIA,PK,Star Air,XX,USD,243,76775.00,4606.50,1325.00,64999.01,3926.11,1111.42,11775.99,680.39,213.58,15.34,84.66
2025-04-22,April,Q2,2025,SIA,SQ,Star Air,XX,USD,264,107525.00,6451.50,1470.00,90706.36,5287.35,1221.83,16818.64,1164.15,248.17,15.64,84.36
2025-04-22,April,Q2,2025,Air Mauritius,MK,Star Air,XX,USD,234,151680.00,9100.80,3145.00,129857.42,6720.64,2743.48,21822.58,2380.16,401.52,14.39,85.61
2025-08-04,August,Q3,2025,Qantas,QF,Star Air,XX,USD,489,296970.00,17818.20,4770.00,250568.85,15034.18,4059.27,46401.15,2784.02,710.73,15.62,84.38
2025-08-04,August,Q3,2025,Emirates,EK,Star Air,XX,USD,240,77890.00,4673.40,1110.00,65322.77,3919.28,933.19,12567.23,754.12,176.81,16.13,83.87
2025-07-16,July,Q3,2025,British Airways,BA,Star Air,XX,USD,232,132405.00,7944.30,2820.00,112816.64,6769.05,2382.57,19588.36,1175.25,437.43,14.79,85.21
2025-07-16,July,Q3,2025,Qantas,QF,Star Air,XX,USD,477,521905.00,31314.30,6775.00,441325.67,26479.64,5635.25,80579.33,4834.66,1139.75,15.44,84.56
2025-07-16,July,Q3,2025,Air Canada,AC,Star Air,XX,USD,232,71960.00,4317.60,1190.00,60541.86,3632.49,980.38,11418.14,685.11,209.62,15.87,84.13
2025-07-16,July,Q3,2025,Emirates,EK,Star Air,XX,USD,236,83755.00,5025.30,1285.00,70854.53,4251.32,1102.47,12900.47,773.98,182.53,15.40,84.60
2025-07-16,July,Q3,2025,American Airlines,AA,Star Air,XX,USD,271,283840.00,17030.40,4550.00,242326.38,14539.52,3853.67,41513.62,2490.88,696.33,14.63,85.37
2026-01-04,January,Q1,2026,Qantas,QF,Star Air,XX,USD,480,476880.00,28612.80,8210.00,403985.06,24239.16,6953.18,72894.94,4373.64,1256.82,15.29,84.71
2026-02-01,February,Q1,2026,Air India,AI,Star Air,XX,USD,228,78275.00,4696.50,545.00,65833.64,3950.06,474.46,12441.36,746.44,70.54,15.89,84.11
2026-01-04,January,Q1,2026,Air India,AI,Star Air,XX,USD,254,81325.00,4879.50,1035.00,69220.02,4153.32,891.10,12104.98,726.18,143.90,14.88,85.12
2026-01-04,January,Q1,2026,Thai Airways International,TG,Star Air,XX,USD,249,153155.00,9189.30,1795.00,129570.23,7774.21,1521.97,23584.77,1415.09,273.03,15.40,84.60
2026-02-01,February,Q1,2026,Air France,AF,Star Air,XX,USD,246,227150.00,13629.00,2700.00,192726.05,11563.54,2307.43,34423.95,2065.46,392.57,15.15,84.85
2026-01-04,January,Q1,2026,Air France,AF,Star Air,XX,USD,226,183115.00,10986.90,2825.00,154242.14,9254.55,2356.59,28872.86,1732.35,468.41,15.77,84.23
2026-02-01,February,Q1,2026,Qantas,QF,Star Air,XX,USD,480,422180.00,25330.80,7335.00,356425.20,21385.50,6280.96,65754.80,3945.30,1054.04,15.58,84.42
2026-02-01,February,Q1,2026,PIA,PK,Star Air,XX,USD,247,73200.00,4392.00,780.00,61734.21,3704.06,662.70,11465.79,687.94,117.30,15.66,84.34
2026-01-04,January,Q1,2026,Blue Panorama,BV,Star Air,XX,USD,238,68045.00,4082.70,985.00,58497.86,3509.87,878.74,9547.14,572.83,106.26,14.03,85.97
2026-01-04,January,Q1,2026,PIA,PK,Star Air,XX,USD,234,63900.00,3834.00,800.00,54520.15,3271.25,695.70,9379.85,562.75,104.30,14.68,85.32
2026-02-01,February,Q1,2026,American Airlines,AA,Star Air,XX,USD,236,242905.00,14574.30,2505.00,204336.97,12260.24,2114.94,38568.03,2314.06,390.06,15.88,84.12
2026-02-01,February,Q1,2026,Emirates,EK,Star Air,XX,USD,488,137740.00,8264.40,1945.00,116179.36,6970.71,1651.62,21560.64,1293.69,293.38,15.65,84.35
2026-02-01,February,Q1,2026,Air Canada,AC,Star Air,XX,USD,241,64305.00,3858.30,985.00,53884.58,3233.05,790.49,10420.42,625.25,194.51,16.20,83.80
2026-01-04,January,Q1,2026,Emirates,EK,Star Air,XX,USD,493,141910.00,8514.60,2535.00,120376.85,7222.46,2123.25,21533.15,1292.14,411.75,15.17,84.83
2026-01-04,January,Q1,2026,British Airways,BA,Star Air,XX,USD,248,143895.00,8633.70,2105.00,122183.94,7331.07,1882.07,21711.06,1302.63,222.93,15.09,84.91
2026-01-04,January,Q1,2026,JetBlue,B6,Star Air,XX,USD,250,338260.00,20295.60,6585.00,285046.08,17102.75,5489.93,53213.92,3192.85,1095.07,15.73,84.27
2025-12-28,December,Q4,2025,Air Canada,AC,Star Air,XX,USD,1,395.00,23.70,0.00,305.69,18.34,0.00,89.31,5.36,0.00,22.61,77.39
2025-10-01,October,Q4,2025,Air India,AI,Star Air,XX,USD,232,74795.00,4487.70,9105.00,63142.45,3788.55,856.02,11652.55,699.15,8248.98,15.58,84.42
2025-12-28,December,Q4,2025,Qantas,QF,Star Air,XX,USD,940,743020.00,44581.20,12380.00,630795.36,37847.80,8825.59,112224.64,6733.40,3554.41,15.10,84.90
2025-10-01,October,Q4,2025,American Airlines,AA,Star Air,XX,USD,478,542895.00,32573.70,13935.00,461762.81,27705.85,6573.36,81132.19,4867.85,7361.64,14.94,85.06
2025-12-28,December,Q4,2025,Blue Panorama,BV,Star Air,XX,USD,232,62515.00,3750.90,9980.00,52303.36,3138.17,708.48,10211.64,612.73,9271.52,16.33,83.67
2025-10-01,October,Q4,2025,British Airways,BA,Star Air,XX,USD,232,118465.00,7107.90,1135.00,100919.11,6055.10,1421.91,17545.89,1052.80,-286.91,14.81,85.19
2025-10-01,October,Q4,2025,Emirates,EK,Star Air,XX,USD,482,137220.00,8233.20,2070.00,116525.95,6991.49,1483.62,20694.06,1241.71,586.38,15.08,84.92
2025-10-01,October,Q4,2025,PIA,PK,Star Air,XX,USD,251,83725.00,5023.50,385.00,70641.45,4238.46,778.58,13083.55,785.04,-393.58,15.63,84.37
2025-12-28,December,Q4,2025,Emirates,EK,Star Air,XX,USD,243,67045.00,4022.70,500.00,56526.99,3391.52,621.57,10518.01,631.18,-121.57,15.69,84.31
2025-10-01,October,Q4,2025,Qantas,QF,Star Air,XX,USD,752,644965.00,38697.90,18155.00,544416.04,32665.03,9211.10,100548.96,6032.87,8943.90,15.59,84.41
2025-12-28,December,Q4,2025,British Airways,BA,Star Air,XX,USD,227,106115.00,6366.90,6085.00,89033.93,5341.97,1698.45,17081.07,1024.93,4386.55,16.10,83.90
2025-10-01,October,Q4,2025,Air Canada,AC,Star Air,XX,USD,489,148560.00,8913.60,3935.00,124877.20,7492.63,2148.17,23682.80,1420.97,1786.83,15.94,84.06
2025-07-31,July,Q3,2025,Air France,AF,Star Air,XX,USD,232,215625.00,12937.50,2525.00,183294.89,10997.72,2145.98,32330.11,1939.78,379.02,14.99,85.01
2025-07-31,July,Q3,2025,Air India,AI,Star Air,XX,USD,245,72295.00,4337.70,650.00,60800.77,3648.11,549.41,11494.23,689.59,100.59,15.90,84.10
2025-07-31,July,Q3,2025,Qantas,QF,Star Air,XX,USD,242,211585.00,12695.10,3030.00,178864.75,10731.89,2620.97,32720.25,1963.21,409.03,15.46,84.54
2025-07-31,July,Q3,2025,PIA,PK,Star Air,XX,USD,246,78250.00,4695.00,1345.00,66449.59,3986.94,1100.29,11800.41,708.06,244.71,15.08,84.92
2025-07-31,July,Q3,2025,American Airlines,AA,Star Air,XX,USD,244,273415.00,16404.90,5345.00,234385.49,14063.12,4451.67,39029.51,2341.78,893.33,14.27,85.73
2025-02-05,February,Q1,2025,Air India,AI,Star Air,XX,USD,243,83260.00,4995.60,1145.00,69724.15,4183.48,955.02,13535.85,812.12,189.98,16.26,83.74
2025-02-05,February,Q1,2025,Qantas,QF,Star Air,XX,USD,768,735845.00,44150.70,12730.00,628363.28,37701.79,10914.47,107481.72,6448.91,1815.53,14.61,85.39
2025-02-05,February,Q1,2025,American Airlines,AA,Star Air,XX,USD,520,531205.00,31872.30,7430.00,449476.77,26968.57,6271.25,81728.23,4903.73,1158.75,15.39,84.61
2025-02-05,February,Q1,2025,British Airways,BA,Star Air,XX,USD,260,130645.00,7838.70,2935.00,110270.14,6616.20,2587.98,20374.86,1222.50,347.02,15.60,84.40
2025-02-05,February,Q1,2025,Emirates,EK,Star Air,XX,USD,243,65815.00,3948.90,935.00,55647.21,3338.79,769.45,10167.79,610.11,165.55,15.45,84.55
2025-02-05,February,Q1,2025,PIA,PK,Star Air,XX,USD,267,77885.00,4673.10,925.00,65804.69,3948.32,783.45,12080.31,724.78,141.55,15.51,84.49
2025-02-05,February,Q1,2025,Air Canada,AC,Star Air,XX,USD,263,72670.00,4360.20,1285.00,61082.32,3664.93,1025.16,11587.68,695.27,259.84,15.95,84.05
2025-06-11,June,Q2,2025,Qantas,QF,Star Air,XX,USD,1212,1281075.00,76864.50,18095.00,1085894.57,63414.06,15422.82,195180.43,13450.44,2672.18,15.24,84.76
2025-04-05,April,Q2,2025,Thai Airways International,TG,Star Air,XX,USD,243,154845.00,9290.70,2345.00,131340.43,7880.35,1996.81,23504.57,1410.35,348.19,15.18,84.82
2025-06-11,June,Q2,2025,Thai Airways International,TG,Star Air,XX,USD,243,171415.00,10284.90,1855.00,146039.12,8762.36,1582.40,25375.88,1522.54,272.60,14.80,85.20
2025-04-05,April,Q2,2025,Air Mauritius,MK,Star Air,XX,USD,236,155765.00,9345.90,2705.00,131162.65,7869.74,2299.95,24602.35,1476.16,405.05,15.79,84.21
2025-04-05,April,Q2,2025,Qantas,QF,Star Air,XX,USD,234,182560.00,10953.60,3610.00,154582.79,9274.97,3046.28,27977.21,1678.63,563.72,15.32,84.68
2025-04-05,April,Q2,2025,Emirates,EK,Star Air,XX,USD,447,138760.00,8325.60,2175.00,116980.78,7018.93,1804.82,21779.22,1306.67,370.18,15.70,84.30
2025-04-05,April,Q2,2025,Air Canada,AC,Star Air,XX,USD,215,61770.00,3706.20,1020.00,53123.80,3187.36,893.42,8646.20,518.84,126.58,14.00,86.00
2025-04-05,April,Q2,2025,British Airways,BA,Star Air,XX,USD,231,145800.00,8748.00,2425.00,122882.53,7372.93,1969.00,22917.47,1375.07,456.00,15.72,84.28
2025-06-11,June,Q2,2025,British Airways,BA,Star Air,XX,USD,247,136480.00,8188.80,1885.00,114778.84,6886.65,1581.72,21701.16,1302.15,303.28,15.90,84.10
2025-08-05,August,Q3,2025,Air New Zealand,NZ,Star Air,XX,USD,481,284105.00,17046.30,3435.00,241260.90,14475.61,2895.23,42844.10,2570.69,539.77,15.08,84.92
2025-09-21,September,Q3,2025,Air India,AI,Star Air,XX,USD,195,67045.00,4022.70,950.00,56775.54,3406.56,794.30,10269.46,616.14,155.70,15.32,84.68
2025-09-21,September,Q3,2025,Air France,AF,Star Air,XX,USD,239,207105.00,12426.30,2555.00,175542.35,10532.47,2116.11,31562.65,1893.83,438.89,15.24,84.76
2025-09-21,September,Q3,2025,Thai Airways International,TG,Star Air,XX,USD,247,153900.00,9234.00,2325.00,131436.76,7886.21,1985.59,22463.24,1347.79,339.41,14.60,85.40
2025-09-28,September,Q3,2025,Air France,AF,Star Air,XX,USD,235,215200.00,12912.00,3345.00,182392.95,10943.48,2862.14,32807.06,1968.52,482.86,15.24,84.76
2025-06-11,June,Q2,2025,Air Canada,AC,Star Air,XX,USD,474,158430.00,9505.80,1855.00,133786.87,8027.27,1537.46,24643.13,1478.53,317.54,15.55,84.45
2025-08-05,August,Q3,2025,Jet Airways,9W,Star Air,XX,USD,253,72340.00,4340.40,1110.00,61783.75,3707.01,974.66,10556.25,633.39,135.34,14.59,85.41
2025-09-28,September,Q3,2025,Qantas,QF,Star Air,XX,USD,736,531675.00,31900.50,9975.00,450177.46,27010.70,8412.80,81497.54,4889.80,1562.20,15.33,84.67
2025-08-05,August,Q3,2025,Qantas,QF,Star Air,XX,USD,242,149740.00,8984.40,2765.00,124797.92,7487.89,2223.81,24942.08,1496.51,541.19,16.66,83.34
2025-08-05,August,Q3,2025,Air India,AI,Star Air,XX,USD,246,88080.00,5284.80,1060.00,74896.27,4493.71,921.98,13183.73,791.09,138.02,14.97,85.03
2025-09-28,September,Q3,2025,Blue Panorama,BV,Star Air,XX,USD,255,73900.00,4434.00,855.00,62901.76,3774.09,734.67,10998.24,659.91,120.33,14.88,85.12
2025-09-21,September,Q3,2025,PIA,PK,Star Air,XX,USD,238,76625.00,4597.50,1025.00,64000.62,3840.10,872.50,12624.38,757.40,152.50,16.48,83.52
2025-09-21,September,Q3,2025,American Airlines,AA,Star Air,XX,USD,421,447300.00,26838.00,5515.00,375116.47,22506.97,4661.34,72183.53,4331.03,853.66,16.14,83.86
2025-09-21,September,Q3,2025,Qantas,QF,Star Air,XX,USD,993,1042840.00,62570.40,15625.00,881941.63,52916.51,13205.63,160898.37,9653.89,2419.37,15.43,84.57
2025-08-05,August,Q3,2025,SIA,SQ,Star Air,XX,USD,253,109855.00,6591.30,1385.00,93279.35,5596.71,1185.99,16575.65,994.59,199.01,15.09,84.91
2025-09-21,September,Q3,2025,Blue Panorama,BV,Star Air,XX,USD,247,73145.00,4388.70,1360.00,61826.56,3709.59,1124.88,11318.44,679.11,235.12,15.47,84.53
2025-09-21,September,Q3,2025,Emirates,EK,Star Air,XX,USD,251,79045.00,4742.70,1185.00,67316.34,4038.88,1010.38,11728.66,703.82,174.62,14.84,85.16
2025-09-21,September,Q3,2025,Air Canada,AC,Star Air,XX,USD,244,73265.00,4395.90,885.00,61974.54,3718.36,754.61,11290.46,677.54,130.39,15.41,84.59
2025-08-05,August,Q3,2025,Emirates,EK,Star Air,XX,USD,247,71510.00,4290.60,915.00,60492.15,3629.57,784.37,11017.85,661.03,130.63,15.41,84.59
2025-09-28,September,Q3,2025,JetBlue,B6,Star Air,XX,USD,257,337880.00,20272.80,3950.00,284852.64,17091.10,3360.68,53027.37,3181.70,589.32,15.69,84.31
2025-08-05,August,Q3,2025,PIA,PK,Star Air,XX,USD,269,83630.00,5017.80,1145.00,69990.50,4199.36,937.53,13639.50,818.44,207.47,16.31,83.69
2025-09-28,September,Q3,2025,Air Canada,AC,Star Air,XX,USD,238,71400.00,4284.00,725.00,60795.51,3647.63,598.90,10604.49,636.37,126.10,14.85,85.15
2025-09-21,September,Q3,2025,JetBlue,B6,Star Air,XX,USD,255,369095.00,22145.70,5240.00,311525.10,18691.46,4488.70,57569.90,3454.24,751.30,15.60,84.40
2025-09-21,September,Q3,2025,British Airways,BA,Star Air,XX,USD,242,122130.00,7327.80,1485.00,104236.03,6254.16,1257.56,17893.97,1073.64,227.44,14.65,85.35
2025-08-05,August,Q3,2025,Air Mauritius,MK,Star Air,XX,USD,244,171850.00,10311.00,2760.00,145587.77,8735.23,2365.11,26262.23,1575.77,394.89,15.28,84.72
2025-08-05,August,Q3,2025,Air Canada,AC,Star Air,XX,USD,255,79370.00,4762.20,1050.00,66859.75,4011.63,909.96,12510.25,750.57,140.04,15.76,84.24
2025-03-21,March,Q1,2025,Air New Zealand,NZ,Star Air,XX,USD,490,266215.00,15972.90,4295.00,225295.97,13517.70,3601.77,40919.03,2455.20,693.23,15.37,84.63
2025-03-21,March,Q1,2025,Qantas,QF,Star Air,XX,USD,501,322850.00,19371.00,5040.00,274448.17,16466.98,4269.03,48401.83,2904.02,770.97,14.99,85.01
2025-03-21,March,Q1,2025,PIA,PK,Star Air,XX,USD,250,68700.00,4122.00,1060.00,58247.11,3494.83,920.79,10452.89,627.17,139.21,15.22,84.78
2025-05-03,May,Q2,2025,Air India,AI,Star Air,XX,USD,251,84355.00,5061.30,1240.00,71910.98,4314.63,1060.40,12444.02,746.67,179.60,14.75,85.25
2025-05-13,May,Q2,2025,Air New Zealand,NZ,Star Air,XX,USD,245,195680.00,11740.80,2990.00,163883.75,9833.07,2512.05,31796.25,1907.73,477.95,16.25,83.75
2025-06-09,June,Q2,2025,Qantas,QF,Star Air,XX,USD,468,244700.00,14682.00,3345.00,206329.77,12379.85,2850.48,38370.23,2302.15,494.52,15.68,84.32
2025-05-13,May,Q2,2025,Qantas,QF,Star Air,XX,USD,244,148395.00,8903.70,2290.00,125348.23,7520.93,1932.77,23046.77,1382.77,357.23,15.53,84.47
2025-04-23,April,Q2,2025,Qantas,QF,Star Air,XX,USD,722,658455.00,39507.30,9490.00,559932.24,32810.27,8033.66,98522.76,6697.03,1456.34,14.96,85.04
2025-05-03,May,Q2,2025,Air Canada,AC,Star Air,XX,USD,242,81760.00,4905.60,1540.00,68527.19,4111.63,1295.93,13232.81,793.97,244.07,16.18,83.82
2025-04-23,April,Q2,2025,American Airlines,AA,Star Air,XX,USD,248,315770.00,18946.20,5020.00,264693.49,15881.67,4216.05,51076.52,3064.53,803.95,16.18,83.82
2025-06-09,June,Q2,2025,Air Mauritius,MK,Star Air,XX,USD,222,156445.00,9386.70,1430.00,133329.41,7999.79,1202.39,23115.59,1386.91,227.61,14.78,85.22
2025-05-03,May,Q2,2025,PIA,PK,Star Air,XX,USD,233,84740.00,5084.40,955.00,71837.71,4310.24,820.24,12902.29,774.16,134.76,15.23,84.77
2025-05-03,May,Q2,2025,American Airlines,AA,Star Air,XX,USD,240,287695.00,17261.70,4990.00,245904.68,14754.27,4159.79,41790.32,2507.43,830.21,14.53,85.47
2025-06-09,June,Q2,2025,Emirates,EK,Star Air,XX,USD,246,79905.00,4794.30,1410.00,66900.27,4014.06,1177.94,13004.73,780.24,232.06,16.28,83.72
2025-05-13,May,Q2,2025,Emirates,EK,Star Air,XX,USD,248,87525.00,5251.50,1620.00,74308.95,4458.48,1411.69,13216.06,793.02,208.31,15.10,84.90
2025-05-03,May,Q2,2025,Vietnam Airlines,VN,Star Air,XX,USD,1,1005.00,60.30,0.00,943.40,56.60,0.00,61.60,3.70,0.00,6.13,93.87
2025-05-03,May,Q2,2025,Air Mauritius,MK,Star Air,XX,USD,252,182810.00,10968.60,3295.00,154476.73,9268.67,2793.83,28333.27,1699.93,501.17,15.50,84.50
2025-04-23,April,Q2,2025,British Airways,BA,Star Air,XX,USD,256,150935.00,9056.10,2915.00,128570.87,6835.80,2478.31,22364.13,2220.30,436.69,14.82,85.18
2025-05-13,May,Q2,2025,SIA,SQ,Star Air,XX,USD,244,101715.00,6102.90,1350.00,85889.58,4574.04,1127.59,15825.42,1528.86,222.41,15.56,84.44
2025-05-13,May,Q2,2025,Air Mauritius,MK,Star Air,XX,USD,201,121605.00,7296.30,1535.00,101995.88,6296.90,1305.62,19609.12,999.40,229.38,16.13,83.87
2025-05-03,May,Q2,2025,Emirates,EK,Star Air,XX,USD,242,83835.00,5030.10,1120.00,70429.78,4225.71,950.47,13405.22,804.39,169.53,15.99,84.01
2025-07-04,July,Q3,2025,Qantas,QF,Star Air,XX,USD,756,461545.00,27692.70,6500.00,394600.15,23675.99,5646.19,66944.85,4016.71,853.81,14.50,85.50
2025-05-03,May,Q2,2025,SIA,SQ,Star Air,XX,USD,253,115350.00,6921.00,790.00,96736.47,5017.46,648.84,18613.53,1903.54,141.16,16.14,83.86
2025-05-13,May,Q2,2025,Air Canada,AC,Star Air,XX,USD,238,84945.00,5096.70,1285.00,71151.39,4269.06,1098.07,13793.61,827.64,186.93,16.24,83.76
2025-07-04,July,Q3,2025,Thai Airways International,TG,Star Air,XX,USD,245,177725.00,10663.50,2460.00,150045.16,9002.78,2040.12,27679.84,1660.72,419.88,15.57,84.43
2025-07-04,July,Q3,2025,Air Canada,AC,Star Air,XX,USD,256,85170.00,5110.20,1515.00,71336.95,4280.18,1224.06,13833.05,830.02,290.94,16.24,83.76
2025-10-01,October,Q4,2025,Siberia Airlines,S7,Star Air,XX,USD,1,595.00,35.70,0.00,452.88,27.17,0.00,142.12,8.53,0.00,23.89,76.11
2025-01-03,January,Q1,2025,Air New Zealand,NZ,Star Air,XX,USD,504,244445.00,14666.70,3810.00,206345.39,12380.87,3190.84,38099.61,2285.83,619.16,15.59,84.41
2025-02-21,February,Q1,2025,Qantas,QF,Star Air,XX,USD,1286,696600.00,41796.00,9400.00,589701.22,35381.94,8048.91,106898.78,6414.06,1351.09,15.35,84.65
2025-02-21,February,Q1,2025,Air New Zealand,NZ,Star Air,XX,USD,265,81390.00,4883.40,1045.00,69795.55,4187.78,908.68,11594.45,695.62,136.32,14.25,85.75
2025-01-03,January,Q1,2025,Qantas,QF,Star Air,XX,USD,777,429720.00,25783.20,7125.00,364696.22,21881.79,6007.99,65023.78,3901.41,1117.01,15.13,84.87
2025-02-21,February,Q1,2025,PIA,PK,Star Air,XX,USD,256,68755.00,4125.30,1105.00,58434.87,3506.04,949.38,10320.13,619.26,155.62,15.01,84.99
2025-02-21,February,Q1,2025,Thai Airways International,TG,Star Air,XX,USD,252,166410.00,9984.60,2905.00,140779.37,8446.76,2410.85,25630.63,1537.84,494.15,15.40,84.60
2025-02-21,February,Q1,2025,SIA,SQ,Star Air,XX,USD,241,98175.00,5890.50,1170.00,83332.28,4999.83,978.02,14842.72,890.67,191.98,15.12,84.88
2025-02-21,February,Q1,2025,Air Canada,AC,Star Air,XX,USD,256,67975.00,4078.50,1030.00,57337.05,3440.22,875.93,10637.95,638.28,154.07,15.65,84.35
2025-05-10,May,Q2,2025,JetBlue,B6,Star Air,XX,USD,228,342410.00,20544.60,4960.00,289479.63,17368.81,4164.15,52930.37,3175.79,795.85,15.46,84.54
2025-05-10,May,Q2,2025,Siberia Airlines,S7,Star Air,XX,USD,1,440.00,26.40,0.00,401.71,24.10,0.00,38.29,2.30,0.00,8.70,91.30
2025-02-21,February,Q1,2025,Emirates,EK,Star Air,XX,USD,255,68135.00,4088.10,1145.00,57626.66,3457.60,978.57,10508.34,630.50,166.43,15.42,84.58
2025-05-14,May,Q2,2025,Qantas,QF,Star Air,XX,USD,715,709725.00,42583.50,10390.00,599409.97,35312.49,8802.53,110315.03,7271.01,1587.47,15.54,84.46
2025-05-14,May,Q2,2025,Thai Airways International,TG,Star Air,XX,USD,251,186165.00,11169.90,3045.00,157112.58,9426.78,2600.57,29052.42,1743.12,444.43,15.61,84.39
2025-05-14,May,Q2,2025,Air India,AI,Star Air,XX,USD,227,88785.00,5327.10,970.00,75321.16,4519.37,781.13,13463.84,807.73,188.87,15.16,84.84
2025-05-10,May,Q2,2025,Air Mauritius,MK,Star Air,XX,USD,219,165045.00,9902.70,2445.00,140849.76,8450.92,2149.14,24195.24,1451.78,295.86,14.66,85.34
2025-05-14,May,Q2,2025,American Airlines,AA,Star Air,XX,USD,235,283215.00,16992.90,4100.00,238852.31,14331.12,3468.13,44362.69,2661.78,631.87,15.66,84.34
2025-05-10,May,Q2,2025,PIA,PK,Star Air,XX,USD,229,77490.00,4649.40,1320.00,64891.51,3893.46,1096.79,12598.49,755.94,223.21,16.26,83.74
2025-05-10,May,Q2,2025,Qantas,QF,Star Air,XX,USD,477,528115.00,31686.90,7860.00,450614.00,25139.95,6606.45,77501.00,6546.95,1253.55,14.68,85.32
2025-05-10,May,Q2,2025,American Airlines,AA,Star Air,XX,USD,252,291815.00,17508.90,5405.00,248871.58,14932.36,4507.34,42943.42,2576.54,897.66,14.72,85.28
2025-05-10,May,Q2,2025,British Airways,BA,Star Air,XX,USD,243,133535.00,8012.10,1640.00,113561.84,6813.79,1373.19,19973.16,1198.31,266.81,14.96,85.04
2025-05-10,May,Q2,2025,Emirates,EK,Star Air,XX,USD,727,235480.00,14128.80,3670.00,200037.18,12002.17,3101.69,35442.82,2126.63,568.31,15.05,84.95
2025-05-14,May,Q2,2025,British Airways,BA,Star Air,XX,USD,239,131270.00,7876.20,2095.00,112724.62,6763.47,1810.13,18545.38,1112.73,284.87,14.13,85.87
2025-05-14,May,Q2,2025,Emirates,EK,Star Air,XX,USD,469,156895.00,9413.70,2360.00,133018.92,7981.08,2011.07,23876.08,1432.62,348.93,15.22,84.78
2025-05-14,May,Q2,2025,PIA,PK,Star Air,XX,USD,255,85910.00,5154.60,1020.00,72719.00,4371.95,853.18,13191.01,782.65,166.82,15.35,84.65
2025-07-27,July,Q3,2025,Air France,AF,Star Air,XX,USD,257,234170.00,14050.20,2520.00,197385.45,11843.13,2096.20,36784.55,2207.07,423.80,15.71,84.29
2025-08-08,August,Q3,2025,Qantas,QF,Star Air,XX,USD,759,516590.00,30995.40,7750.00,436603.67,26196.31,6518.87,79986.33,4799.09,1231.13,15.48,84.52
2025-08-08,August,Q3,2025,Thai Airways International,TG,Star Air,XX,USD,245,169860.00,10191.60,2290.00,142965.19,8577.89,1920.59,26894.81,1613.71,369.41,15.83,84.17
2025-08-10,August,Q3,2025,Thai Airways International,TG,Star Air,XX,USD,254,189820.00,11389.20,2835.00,162179.04,9730.82,2419.65,27640.96,1658.38,415.35,14.56,85.44
2025-07-27,July,Q3,2025,Qantas,QF,Star Air,XX,USD,1229,1225515.00,73530.90,19310.00,1035144.01,62108.58,16421.92,190370.99,11422.32,2888.08,15.53,84.47
2025-07-27,July,Q3,2025,Thai Airways International,TG,Star Air,XX,USD,242,173790.00,10427.40,2340.00,146492.94,8789.61,2014.64,27297.06,1637.79,325.36,15.71,84.29
2025-08-08,August,Q3,2025,PIA,PK,Star Air,XX,USD,249,80265.00,4815.90,1130.00,67623.63,4057.38,977.04,12641.37,758.52,152.96,15.75,84.25
2025-08-10,August,Q3,2025,Qantas,QF,Star Air,XX,USD,770,582060.00,34923.60,7965.00,490286.91,29417.18,6729.25,91773.09,5506.42,1235.75,15.77,84.23
2025-07-27,July,Q3,2025,PIA,PK,Star Air,XX,USD,240,81115.00,4866.90,940.00,68265.78,4095.92,800.32,12849.22,770.98,139.68,15.84,84.16
2025-07-27,July,Q3,2025,American Airlines,AA,Star Air,XX,USD,494,573295.00,34397.70,10065.00,484807.46,29088.44,8503.39,88487.54,5309.26,1561.61,15.43,84.57
2025-08-10,August,Q3,2025,Air Canada,AC,Star Air,XX,USD,250,79445.00,4766.70,1025.00,68264.25,4095.87,888.18,11180.75,670.83,136.82,14.07,85.93
2025-08-10,August,Q3,2025,Emirates,EK,Star Air,XX,USD,498,147870.00,8872.20,2590.00,124164.52,7449.86,2185.09,23705.49,1422.34,404.91,16.03,83.97
2025-08-10,August,Q3,2025,JetBlue,B6,Star Air,XX,USD,257,349115.00,20946.90,4885.00,293726.00,17623.54,4136.38,55389.00,3323.36,748.62,15.87,84.13
2025-07-27,July,Q3,2025,British Airways,BA,Star Air,XX,USD,254,133740.00,8024.40,3175.00,113092.25,6785.47,2678.08,20647.75,1238.93,496.92,15.44,84.56
2025-08-08,August,Q3,2025,Emirates,EK,Star Air,XX,USD,504,162400.00,9744.00,2470.00,137244.15,8234.70,2080.91,25155.86,1509.30,389.09,15.49,84.51
2025-07-27,July,Q3,2025,Emirates,EK,Star Air,XX,USD,231,70150.00,4209.00,1015.00,59376.65,3562.56,893.63,10773.35,646.44,121.37,15.36,84.64
2025-10-25,October,Q4,2025,Air India,AI,Star Air,XX,USD,232,76280.00,4576.80,580.00,64562.33,3873.77,968.38,11717.67,703.03,-388.38,15.36,84.64
2025-10-25,October,Q4,2025,Thai Airways International,TG,Star Air,XX,USD,245,172005.00,10320.30,11870.00,143942.89,8636.63,1683.56,28062.11,1683.67,10186.44,16.31,83.69
2025-10-25,October,Q4,2025,Jet Airways,9W,Star Air,XX,USD,249,68815.00,4128.90,11575.00,57562.32,3453.85,710.42,11252.68,675.05,10864.58,16.35,83.65
2025-10-25,October,Q4,2025,JetBlue,B6,Star Air,XX,USD,248,367555.00,22053.30,5115.00,305084.70,18305.05,5881.69,62470.30,3748.25,-766.69,17.00,83.00
2025-11-10,November,Q4,2025,Qantas,QF,Star Air,XX,USD,445,342950.00,20577.00,3475.00,289703.77,17382.26,3941.74,53246.23,3194.74,-466.74,15.53,84.47
2025-11-10,November,Q4,2025,Air Mauritius,MK,Star Air,XX,USD,248,149050.00,8943.00,15230.00,126969.68,7618.16,1970.87,22080.32,1324.84,13259.13,14.81,85.19
2025-10-25,October,Q4,2025,British Airways,BA,Star Air,XX,USD,238,116240.00,6974.40,980.00,97900.51,5874.06,1444.92,18339.49,1100.34,-464.92,15.78,84.22
2025-10-25,October,Q4,2025,American Airlines,AA,Star Air,XX,USD,507,563375.00,33802.50,11455.00,481052.64,28863.18,9122.12,82322.36,4939.32,2332.88,14.61,85.39
2025-11-10,November,Q4,2025,Emirates,EK,Star Air,XX,USD,241,71435.00,4286.10,685.00,61407.65,3684.46,957.09,10027.35,601.64,-272.09,14.04,85.96
2025-10-25,October,Q4,2025,Qantas,QF,Star Air,XX,USD,219,175045.00,10502.70,2870.00,148284.32,8897.13,3360.46,26760.68,1605.57,-490.46,15.29,84.71
2025-10-25,October,Q4,2025,Air Canada,AC,Star Air,XX,USD,223,66990.00,4019.40,840.00,56557.86,3393.50,884.18,10432.14,625.90,-44.18,15.57,84.43
2025-10-25,October,Q4,2025,Emirates,EK,Star Air,XX,USD,232,64075.00,3844.50,730.00,54033.21,3241.96,911.67,10041.79,602.54,-181.67,15.67,84.33
2026-01-25,January,Q1,2026,Emirates,EK,Star Air,XX,USD,229,63245.00,3794.70,965.00,53773.85,3226.36,799.93,9471.15,568.34,165.07,14.98,85.02
2026-01-25,January,Q1,2026,Qantas,QF,Star Air,XX,USD,969,889055.00,53343.30,13140.00,751768.35,45106.08,11039.72,137286.65,8237.22,2100.28,15.44,84.56
2026-01-25,January,Q1,2026,American Airlines,AA,Star Air,XX,USD,237,269645.00,16178.70,3605.00,229833.11,13789.97,3170.42,39811.89,2388.73,434.58,14.76,85.24
2026-01-25,January,Q1,2026,Air Canada,AC,Star Air,XX,USD,248,68875.00,4132.50,1015.00,58082.55,3484.96,866.04,10792.45,647.54,148.96,15.67,84.33
2026-01-25,January,Q1,2026,British Airways,BA,Star Air,XX,USD,251,117925.00,7075.50,2045.00,99560.29,5973.56,1770.67,18364.71,1101.94,274.33,15.57,84.43
2025-12-25,December,Q4,2025,Qantas,QF,Star Air,XX,USD,476,307405.00,18444.30,6205.00,259994.09,15599.66,4362.08,47410.91,2844.64,1842.92,15.42,84.58
2025-12-25,December,Q4,2025,Blue Panorama,BV,Star Air,XX,USD,252,68400.00,4104.00,305.00,57089.48,3425.36,740.89,11310.52,678.64,-435.89,16.54,83.46
2025-12-25,December,Q4,2025,PIA,PK,Star Air,XX,USD,258,81410.00,4884.60,620.00,69233.12,4154.02,931.49,12176.88,730.58,-311.49,14.96,85.04
2025-12-25,December,Q4,2025,Emirates,EK,Star Air,XX,USD,240,66670.00,4000.20,2320.00,56215.89,3372.91,1044.70,10454.11,627.29,1275.30,15.68,84.32
2025-12-25,December,Q4,2025,Air Canada,AC,Star Air,XX,USD,239,65020.00,3901.20,2005.00,55172.38,3310.39,881.74,9847.62,590.81,1123.26,15.15,84.85
2025-03-09,March,Q1,2025,Air India,AI,Star Air,XX,USD,263,88395.00,5303.70,1825.00,75541.68,4532.57,1539.57,12853.32,771.13,285.43,14.54,85.46
2025-01-02,January,Q1,2025,Qantas,QF,Star Air,XX,USD,765,689875.00,41392.50,10600.00,582945.51,34976.65,8914.49,106929.49,6415.85,1685.51,15.50,84.50
2025-01-30,January,Q1,2025,Qantas,QF,Star Air,XX,USD,725,698115.00,41886.90,10185.00,592726.89,35563.56,8744.26,105388.11,6323.34,1440.74,15.10,84.90
2025-03-09,March,Q1,2025,Air France,AF,Star Air,XX,USD,264,218465.00,13107.90,2765.00,183983.12,11038.98,2338.72,34481.88,2068.92,426.28,15.78,84.22
2025-02-28,February,Q1,2025,Jet Airways,9W,Star Air,XX,USD,260,66305.00,3978.30,1235.00,56143.38,3368.58,1072.41,10161.62,609.72,162.59,15.33,84.67
2025-01-02,January,Q1,2025,JetBlue,B6,Star Air,XX,USD,248,302335.00,18140.10,5230.00,256164.21,15369.86,4472.97,46170.79,2770.24,757.03,15.27,84.73
2025-01-30,January,Q1,2025,JetBlue,B6,Star Air,XX,USD,256,324650.00,19479.00,5025.00,274394.57,16463.62,4311.88,50255.43,3015.38,713.12,15.48,84.52
2025-02-28,February,Q1,2025,Qantas,QF,Star Air,XX,USD,1019,498155.00,29889.30,7640.00,421003.63,25260.24,6487.76,77151.37,4629.06,1152.24,15.49,84.51
2025-03-09,March,Q1,2025,Thai Airways International,TG,Star Air,XX,USD,248,147130.00,8827.80,2135.00,124760.89,7485.68,1764.39,22369.11,1342.12,370.61,15.20,84.80
2025-01-30,January,Q1,2025,Thai Airways International,TG,Star Air,XX,USD,262,186005.00,11160.30,3190.00,158381.55,9502.92,2737.71,27623.46,1657.38,452.29,14.85,85.15
2025-01-30,January,Q1,2025,Air France,AF,Star Air,XX,USD,229,193535.00,11612.10,1935.00,165536.73,9932.22,1590.06,27998.27,1679.88,344.94,14.47,85.53
2025-02-28,February,Q1,2025,PIA,PK,Star Air,XX,USD,262,76905.00,4614.30,985.00,64705.98,3882.37,825.72,12199.02,731.93,159.28,15.86,84.14
2025-01-02,January,Q1,2025,Air India,AI,Star Air,XX,USD,258,67670.00,4060.20,1195.00,57270.08,3436.26,1008.95,10399.92,623.94,186.05,15.37,84.63
2025-03-09,March,Q1,2025,British Airways,BA,Star Air,XX,USD,227,102050.00,6123.00,1790.00,86451.26,5187.11,1558.75,15598.74,935.89,231.25,15.29,84.71
2025-03-09,March,Q1,2025,Qantas,QF,Star Air,XX,USD,504,476495.00,28589.70,6800.00,403411.08,24204.61,5653.90,73083.92,4385.09,1146.10,15.34,84.66
2025-01-02,January,Q1,2025,Blue Panorama,BV,Star Air,XX,USD,262,69205.00,4152.30,935.00,57891.44,3473.54,786.20,11313.56,678.76,148.80,16.35,83.65
2025-01-02,January,Q1,2025,Air Mauritius,MK,Star Air,XX,USD,270,166460.00,9987.60,3065.00,141141.12,8468.50,2533.17,25318.88,1519.10,531.83,15.21,84.79
2025-03-09,March,Q1,2025,JetBlue,B6,Star Air,XX,USD,243,319915.00,19194.90,3105.00,271433.27,16285.98,2613.75,48481.73,2908.92,491.25,15.15,84.85
2025-03-09,March,Q1,2025,Emirates,EK,Star Air,XX,USD,255,74105.00,4446.30,895.00,62682.24,3760.90,756.34,11422.76,685.40,138.66,15.41,84.59
2025-01-02,January,Q1,2025,PIA,PK,Star Air,XX,USD,265,79215.00,4752.90,1285.00,66455.31,3987.29,1115.01,12759.69,765.61,169.99,16.11,83.89
2025-01-30,January,Q1,2025,American Airlines,AA,Star Air,XX,USD,261,299770.00,17986.20,3735.00,256102.61,15366.18,3126.73,43667.39,2620.02,608.27,14.57,85.43
2025-05-20,May,Q2,2025,Thai Airways International,TG,Star Air,XX,USD,230,164075.00,9844.50,2875.00,138209.66,8292.61,2383.74,25865.34,1551.89,491.26,15.76,84.24
2025-01-02,January,Q1,2025,Air Canada,AC,Star Air,XX,USD,265,73965.00,4437.90,1410.00,63214.23,3792.84,1182.08,10750.77,645.06,227.92,14.53,85.47
2025-01-02,January,Q1,2025,Emirates,EK,Star Air,XX,USD,509,153755.00,9225.30,2625.00,130655.95,7839.28,2193.11,23099.05,1386.02,431.89,15.02,84.98
2025-01-30,January,Q1,2025,Air Canada,AC,Star Air,XX,USD,256,72760.00,4365.60,1410.00,61789.75,3707.34,1152.08,10970.25,658.26,257.92,15.08,84.92
2025-04-12,April,Q2,2025,JetBlue,B6,Star Air,XX,USD,238,346460.00,20787.60,5765.00,292844.98,17570.69,4858.19,53615.02,3216.91,906.81,15.48,84.52
2025-05-20,May,Q2,2025,Qantas,QF,Star Air,XX,USD,486,341755.00,20505.30,4170.00,287523.72,17251.49,3463.25,54231.28,3253.81,706.75,15.87,84.13
2025-05-20,May,Q2,2025,Jet Airways,9W,Star Air,XX,USD,218,69315.00,4158.90,1210.00,58365.24,3501.89,1025.34,10949.76,657.01,184.66,15.80,84.20
2025-04-12,April,Q2,2025,Air Mauritius,MK,Star Air,XX,USD,226,158510.00,9510.60,1800.00,133585.23,8015.16,1511.53,24924.77,1495.44,288.47,15.72,84.28
2025-05-20,May,Q2,2025,Emirates,EK,Star Air,XX,USD,223,80095.00,4805.70,1115.00,66917.70,4015.07,971.20,13177.30,790.63,143.80,16.45,83.55
2025-04-12,April,Q2,2025,British Airways,BA,Star Air,XX,USD,244,139240.00,8354.40,1630.00,118085.51,7085.17,1376.71,21154.49,1269.23,253.29,15.19,84.81
2025-04-12,April,Q2,2025,Air Canada,AC,Star Air,XX,USD,253,78455.00,4707.30,1715.00,66171.75,3970.22,1459.17,12283.25,737.08,255.83,15.66,84.34
2025-05-20,May,Q2,2025,Siberia Airlines,S7,Star Air,XX,USD,1,570.00,34.20,0.00,434.83,26.09,0.00,135.17,8.11,0.00,23.71,76.29
2025-05-20,May,Q2,2025,Air Mauritius,MK,Star Air,XX,USD,233,137360.00,8241.60,2755.00,117077.35,7233.43,2362.49,20282.65,1008.17,392.51,14.77,85.23
2025-08-14,August,Q3,2025,Qantas,QF,Star Air,XX,USD,959,763275.00,45796.50,10975.00,646686.60,38801.15,9260.89,116588.41,6995.35,1714.11,15.27,84.73
2025-07-18,July,Q3,2025,Air New Zealand,NZ,Star Air,XX,USD,504,303610.00,18216.60,4110.00,253939.78,15236.30,3547.94,49670.22,2980.30,562.06,16.36,83.64
2025-04-12,April,Q2,2025,SIA,SQ,Star Air,XX,USD,241,108910.00,6534.60,1060.00,90798.07,4414.96,897.24,18111.93,2119.64,162.76,16.63,83.37
2025-07-18,July,Q3,2025,Qantas,QF,Star Air,XX,USD,998,605960.00,36357.60,9520.00,513659.38,30819.62,8132.53,92300.62,5537.99,1387.47,15.23,84.77
2025-07-18,July,Q3,2025,SIA,SQ,Star Air,XX,USD,242,112970.00,6778.20,1485.00,95544.23,5732.60,1279.41,17425.77,1045.60,205.59,15.43,84.57
2025-07-18,July,Q3,2025,Air Canada,AC,Star Air,XX,USD,238,71630.00,4297.80,870.00,60299.09,3617.97,719.83,11330.91,679.83,150.17,15.82,84.18
2025-08-14,August,Q3,2025,PIA,PK,Star Air,XX,USD,259,77345.00,4640.70,1100.00,65655.97,3939.35,923.94,11689.03,701.35,176.06,15.11,84.89
2025-08-14,August,Q3,2025,Vietnam Airlines,VN,Star Air,XX,USD,1,905.00,54.30,0.00,678.22,40.69,0.00,226.78,13.61,0.00,25.06,74.94
2025-08-14,August,Q3,2025,Emirates,EK,Star Air,XX,USD,238,80595.00,4835.70,985.00,67954.89,4077.32,833.42,12640.11,758.38,151.58,15.68,84.32
2025-01-28,January,Q1,2025,Air New Zealand,NZ,Star Air,XX,USD,499,254575.00,15274.50,3355.00,216126.46,12967.72,2897.57,38448.54,2306.78,457.43,15.10,84.90
2025-01-28,January,Q1,2025,Qantas,QF,Star Air,XX,USD,768,413985.00,24839.10,5865.00,347424.22,20845.29,4910.03,66560.78,3993.81,954.97,16.08,83.92
2025-01-19,January,Q1,2025,Air France,AF,Star Air,XX,USD,248,198575.00,11914.50,3165.00,166739.36,10004.43,2673.60,31835.64,1910.07,491.40,16.03,83.97
2025-01-28,January,Q1,2025,JetBlue,B6,Star Air,XX,USD,250,315725.00,18943.50,4500.00,269336.24,16160.11,3836.92,46388.76,2783.39,663.08,14.69,85.31
2025-01-28,January,Q1,2025,Jet Airways,9W,Star Air,XX,USD,257,66140.00,3968.40,795.00,56124.37,3367.42,685.52,10015.63,600.98,109.48,15.14,84.86
2025-01-19,January,Q1,2025,Thai Airways International,TG,Star Air,XX,USD,257,150820.00,9049.20,2135.00,129058.00,7743.43,1844.29,21762.00,1305.77,290.71,14.43,85.57
2025-01-28,January,Q1,2025,Emirates,EK,Star Air,XX,USD,509,148760.00,8925.60,2230.00,125535.58,7532.06,1863.15,23224.42,1393.54,366.85,15.61,84.39
2025-01-28,January,Q1,2025,SIA,SQ,Star Air,XX,USD,475,183060.00,10983.60,2630.00,156055.97,9363.35,2210.44,27004.03,1620.25,419.56,14.75,85.25
2025-01-19,January,Q1,2025,Air Canada,AC,Star Air,XX,USD,250,71710.00,4302.60,1315.00,60594.09,3635.56,1108.52,11115.91,667.04,206.48,15.50,84.50
2025-01-19,January,Q1,2025,Emirates,EK,Star Air,XX,USD,500,139790.00,8387.40,1900.00,119097.62,7145.75,1616.49,20692.38,1241.65,283.51,14.80,85.20
2025-01-19,January,Q1,2025,British Airways,BA,Star Air,XX,USD,261,123180.00,7390.80,1425.00,103215.44,6192.92,1224.03,19964.56,1197.88,200.97,16.21,83.79
2025-01-19,January,Q1,2025,JetBlue,B6,Star Air,XX,USD,239,295995.00,17759.70,4370.00,252869.56,15172.16,3660.94,43125.44,2587.54,709.06,14.57,85.43
2025-01-28,January,Q1,2025,Air Mauritius,MK,Star Air,XX,USD,246,153305.00,9198.30,1905.00,129161.60,7749.76,1629.01,24143.40,1448.54,275.99,15.75,84.25
2025-01-19,January,Q1,2025,Qantas,QF,Star Air,XX,USD,753,555895.00,33353.70,9155.00,468379.29,28102.77,7736.44,87515.71,5250.93,1418.56,15.74,84.26
2025-04-24,April,Q2,2025,Qantas,QF,Star Air,XX,USD,748,697260.00,41835.60,14210.00,586857.48,35587.59,11756.77,110402.52,6248.01,2453.23,15.83,84.17
2025-05-31,May,Q2,2025,Thai Airways International,TG,Star Air,XX,USD,252,189625.00,11377.50,2895.00,159693.26,9581.68,2356.19,29931.74,1795.82,538.81,15.78,84.22
2025-05-31,May,Q2,2025,JetBlue,B6,Star Air,XX,USD,240,377005.00,22620.30,5255.00,319590.70,19175.47,4312.08,57414.30,3444.83,942.92,15.23,84.77
2025-05-31,May,Q2,2025,Jet Airways,9W,Star Air,XX,USD,233,76475.00,4588.50,1105.00,64721.47,3883.29,942.98,11753.53,705.21,162.02,15.37,84.63
2025-04-24,April,Q2,2025,JetBlue,B6,Star Air,XX,USD,199,288690.00,17321.40,4975.00,245819.48,14749.19,4212.98,42870.52,2572.21,762.02,14.85,85.15
2025-04-24,April,Q2,2025,Air India,AI,Star Air,XX,USD,243,72585.00,4355.10,915.00,61820.66,3709.22,794.67,10764.34,645.88,120.33,14.83,85.17
2025-05-31,May,Q2,2025,Air Mauritius,MK,Star Air,XX,USD,242,175000.00,10500.00,2600.00,148871.30,8932.38,2206.52,26128.70,1567.62,393.48,14.93,85.07
2025-05-31,May,Q2,2025,Emirates,EK,Star Air,XX,USD,746,238885.00,14333.10,3680.00,202708.66,12162.42,3124.28,36176.34,2170.68,555.72,15.14,84.86
2025-05-31,May,Q2,2025,Air Canada,AC,Star Air,XX,USD,239,77790.00,4667.40,1120.00,65943.09,3956.60,955.87,11846.91,710.80,164.13,15.23,84.77
2025-05-31,May,Q2,2025,Qantas,QF,Star Air,XX,USD,483,476835.00,28610.10,6725.00,402404.99,26135.13,5792.57,74430.01,2474.97,932.43,15.61,84.39
2025-05-31,May,Q2,2025,American Airlines,AA,Star Air,XX,USD,482,554080.00,33244.80,7845.00,467661.63,28059.66,6541.98,86418.37,5185.14,1303.02,15.60,84.40
2025-04-24,April,Q2,2025,Blue Panorama,BV,Star Air,XX,USD,251,75560.00,4533.60,1130.00,63989.59,3939.59,951.22,11570.41,594.01,178.78,15.31,84.69
2025-04-24,April,Q2,2025,Air Mauritius,MK,Star Air,XX,USD,256,154905.00,9294.30,1570.00,132383.05,7046.35,1374.01,22521.95,2247.95,195.99,14.54,85.46
2025-04-24,April,Q2,2025,Emirates,EK,Star Air,XX,USD,228,70860.00,4251.60,1040.00,59306.31,3558.34,881.91,11553.69,693.26,158.09,16.30,83.70
2025-04-24,April,Q2,2025,Air Canada,AC,Star Air,XX,USD,241,74730.00,4483.80,1100.00,63305.95,3798.39,926.43,11424.05,685.41,173.57,15.29,84.71
2025-12-25,December,Q4,2025,Thai Airways International,TG,Star Air,XX,USD,245,150045.00,9002.70,2305.00,127042.21,7622.63,2534.61,23002.79,1380.07,-229.61,15.33,84.67
2025-03-20,March,Q1,2025,Qantas,QF,Star Air,XX,USD,722,702155.00,42129.30,9930.00,595600.35,35735.99,8432.14,106554.66,6393.31,1497.86,15.18,84.82
2025-01-25,January,Q1,2025,JetBlue,B6,Star Air,XX,USD,247,328610.00,19716.60,3710.00,277442.01,16646.45,3142.78,51167.99,3070.15,567.22,15.57,84.43
2025-02-15,February,Q1,2025,Air India,AI,Star Air,XX,USD,222,70035.00,4202.10,1000.00,58523.85,3511.45,830.23,11511.15,690.65,169.77,16.44,83.56
2025-01-25,January,Q1,2025,Jet Airways,9W,Star Air,XX,USD,498,139805.00,8388.30,2120.00,117056.85,7023.62,1752.05,22748.15,1364.68,367.95,16.27,83.73
2025-01-25,January,Q1,2025,Air India,AI,Star Air,XX,USD,256,75075.00,4504.50,1055.00,63393.25,3803.62,906.50,11681.75,700.88,148.50,15.56,84.44
2025-03-10,March,Q1,2025,Qantas,QF,Star Air,XX,USD,752,558190.00,33491.40,8000.00,474502.19,28470.17,6838.84,83687.81,5021.23,1161.16,14.99,85.01
2025-03-10,March,Q1,2025,Jet Airways,9W,Star Air,XX,USD,242,69310.00,4158.60,1145.00,59141.43,3548.43,998.30,10168.57,610.17,146.70,14.67,85.33
2025-03-20,March,Q1,2025,JetBlue,B6,Star Air,XX,USD,226,318350.00,19101.00,3620.00,266487.44,15989.24,3067.95,51862.56,3111.76,552.05,16.29,83.71
2025-03-20,March,Q1,2025,Thai Airways International,TG,Star Air,XX,USD,251,169300.00,10158.00,2215.00,144908.06,8694.46,1893.91,24391.94,1463.54,321.09,14.41,85.59
2025-03-20,March,Q1,2025,Air France,AF,Star Air,XX,USD,254,224520.00,13471.20,3180.00,192718.83,11563.11,2698.02,31801.17,1908.09,481.98,14.16,85.84
2025-02-15,February,Q1,2025,Thai Airways International,TG,Star Air,XX,USD,252,160655.00,9639.30,3970.00,136049.84,8163.03,3297.00,24605.16,1476.27,673.00,15.32,84.68
2025-01-25,January,Q1,2025,American Airlines,AA,Star Air,XX,USD,256,277400.00,16644.00,4210.00,233257.68,13995.42,3455.10,44142.32,2648.58,754.90,15.91,84.09
2025-01-25,January,Q1,2025,British Airways,BA,Star Air,XX,USD,248,111390.00,6683.40,2040.00,93954.94,5637.29,1772.71,17435.06,1046.11,267.29,15.65,84.35
2025-02-15,February,Q1,2025,Air Canada,AC,Star Air,XX,USD,460,124725.00,7483.50,2080.00,105871.44,6352.22,1774.19,18853.56,1131.28,305.81,15.12,84.88
2025-02-15,February,Q1,2025,Emirates,EK,Star Air,XX,USD,477,134770.00,8086.20,1565.00,113897.24,6833.78,1319.72,20872.76,1252.42,245.28,15.49,84.51
2025-03-20,March,Q1,2025,Air India,AI,Star Air,XX,USD,255,68915.00,4134.90,965.00,58244.70,3494.75,831.05,10670.30,640.15,133.95,15.48,84.52
2025-03-20,March,Q1,2025,Vietnam Airlines,VN,Star Air,XX,USD,1,510.00,30.60,0.00,426.30,25.58,0.00,83.70,5.02,0.00,16.41,83.59
2025-02-15,February,Q1,2025,Qantas,QF,Star Air,XX,USD,238,276195.00,16571.70,5195.00,230448.82,13826.87,4449.44,45746.18,2744.83,745.56,16.56,83.44
2025-02-15,February,Q1,2025,American Airlines,AA,Star Air,XX,USD,248,282815.00,16968.90,5260.00,236243.69,14174.67,4417.79,46571.31,2794.23,842.21,16.47,83.53
2025-01-25,January,Q1,2025,Qantas,QF,Star Air,XX,USD,244,287730.00,17263.80,4965.00,243926.63,14635.59,4156.47,43803.37,2628.21,808.53,15.22,84.78
2025-03-10,March,Q1,2025,Air India,AI,Star Air,XX,USD,251,76700.00,4602.00,1085.00,64635.35,3878.12,942.58,12064.65,723.88,142.42,15.73,84.27
2025-03-20,March,Q1,2025,Blue Panorama,BV,Star Air,XX,USD,265,76170.00,4570.20,1235.00,64381.79,3862.92,1055.61,11788.21,707.28,179.39,15.48,84.52
2025-01-25,January,Q1,2025,Air Canada,AC,Star Air,XX,USD,236,63730.00,3823.80,845.00,53951.92,3237.10,706.90,9778.08,586.70,138.10,15.34,84.66
2025-01-25,January,Q1,2025,Emirates,EK,Star Air,XX,USD,737,203390.00,12203.40,2835.00,172153.83,10329.16,2417.65,31236.17,1874.24,417.35,15.36,84.64
2025-01-25,January,Q1,2025,SIA,SQ,Star Air,XX,USD,254,112645.00,6758.70,1725.00,94864.98,5691.80,1505.51,17780.02,1066.90,219.49,15.78,84.22
2025-03-20,March,Q1,2025,Emirates,EK,Star Air,XX,USD,251,69950.00,4197.00,1150.00,59143.06,3548.58,970.16,10806.95,648.42,179.84,15.45,84.55
2025-03-20,March,Q1,2025,Air Canada,AC,Star Air,XX,USD,259,74470.00,4468.20,1050.00,62771.09,3766.32,913.39,11698.91,701.88,136.61,15.71,84.29
2025-04-14,April,Q2,2025,Qantas,QF,Star Air,XX,USD,477,232895.00,13973.70,3895.00,197287.54,11837.31,3242.74,35607.46,2136.39,652.26,15.29,84.71
2025-04-14,April,Q2,2025,Jet Airways,9W,Star Air,XX,USD,245,75135.00,4508.10,935.00,63563.42,3813.77,807.46,11571.58,694.33,127.54,15.40,84.60
2025-04-14,April,Q2,2025,Air Mauritius,MK,Star Air,XX,USD,242,161830.00,9709.80,2680.00,137510.80,8250.58,2307.63,24319.20,1459.22,372.37,15.03,84.97
2025-04-14,April,Q2,2025,Emirates,EK,Star Air,XX,USD,228,68350.00,4101.00,1130.00,57741.92,3464.47,944.66,10608.08,636.53,185.34,15.52,84.48
2025-07-17,July,Q3,2025,Air France,AF,Star Air,XX,USD,245,234415.00,14064.90,3805.00,198131.68,11887.85,3196.76,36283.32,2177.05,608.24,15.48,84.52
2025-07-17,July,Q3,2025,JetBlue,B6,Star Air,XX,USD,226,322080.00,19324.80,3775.00,271326.86,16279.62,3094.45,50753.14,3045.18,680.55,15.76,84.24
2025-07-17,July,Q3,2025,Air India,AI,Star Air,XX,USD,239,78800.00,4728.00,1050.00,66494.97,3989.75,890.67,12305.03,738.25,159.33,15.62,84.38
2025-07-17,July,Q3,2025,Blue Panorama,BV,Star Air,XX,USD,247,73560.00,4413.60,1210.00,62049.63,3723.02,1030.35,11510.37,690.58,179.65,15.65,84.35
2025-07-17,July,Q3,2025,Air Mauritius,MK,Star Air,XX,USD,246,165145.00,9908.70,2800.00,140824.40,8449.46,2402.46,24320.60,1459.24,397.54,14.73,85.27
2025-07-17,July,Q3,2025,Qantas,QF,Star Air,XX,USD,237,326170.00,19570.20,6515.00,275536.77,16532.23,5505.76,50633.23,3037.97,1009.24,15.52,84.48
2025-10-23,October,Q4,2025,Qantas,QF,Star Air,XX,USD,716,505530.00,30331.80,7525.00,428512.97,25710.73,5878.78,77017.04,4621.07,1646.22,15.23,84.77
2025-07-17,July,Q3,2025,American Airlines,AA,Star Air,XX,USD,265,315500.00,18930.00,5150.00,269200.49,16152.01,4277.83,46299.51,2777.99,872.17,14.67,85.33
2025-07-17,July,Q3,2025,Emirates,EK,Star Air,XX,USD,481,163230.00,9793.80,2135.00,138041.38,8282.49,1779.66,25188.62,1511.31,355.34,15.43,84.57
2025-03-04,March,Q1,2025,Air New Zealand,NZ,Star Air,XX,USD,485,248970.00,14938.20,3585.00,209191.79,12551.58,2985.15,39778.21,2386.62,599.85,15.98,84.02
2025-03-04,March,Q1,2025,Qantas,QF,Star Air,XX,USD,481,305535.00,18332.10,4130.00,257952.26,15477.04,3456.89,47582.74,2855.06,673.11,15.57,84.43
2025-03-04,March,Q1,2025,Jet Airways,9W,Star Air,XX,USD,484,140845.00,8450.70,2585.00,119263.26,7155.76,2193.10,21581.74,1294.94,391.90,15.32,84.68
2025-03-04,March,Q1,2025,SIA,SQ,Star Air,XX,USD,257,109285.00,6557.10,2335.00,92814.09,5568.83,1972.89,16470.91,988.27,362.11,15.07,84.93
2025-03-04,March,Q1,2025,Air Mauritius,MK,Star Air,XX,USD,250,162325.00,9739.50,2180.00,137776.28,8266.67,1787.46,24548.72,1472.83,392.54,15.12,84.88
2025-04-25,April,Q2,2025,Siberia Airlines,S7,Star Air,XX,USD,1,555.00,33.30,0.00,474.20,28.45,0.00,80.80,4.85,0.00,14.56,85.44
2025-04-25,April,Q2,2025,Air New Zealand,NZ,Star Air,XX,USD,255,213765.00,12825.90,3160.00,180828.71,10849.82,2662.36,32936.29,1976.08,497.64,15.41,84.59
2025-04-25,April,Q2,2025,Thai Airways International,TG,Star Air,XX,USD,242,169860.00,10191.60,2515.00,143838.89,8630.28,2111.65,26021.11,1561.32,403.35,15.32,84.68
2025-04-25,April,Q2,2025,SIA,SQ,Star Air,XX,USD,232,101095.00,6065.70,1470.00,85497.73,5129.82,1214.33,15597.27,935.88,255.67,15.43,84.57
2025-04-25,April,Q2,2025,PIA,PK,Star Air,XX,USD,251,84840.00,5090.40,1140.00,71691.41,4301.47,998.00,13148.59,788.93,142.00,15.50,84.50
2025-04-25,April,Q2,2025,Air Canada,AC,Star Air,XX,USD,233,72115.00,4326.90,1160.00,61467.52,3687.99,987.05,10647.48,638.91,172.95,14.76,85.24
2025-04-25,April,Q2,2025,Qantas,QF,Star Air,XX,USD,242,202935.00,12176.10,3105.00,171513.53,10290.85,2560.08,31421.47,1885.25,544.92,15.48,84.52
2025-09-25,September,Q3,2025,Thai Airways International,TG,Star Air,XX,USD,255,167420.00,10045.20,2550.00,140765.69,8445.97,2187.02,26654.31,1599.23,362.98,15.92,84.08
2025-09-25,September,Q3,2025,Qantas,QF,Star Air,XX,USD,708,534690.00,32081.40,8735.00,458417.45,27505.07,7506.12,76272.55,4576.33,1228.88,14.26,85.74
2025-04-25,April,Q2,2025,Emirates,EK,Star Air,XX,USD,225,72380.00,4342.80,1165.00,61098.30,3665.89,949.46,11281.70,676.91,215.54,15.59,84.41
2025-09-08,September,Q3,2025,Jet Airways,9W,Star Air,XX,USD,256,80610.00,4836.60,1295.00,67360.39,4041.60,1121.55,13249.61,795.00,173.45,16.44,83.56
2025-09-08,September,Q3,2025,Qantas,QF,Star Air,XX,USD,754,617945.00,37076.70,10475.00,525577.64,31534.57,9071.36,92367.36,5542.13,1403.64,14.95,85.05
2025-09-25,September,Q3,2025,Air India,AI,Star Air,XX,USD,249,75950.00,4557.00,995.00,63821.38,3829.27,868.47,12128.62,727.73,126.53,15.97,84.03
2025-09-25,September,Q3,2025,Air France,AF,Star Air,XX,USD,241,223680.00,13420.80,2655.00,186552.43,11193.14,2247.38,37127.57,2227.66,407.62,16.60,83.40
2025-09-08,September,Q3,2025,Emirates,EK,Star Air,XX,USD,241,73055.00,4383.30,1250.00,61719.91,3703.11,1050.32,11335.09,680.19,199.68,15.52,84.48
2025-09-08,September,Q3,2025,Air Mauritius,MK,Star Air,XX,USD,249,166885.00,10013.10,2110.00,143319.90,8599.20,1804.36,23565.10,1413.90,305.64,14.12,85.88
2025-09-25,September,Q3,2025,PIA,PK,Star Air,XX,USD,252,74520.00,4471.20,990.00,62499.23,3749.99,836.61,12020.77,721.21,153.39,16.13,83.87
2025-09-25,September,Q3,2025,Air Mauritius,MK,Star Air,XX,USD,251,166250.00,9975.00,2080.00,138670.85,8320.25,1785.01,27579.15,1654.75,294.99,16.59,83.41
2025-11-21,November,Q4,2025,Air New Zealand,NZ,Star Air,XX,USD,239,165035.00,9902.10,4510.00,138878.49,8332.66,2833.29,26156.51,1569.44,1676.71,15.85,84.15
2025-09-25,September,Q3,2025,American Airlines,AA,Star Air,XX,USD,253,265585.00,15935.10,3390.00,223380.81,13402.91,2851.48,42204.19,2532.19,538.52,15.89,84.11
2025-11-21,November,Q4,2025,Siberia Airlines,S7,Star Air,XX,USD,1,765.00,45.90,0.00,630.87,37.85,0.00,134.13,8.05,0.00,17.53,82.47
2025-09-25,September,Q3,2025,Emirates,EK,Star Air,XX,USD,239,72010.00,4320.60,1080.00,60195.43,3611.64,870.35,11814.57,708.96,209.65,16.41,83.59
2025-12-19,December,Q4,2025,Qantas,QF,Star Air,XX,USD,993,539250.00,32355.00,14320.00,457825.27,27469.66,6969.16,81424.73,4885.34,7350.84,15.10,84.90
2025-11-15,November,Q4,2025,Jet Airways,9W,Star Air,XX,USD,486,135585.00,8135.10,12805.00,114190.41,6851.46,2024.79,21394.59,1283.64,10780.21,15.78,84.22
2025-10-20,October,Q4,2025,Jet Airways,9W,Star Air,XX,USD,246,71200.00,4272.00,17705.00,60117.15,3607.07,1075.23,11082.85,664.93,16629.77,15.57,84.43
2025-10-23,October,Q4,2025,Air France,AF,Star Air,XX,USD,248,211620.00,12697.20,1710.00,178975.93,10738.59,2483.39,32644.07,1958.61,-773.39,15.43,84.57
2025-10-23,October,Q4,2025,Air India,AI,Star Air,XX,USD,239,66250.00,3975.00,14545.00,56059.50,3363.61,1099.33,10190.50,611.39,13445.67,15.38,84.62
2025-10-20,October,Q4,2025,Qantas,QF,Star Air,XX,USD,733,587200.00,35232.00,6820.00,491952.89,29517.12,8270.43,95247.11,5714.88,-1450.43,16.22,83.78
2025-10-23,October,Q4,2025,JetBlue,B6,Star Air,XX,USD,239,305180.00,18310.80,2600.00,260545.28,15632.81,3728.26,44634.72,2677.99,-1128.26,14.63,85.37
2025-10-20,October,Q4,2025,Air India,AI,Star Air,XX,USD,244,64640.00,3878.40,555.00,54831.12,3289.83,715.46,9808.88,588.57,-160.46,15.17,84.83
2025-10-20,October,Q4,2025,Emirates,EK,Star Air,XX,USD,494,158455.00,9507.30,1545.00,134156.25,8049.28,1830.40,24298.75,1458.02,-285.40,15.33,84.67
2025-10-23,October,Q4,2025,PIA,PK,Star Air,XX,USD,237,75940.00,4556.40,450.00,63141.02,3788.37,1036.55,12798.98,768.03,-586.55,16.85,83.15
2025-12-19,December,Q4,2025,Jet Airways,9W,Star Air,XX,USD,242,60890.00,3653.40,500.00,51518.49,3091.04,944.92,9371.51,562.36,-444.92,15.39,84.61
2025-11-21,November,Q4,2025,Qantas,QF,Star Air,XX,USD,964,535560.00,32133.60,18300.00,454397.60,27263.88,8521.22,81162.40,4869.72,9778.78,15.15,84.85
2025-11-15,November,Q4,2025,Thai Airways International,TG,Star Air,XX,USD,253,159070.00,9544.20,11210.00,134557.35,8073.41,1665.22,24512.65,1470.79,9544.78,15.41,84.59
2025-11-15,November,Q4,2025,PIA,PK,Star Air,XX,USD,222,63090.00,3785.40,35385.00,53241.05,3194.52,788.47,9848.95,590.88,34596.53,15.61,84.39
2025-12-19,December,Q4,2025,PIA,PK,Star Air,XX,USD,248,72205.00,4332.30,28625.00,61212.66,3672.72,943.08,10992.34,659.58,27681.92,15.22,84.78
2025-11-21,November,Q4,2025,PIA,PK,Star Air,XX,USD,241,69825.00,4189.50,31870.00,58815.76,3529.00,714.53,11009.24,660.50,31155.47,15.77,84.23
2025-12-15,December,Q4,2025,Qantas,QF,Star Air,XX,USD,719,333480.00,20008.80,3565.00,284220.37,17053.32,4600.44,49259.63,2955.48,-1035.44,14.77,85.23
2025-12-15,December,Q4,2025,Air Mauritius,MK,Star Air,XX,USD,237,150185.00,9011.10,12190.00,126220.17,7573.16,1594.92,23964.83,1437.94,10595.08,15.96,84.04
2025-12-19,December,Q4,2025,SIA,SQ,Star Air,XX,USD,246,102315.00,6138.90,1445.00,86539.48,5192.34,1677.64,15775.52,946.56,-232.64,15.42,84.58
2025-11-15,November,Q4,2025,British Airways,BA,Star Air,XX,USD,247,120755.00,7245.30,910.00,101296.92,6077.78,1424.91,19458.08,1167.52,-514.91,16.11,83.89
2025-11-15,November,Q4,2025,American Airlines,AA,Star Air,XX,USD,236,247980.00,14878.80,2440.00,210145.89,12608.81,2931.84,37834.11,2269.99,-491.84,15.26,84.74
2025-11-15,November,Q4,2025,Qantas,QF,Star Air,XX,USD,495,521290.00,31277.40,5435.00,437485.27,26249.06,4137.15,83804.73,5028.34,1297.85,16.08,83.92
2025-11-21,November,Q4,2025,Air Canada,AC,Star Air,XX,USD,242,67975.00,4078.50,690.00,57485.84,3449.19,935.23,10489.16,629.31,-245.23,15.43,84.57
2025-11-15,November,Q4,2025,Vietnam Airlines,VN,Star Air,XX,USD,2,1850.00,111.00,0.00,1463.16,87.79,84.41,386.84,23.21,-84.41,20.91,79.09
2025-11-21,November,Q4,2025,Emirates,EK,Star Air,XX,USD,255,75075.00,4504.50,1355.00,63449.94,3807.07,660.35,11625.06,697.43,694.65,15.48,84.52
2025-11-15,November,Q4,2025,Emirates,EK,Star Air,XX,USD,244,68810.00,4128.60,2890.00,58081.10,3484.96,1332.53,10728.90,643.64,1557.47,15.59,84.41
2025-11-21,November,Q4,2025,Vietnam Airlines,VN,Star Air,XX,USD,1,530.00,31.80,130.00,394.59,23.68,39.46,135.41,8.12,90.54,25.55,74.45
2025-12-19,December,Q4,2025,Emirates,EK,Star Air,XX,USD,259,70155.00,4209.30,1675.00,59135.53,3548.15,816.19,11019.47,661.15,858.81,15.71,84.29
2026-01-18,January,Q1,2026,Thai Airways International,TG,Star Air,XX,USD,240,143730.00,8623.80,1515.00,122509.29,7350.61,1298.30,21220.71,1273.19,216.70,14.76,85.24
2026-01-18,January,Q1,2026,Qantas,QF,Star Air,XX,USD,479,443280.00,26596.80,5670.00,378271.50,22696.21,4822.10,65008.50,3900.59,847.90,14.67,85.33
2026-01-18,January,Q1,2026,PIA,PK,Star Air,XX,USD,224,59885.00,3593.10,1045.00,50838.56,3050.27,877.08,9046.44,542.83,167.92,15.11,84.89
2026-01-18,January,Q1,2026,Emirates,EK,Star Air,XX,USD,210,62280.00,3736.80,770.00,52108.25,3126.39,631.41,10171.75,610.41,138.59,16.33,83.67
2026-01-18,January,Q1,2026,JetBlue,B6,Star Air,XX,USD,246,306990.00,18419.40,3945.00,259912.05,15594.68,3348.12,47077.96,2824.72,596.88,15.34,84.66
2026-01-18,January,Q1,2026,British Airways,BA,Star Air,XX,USD,245,110000.00,6600.00,1495.00,92196.95,5531.89,1243.35,17803.05,1068.11,251.65,16.18,83.82
2025-10-15,October,Q4,2025,Air India,AI,Star Air,XX,USD,236,80915.00,4854.90,11050.00,67097.15,4025.87,673.43,13817.85,829.03,10376.57,17.08,82.92
2025-10-15,October,Q4,2025,American Airlines,AA,Star Air,XX,USD,484,584440.00,35066.40,11740.00,498874.92,29932.45,6348.50,85565.08,5133.95,5391.50,14.64,85.36
2025-10-15,October,Q4,2025,Emirates,EK,Star Air,XX,USD,247,72755.00,4365.30,900.00,61843.06,3710.53,1129.18,10911.94,654.77,-229.18,15.00,85.00
2025-10-15,October,Q4,2025,Vietnam Airlines,VN,Star Air,XX,USD,2,1910.00,114.60,80.00,1578.27,94.70,73.74,331.73,19.90,6.26,17.37,82.63
2025-10-15,October,Q4,2025,PIA,PK,Star Air,XX,USD,248,83770.00,5026.20,460.00,70076.54,4204.47,1034.08,13693.46,821.73,-574.08,16.35,83.65
2025-10-15,October,Q4,2025,Qantas,QF,Star Air,XX,USD,735,652425.00,39145.50,17205.00,549375.33,32962.55,8467.69,103049.67,6182.95,8737.31,15.79,84.21
2026-01-01,January,Q1,2026,Qantas,QF,Star Air,XX,USD,712,513770.00,30826.20,8305.00,433630.92,26017.81,7041.56,80139.08,4808.39,1263.44,15.60,84.40
2026-03-31,March,Q1,2026,American Airlines,AA,Star Air,XX,USD,482,583930.00,35035.80,10340.00,493737.59,29624.29,8891.18,90192.41,5411.51,1448.82,15.45,84.55
2026-01-01,January,Q1,2026,Air India,AI,Star Air,XX,USD,244,60945.00,3656.70,900.00,51272.33,3076.38,779.80,9672.67,580.32,120.20,15.87,84.13
2026-03-31,March,Q1,2026,Air India,AI,Star Air,XX,USD,234,82090.00,4925.40,935.00,69241.59,4154.49,794.49,12848.41,770.91,140.51,15.65,84.35
2026-01-01,January,Q1,2026,Air France,AF,Star Air,XX,USD,250,210955.00,12657.30,2330.00,176832.31,10609.97,1922.02,34122.69,2047.33,407.98,16.18,83.82
2026-03-31,March,Q1,2026,Qantas,QF,Star Air,XX,USD,757,976415.00,58584.90,13355.00,832481.46,49948.80,11160.61,143933.54,8636.10,2194.39,14.74,85.26
2026-03-31,March,Q1,2026,PIA,PK,Star Air,XX,USD,240,74305.00,4458.30,1315.00,62014.85,3720.88,1120.75,12290.15,737.42,194.25,16.54,83.46
2026-01-01,January,Q1,2026,Blue Panorama,BV,Star Air,XX,USD,244,63125.00,3787.50,885.00,53385.39,3203.03,765.65,9739.61,584.47,119.35,15.43,84.57
2026-01-01,January,Q1,2026,Air Canada,AC,Star Air,XX,USD,237,72340.00,4340.40,1095.00,61218.17,3673.07,928.39,11121.83,667.33,166.61,15.37,84.63
2026-03-31,March,Q1,2026,Air Canada,AC,Star Air,XX,USD,253,73460.00,4407.60,1070.00,62866.01,3771.98,927.19,10593.99,635.62,142.81,14.42,85.58
2025-12-27,December,Q4,2025,Jet Airways,9W,Star Air,XX,USD,482,123310.00,7398.60,9470.00,104389.66,6263.31,1334.67,18920.34,1135.29,8135.33,15.34,84.66
2025-12-27,December,Q4,2025,Thai Airways International,TG,Star Air,XX,USD,252,149625.00,8977.50,13750.00,126705.78,7602.34,1987.91,22919.22,1375.16,11762.09,15.32,84.68
2025-12-27,December,Q4,2025,PIA,PK,Star Air,XX,USD,229,66180.00,3970.80,28180.00,56091.39,3365.47,789.18,10088.61,605.33,27390.82,15.24,84.76
2025-12-27,December,Q4,2025,British Airways,BA,Star Air,XX,USD,234,117670.00,7060.20,1970.00,99517.11,5970.96,2144.80,18152.89,1089.24,-174.80,15.43,84.57
2025-12-27,December,Q4,2025,American Airlines,AA,Star Air,XX,USD,522,546120.00,32767.20,15080.00,460250.97,27615.12,6932.61,85869.03,5152.08,8147.39,15.72,84.28
2025-12-27,December,Q4,2025,Qantas,QF,Star Air,XX,USD,479,471880.00,28312.80,6180.00,398662.51,23919.64,4285.27,73217.49,4393.16,1894.73,15.52,84.48
2025-12-27,December,Q4,2025,Air Canada,AC,Star Air,XX,USD,236,67260.00,4035.60,510.00,56686.63,3401.18,615.46,10573.37,634.42,-105.46,15.72,84.28
2025-12-27,December,Q4,2025,Emirates,EK,Star Air,XX,USD,764,216180.00,12970.80,3975.00,183373.07,11002.43,2449.34,32806.93,1968.37,1525.66,15.18,84.82
2025-12-27,December,Q4,2025,SIA,SQ,Star Air,XX,USD,251,98460.00,5907.60,2865.00,84104.39,5046.20,1286.52,14355.61,861.40,1578.48,14.58,85.42
2026-01-06,January,Q1,2026,Thai Airways International,TG,Star Air,XX,USD,235,140175.00,8410.50,2090.00,119142.07,7148.60,1743.64,21032.93,1261.90,346.36,15.00,85.00
2026-01-06,January,Q1,2026,Air New Zealand,NZ,Star Air,XX,USD,479,242480.00,14548.80,3385.00,206788.08,12407.39,2880.80,35691.92,2141.41,504.20,14.72,85.28
2026-01-06,January,Q1,2026,Jet Airways,9W,Star Air,XX,USD,499,134420.00,8065.20,2130.00,113239.51,6794.40,1857.15,21180.49,1270.80,272.85,15.76,84.24
2026-03-26,March,Q1,2026,Air New Zealand,NZ,Star Air,XX,USD,486,294480.00,17668.80,3600.00,246968.60,14818.08,3040.46,47511.40,2850.72,559.54,16.13,83.87
2026-01-23,January,Q1,2026,Air New Zealand,NZ,Star Air,XX,USD,242,165930.00,9955.80,2420.00,141175.43,8470.56,2035.96,24754.57,1485.24,384.04,14.92,85.08
2026-01-23,January,Q1,2026,Qantas,QF,Star Air,XX,USD,508,221955.00,13317.30,2990.00,187870.83,11272.35,2484.78,34084.17,2044.95,505.22,15.36,84.64
2026-03-26,March,Q1,2026,Qantas,QF,Star Air,XX,USD,474,327035.00,19622.10,4185.00,276626.80,16597.64,3521.99,50408.20,3024.46,663.01,15.41,84.59
2026-03-26,March,Q1,2026,PIA,PK,Star Air,XX,USD,250,70640.00,4238.40,1150.00,59803.32,3588.16,959.60,10836.68,650.24,190.40,15.34,84.66
2026-03-26,March,Q1,2026,Jet Airways,9W,Star Air,XX,USD,250,72700.00,4362.00,1290.00,61269.63,3676.17,1097.30,11430.37,685.83,192.70,15.72,84.28
2026-03-26,March,Q1,2026,Thai Airways International,TG,Star Air,XX,USD,245,155765.00,9345.90,2590.00,131926.15,7915.47,2224.07,23838.85,1430.43,365.93,15.30,84.70
2026-01-06,January,Q1,2026,JetBlue,B6,Star Air,XX,USD,239,297735.00,17864.10,4625.00,254372.15,15262.26,3947.54,43362.85,2601.84,677.46,14.56,85.44
2026-01-06,January,Q1,2026,Qantas,QF,Star Air,XX,USD,476,253800.00,15228.00,4555.00,216752.49,13005.18,3879.00,37047.51,2222.82,676.00,14.60,85.40
2026-01-06,January,Q1,2026,SIA,SQ,Star Air,XX,USD,244,98180.00,5890.80,1405.00,83449.15,5006.84,1230.72,14730.85,883.96,174.28,15.00,85.00
2026-01-23,January,Q1,2026,SIA,SQ,Star Air,XX,USD,235,88410.00,5304.60,1320.00,74943.57,4496.51,1145.20,13466.43,808.09,174.80,15.23,84.77
2026-01-06,January,Q1,2026,Emirates,EK,Star Air,XX,USD,226,72970.00,4378.20,1100.00,62013.23,3720.87,923.12,10956.77,657.33,176.88,15.02,84.98
2026-03-26,March,Q1,2026,Air Canada,AC,Star Air,XX,USD,250,75785.00,4547.10,785.00,64820.51,3889.20,674.96,10964.49,657.90,110.04,14.47,85.53
2026-03-26,March,Q1,2026,Emirates,EK,Star Air,XX,USD,236,69365.00,4161.90,950.00,59081.15,3544.90,802.13,10283.85,617.00,147.87,14.83,85.17
2025-03-07,March,Q1,2025,Air New Zealand,NZ,Star Air,XX,USD,507,256790.00,15407.40,3705.00,217188.92,13031.55,3120.53,39601.08,2375.85,584.47,15.42,84.58
2025-03-29,March,Q1,2025,Thai Airways International,TG,Star Air,XX,USD,259,171295.00,10277.70,2780.00,145306.42,8718.33,2362.65,25988.58,1559.37,417.35,15.17,84.83
2025-03-29,March,Q1,2025,Jet Airways,9W,Star Air,XX,USD,507,146790.00,8807.40,2425.00,124088.66,7445.34,2102.54,22701.34,1362.06,322.46,15.47,84.53
2025-03-07,March,Q1,2025,Qantas,QF,Star Air,XX,USD,1020,503400.00,30204.00,8205.00,424843.07,25490.54,7064.86,78556.93,4713.46,1140.14,15.61,84.39
2025-03-29,March,Q1,2025,American Airlines,AA,Star Air,XX,USD,256,279890.00,16793.40,3655.00,237702.23,14262.17,3086.41,42187.77,2531.23,568.59,15.07,84.93
2025-03-29,March,Q1,2025,Emirates,EK,Star Air,XX,USD,485,148585.00,8915.10,2990.00,126301.30,7578.16,2528.28,22283.70,1336.94,461.72,15.00,85.00
2025-03-29,March,Q1,2025,Air Canada,AC,Star Air,XX,USD,468,154600.00,9276.00,2560.00,131686.63,7901.07,2223.21,22913.37,1374.93,336.79,14.82,85.18
2025-03-07,March,Q1,2025,Air Canada,AC,Star Air,XX,USD,264,80225.00,4813.50,1345.00,67243.48,4034.60,1149.79,12981.52,778.90,195.21,16.18,83.82
2025-03-29,March,Q1,2025,Air Mauritius,MK,Star Air,XX,USD,239,158885.00,9533.10,2620.00,134746.92,8084.79,2223.77,24138.08,1448.31,396.23,15.19,84.81
2025-03-29,March,Q1,2025,Qantas,QF,Star Air,XX,USD,258,205705.00,12342.30,3725.00,174195.79,10451.79,3043.75,31509.21,1890.51,681.25,15.32,84.68
2025-03-29,March,Q1,2025,Vietnam Airlines,VN,Star Air,XX,USD,1,980.00,58.80,0.00,796.72,47.80,0.00,183.28,11.00,0.00,18.70,81.30
2025-03-29,March,Q1,2025,SIA,SQ,Star Air,XX,USD,261,107710.00,6462.60,1430.00,91135.91,5468.19,1185.01,16574.09,994.41,244.99,15.39,84.61
2025-06-22,June,Q2,2025,Air France,AF,Star Air,XX,USD,243,228820.00,13729.20,3445.00,195352.87,11721.22,3008.72,33467.13,2007.98,436.28,14.63,85.37
2025-05-08,May,Q2,2025,Qantas,QF,Star Air,XX,USD,688,637385.00,38243.10,11675.00,542195.41,31956.66,9960.44,95189.59,6286.44,1714.56,14.93,85.07
2025-05-08,May,Q2,2025,Air France,AF,Star Air,XX,USD,205,230510.00,13830.60,3805.00,194328.57,11659.74,3227.91,36181.43,2170.86,577.09,15.70,84.30
2025-06-22,June,Q2,2025,American Airlines,AA,Star Air,XX,USD,443,507485.00,30449.10,7345.00,428483.41,25708.98,6332.34,79001.59,4740.12,1012.66,15.57,84.43
2025-06-22,June,Q2,2025,Emirates,EK,Star Air,XX,USD,489,156300.00,9378.00,1750.00,132969.96,7978.08,1496.52,23330.05,1399.92,253.48,14.93,85.07
2025-06-22,June,Q2,2025,Qantas,QF,Star Air,XX,USD,468,521990.00,31319.40,7020.00,442024.90,26521.57,6053.98,79965.10,4797.83,966.02,15.32,84.68
2025-06-22,June,Q2,2025,British Airways,BA,Star Air,XX,USD,257,130875.00,7852.50,2030.00,111399.44,6120.71,1727.77,19475.57,1731.79,302.23,14.88,85.12
2025-06-22,June,Q2,2025,JetBlue,B6,Star Air,XX,USD,232,323610.00,19416.60,5080.00,273986.46,16439.20,4209.33,49623.54,2977.40,870.67,15.33,84.67
2025-04-15,April,Q2,2025,Air New Zealand,NZ,Star Air,XX,USD,485,278895.00,16733.70,3465.00,235451.62,14127.13,2992.60,43443.38,2606.57,472.40,15.58,84.42
2025-05-18,May,Q2,2025,Air India,AI,Star Air,XX,USD,203,74015.00,4440.90,1510.00,62951.89,3777.19,1282.70,11063.11,663.71,227.30,14.95,85.05
2025-04-15,April,Q2,2025,JetBlue,B6,Star Air,XX,USD,245,377925.00,22675.50,5480.00,321235.62,19274.10,4684.80,56689.38,3401.40,795.20,15.00,85.00
2025-06-10,June,Q2,2025,Qantas,QF,Star Air,XX,USD,744,514045.00,30842.70,9035.00,435079.29,26104.76,7528.48,78965.71,4737.94,1506.52,15.36,84.64
2025-04-15,April,Q2,2025,Qantas,QF,Star Air,XX,USD,457,274170.00,16450.20,3685.00,233556.41,14013.41,3141.42,40613.59,2436.79,543.58,14.81,85.19
2025-04-15,April,Q2,2025,Jet Airways,9W,Star Air,XX,USD,487,153680.00,9220.80,1995.00,130819.73,7849.21,1776.40,22860.27,1371.59,218.60,14.88,85.12
2025-05-18,May,Q2,2025,Thai Airways International,TG,Star Air,XX,USD,246,185835.00,11150.10,3025.00,157648.24,9458.94,2573.11,28186.76,1691.16,451.89,15.17,84.83
2025-06-10,June,Q2,2025,Jet Airways,9W,Star Air,XX,USD,231,70965.00,4257.90,910.00,60568.49,3634.06,764.81,10396.51,623.84,145.19,14.65,85.35
2025-04-15,April,Q2,2025,Air India,AI,Star Air,XX,USD,234,80270.00,4816.20,1260.00,67934.29,4076.10,1078.72,12335.71,740.10,181.28,15.37,84.63
2025-05-18,May,Q2,2025,American Airlines,AA,Star Air,XX,USD,494,623795.00,37427.70,8050.00,525250.47,31514.95,6711.89,98544.53,5912.75,1338.11,15.80,84.20
2025-05-18,May,Q2,2025,PIA,PK,Star Air,XX,USD,244,80200.00,4812.00,1550.00,67462.24,4047.76,1277.18,12737.76,764.24,272.82,15.88,84.12
2025-05-18,May,Q2,2025,Qantas,QF,Star Air,XX,USD,701,868415.00,52104.90,13270.00,730688.62,43841.30,11171.06,137726.38,8263.60,2098.94,15.86,84.14
2025-06-10,June,Q2,2025,SIA,SQ,Star Air,XX,USD,468,221710.00,13302.60,3620.00,188525.32,9965.03,3107.98,33184.68,3337.57,512.02,14.97,85.03
2025-04-15,April,Q2,2025,Emirates,EK,Star Air,XX,USD,477,150215.00,9012.90,2285.00,127161.01,7629.64,1956.97,23053.99,1383.26,328.03,15.35,84.65
2025-04-15,April,Q2,2025,SIA,SQ,Star Air,XX,USD,245,113530.00,6811.80,1525.00,97125.76,5827.59,1285.11,16404.24,984.21,239.89,14.45,85.55
2025-06-10,June,Q2,2025,PIA,PK,Star Air,XX,USD,250,84710.00,5082.60,1040.00,71454.16,4093.99,872.77,13255.84,988.61,167.23,15.65,84.35
2025-04-15,April,Q2,2025,PIA,PK,Star Air,XX,USD,253,82155.00,4929.30,985.00,69586.62,4220.74,828.19,12568.38,708.56,156.81,15.30,84.70
2025-06-10,June,Q2,2025,Air Mauritius,MK,Star Air,XX,USD,201,116955.00,7017.30,1130.00,98765.57,6079.69,972.43,18189.43,937.61,157.57,15.55,84.45
2025-04-15,April,Q2,2025,Air Canada,AC,Star Air,XX,USD,252,85400.00,5124.00,1100.00,72166.08,4329.94,921.19,13233.93,794.06,178.81,15.50,84.50
2025-09-14,September,Q3,2025,Qantas,QF,Star Air,XX,USD,758,599615.00,35976.90,10190.00,508282.69,30496.94,8585.01,91332.31,5479.96,1604.99,15.23,84.77
2025-05-18,May,Q2,2025,Emirates,EK,Star Air,XX,USD,233,77810.00,4668.60,1540.00,65860.57,3951.61,1275.60,11949.43,716.99,264.40,15.36,84.64
2025-09-14,September,Q3,2025,Air France,AF,Star Air,XX,USD,248,242645.00,14558.70,3955.00,204404.00,12264.25,3345.19,38241.01,2294.45,609.81,15.76,84.24
2025-09-14,September,Q3,2025,PIA,PK,Star Air,XX,USD,235,72605.00,4356.30,900.00,62534.88,3752.12,791.38,10070.12,604.18,108.62,13.87,86.13
2025-09-14,September,Q3,2025,Blue Panorama,BV,Star Air,XX,USD,229,68485.00,4109.10,1295.00,58625.11,3517.45,1104.95,9859.89,591.65,190.05,14.40,85.60
2025-09-14,September,Q3,2025,Emirates,EK,Star Air,XX,USD,471,145640.00,8738.40,2405.00,122844.28,7370.60,2038.16,22795.72,1367.80,366.84,15.65,84.35
2025-09-14,September,Q3,2025,British Airways,BA,Star Air,XX,USD,250,129050.00,7743.00,1870.00,107777.97,6466.71,1557.33,21272.03,1276.29,312.67,16.48,83.52
2025-03-06,March,Q1,2025,Qantas,QF,Star Air,XX,USD,468,388705.00,23322.30,4780.00,333844.30,20030.69,4138.54,54860.70,3291.61,641.46,14.11,85.89
2025-03-06,March,Q1,2025,Thai Airways International,TG,Star Air,XX,USD,243,175615.00,10536.90,3130.00,149483.09,8969.03,2654.57,26131.91,1567.87,475.43,14.88,85.12
2025-03-06,March,Q1,2025,JetBlue,B6,Star Air,XX,USD,201,256950.00,15417.00,3350.00,214729.25,12883.75,2760.22,42220.75,2533.25,589.78,16.43,83.57
2025-03-06,March,Q1,2025,Blue Panorama,BV,Star Air,XX,USD,262,72220.00,4333.20,940.00,61246.27,3674.72,797.13,10973.73,658.48,142.87,15.19,84.81
2025-03-06,March,Q1,2025,PIA,PK,Star Air,XX,USD,269,84280.00,5056.80,1555.00,71389.16,4283.37,1293.57,12890.84,773.43,261.43,15.30,84.70
2025-06-27,June,Q2,2025,Qantas,QF,Star Air,XX,USD,491,348675.00,20920.50,5150.00,294726.34,17683.56,4316.21,53948.66,3236.94,833.79,15.47,84.53
2025-03-06,March,Q1,2025,Air Canada,AC,Star Air,XX,USD,261,73915.00,4434.90,1160.00,62641.26,3758.54,993.15,11273.74,676.36,166.85,15.25,84.75
2025-06-27,June,Q2,2025,Jet Airways,9W,Star Air,XX,USD,249,77945.00,4676.70,1270.00,65494.60,3929.69,1025.90,12450.40,747.01,244.10,15.97,84.03
2025-06-07,June,Q2,2025,Air India,AI,Star Air,XX,USD,252,85910.00,5154.60,1350.00,72439.88,4346.42,1124.35,13470.12,808.18,225.65,15.68,84.32
2025-06-27,June,Q2,2025,Air New Zealand,NZ,Star Air,XX,USD,484,280050.00,16803.00,4555.00,239684.15,14381.14,3888.21,40365.85,2421.86,666.79,14.41,85.59
2025-04-03,April,Q2,2025,Vietnam Airlines,VN,Star Air,XX,USD,2,1400.00,84.00,0.00,1191.79,71.51,0.00,208.21,12.49,0.00,14.87,85.13
2025-06-07,June,Q2,2025,Jet Airways,9W,Star Air,XX,USD,230,70840.00,4250.40,1160.00,59973.98,3598.44,996.63,10866.02,651.96,163.37,15.34,84.66
2025-04-03,April,Q2,2025,Thai Airways International,TG,Star Air,XX,USD,242,158170.00,9490.20,1990.00,134005.41,8040.36,1729.56,24164.59,1449.84,260.44,15.28,84.72
2025-06-07,June,Q2,2025,Air Mauritius,MK,Star Air,XX,USD,229,170740.00,10244.40,2985.00,144856.70,8691.48,2566.97,25883.30,1552.92,418.03,15.16,84.84
2025-06-27,June,Q2,2025,SIA,SQ,Star Air,XX,USD,223,108035.00,6482.10,2565.00,90194.62,5411.68,2073.59,17840.38,1070.42,491.41,16.51,83.49
2025-04-03,April,Q2,2025,Qantas,QF,Star Air,XX,USD,459,365840.00,21950.40,6255.00,311144.80,18668.71,5384.71,54695.20,3281.69,870.29,14.95,85.05
2025-06-27,June,Q2,2025,PIA,PK,Star Air,XX,USD,239,84510.00,5070.60,680.00,71023.00,4261.43,563.91,13487.00,809.17,116.09,15.96,84.04
2025-06-07,June,Q2,2025,Air Canada,AC,Star Air,XX,USD,444,134695.00,8081.70,2190.00,114070.18,6844.25,1844.30,20624.82,1237.45,345.70,15.31,84.69
2025-06-07,June,Q2,2025,Emirates,EK,Star Air,XX,USD,241,77335.00,4640.10,1250.00,65257.24,3915.36,1059.50,12077.77,724.74,190.50,15.62,84.38
2025-06-07,June,Q2,2025,American Airlines,AA,Star Air,XX,USD,246,309395.00,18563.70,4665.00,261176.39,15670.53,3938.87,48218.61,2893.17,726.13,15.58,84.42
2025-06-27,June,Q2,2025,Air Canada,AC,Star Air,XX,USD,239,72235.00,4334.10,1335.00,61669.75,3700.26,1136.83,10565.25,633.84,198.17,14.63,85.37
2025-04-03,April,Q2,2025,PIA,PK,Star Air,XX,USD,224,68710.00,4122.60,1110.00,58045.87,3578.22,955.34,10664.13,544.38,154.66,15.52,84.48
2025-04-03,April,Q2,2025,Air Mauritius,MK,Star Air,XX,USD,234,132800.00,7968.00,2110.00,112011.40,6657.47,1827.04,20788.60,1310.53,282.96,15.65,84.35
2025-09-19,September,Q3,2025,Air New Zealand,NZ,Star Air,XX,USD,229,169380.00,10162.80,2505.00,143206.58,8592.33,2090.69,26173.42,1570.47,414.31,15.45,84.55
2025-06-07,June,Q2,2025,SIA,SQ,Star Air,XX,USD,265,116170.00,6970.20,1115.00,97995.00,5214.55,951.84,18175.00,1755.65,163.16,15.65,84.35
2025-08-20,August,Q3,2025,Qantas,QF,Star Air,XX,USD,243,140785.00,8447.10,1880.00,118096.63,7085.87,1578.73,22688.37,1361.23,301.27,16.12,83.88
2025-09-19,September,Q3,2025,Qantas,QF,Star Air,XX,USD,246,86340.00,5180.40,1045.00,72718.12,4363.09,896.10,13621.88,817.31,148.90,15.78,84.22
2025-09-19,September,Q3,2025,Thai Airways International,TG,Star Air,XX,USD,251,177495.00,10649.70,2790.00,149817.56,8989.14,2334.21,27677.44,1660.56,455.79,15.59,84.41
2025-09-19,September,Q3,2025,SIA,SQ,Star Air,XX,USD,231,93215.00,5592.90,1185.00,78085.56,4685.03,1011.49,15129.44,907.87,173.51,16.23,83.77
2025-09-19,September,Q3,2025,Air Canada,AC,Star Air,XX,USD,250,75150.00,4509.00,1265.00,63138.85,3788.36,1053.64,12011.15,720.64,211.36,15.98,84.02
2025-08-20,August,Q3,2025,Emirates,EK,Star Air,XX,USD,482,155630.00,9337.80,3330.00,131359.32,7881.61,2773.47,24270.69,1456.19,556.53,15.60,84.40
2025-08-20,August,Q3,2025,PIA,PK,Star Air,XX,USD,259,86910.00,5214.60,1110.00,73153.43,4389.27,953.26,13756.58,825.33,156.74,15.83,84.17
2025-08-20,August,Q3,2025,British Airways,BA,Star Air,XX,USD,240,116340.00,6980.40,2060.00,98441.37,5906.43,1739.27,17898.63,1073.97,320.73,15.38,84.62
2025-08-20,August,Q3,2025,Siberia Airlines,S7,Star Air,XX,USD,1,460.00,27.60,0.00,403.22,24.19,0.00,56.78,3.41,0.00,12.34,87.66
2025-08-20,August,Q3,2025,American Airlines,AA,Star Air,XX,USD,257,286365.00,17181.90,4485.00,242096.07,14525.75,3835.23,44268.93,2656.15,649.77,15.46,84.54
2025-08-20,August,Q3,2025,Air Canada,AC,Star Air,XX,USD,235,70890.00,4253.40,1165.00,59819.65,3589.15,985.62,11070.35,664.25,179.38,15.62,84.38
2025-05-22,May,Q2,2025,Air France,AF,Star Air,XX,USD,238,251960.00,15117.60,3365.00,213176.91,12790.61,2789.98,38783.09,2326.99,575.02,15.39,84.61
2025-04-10,April,Q2,2025,Qantas,QF,Star Air,XX,USD,697,520305.00,31218.30,7185.00,439913.06,26394.77,6065.42,80391.94,4823.53,1119.58,15.45,84.55
2025-04-10,April,Q2,2025,Air France,AF,Star Air,XX,USD,244,230745.00,13844.70,3775.00,195291.30,11717.49,3068.05,35453.70,2127.21,706.95,15.36,84.64
2025-05-22,May,Q2,2025,Qantas,QF,Star Air,XX,USD,708,697660.00,41859.60,9885.00,588651.72,34795.73,8372.73,109008.30,7063.87,1512.27,15.62,84.38
2025-04-10,April,Q2,2025,Air India,AI,Star Air,XX,USD,247,74240.00,4454.40,1040.00,63313.62,3798.79,895.95,10926.38,655.61,144.05,14.72,85.28
2025-04-10,April,Q2,2025,PIA,PK,Star Air,XX,USD,240,73830.00,4429.80,950.00,62139.55,3790.26,798.28,11690.45,639.54,151.72,15.83,84.17
2025-04-10,April,Q2,2025,Blue Panorama,BV,Star Air,XX,USD,256,76475.00,4588.50,1315.00,64760.97,3968.55,1083.89,11714.03,619.95,231.11,15.32,84.68
2025-05-22,May,Q2,2025,PIA,PK,Star Air,XX,USD,206,66440.00,3986.40,1240.00,55717.15,3312.08,1045.51,10722.86,674.32,194.49,16.14,83.86
2025-04-10,April,Q2,2025,Air Mauritius,MK,Star Air,XX,USD,249,153510.00,9210.60,1785.00,128963.74,7854.28,1518.76,24546.26,1356.32,266.24,15.99,84.01
2025-05-22,May,Q2,2025,Air Mauritius,MK,Star Air,XX,USD,244,154530.00,9271.80,2115.00,130720.56,7010.36,1824.14,23809.44,2261.44,290.86,15.41,84.59
2025-05-22,May,Q2,2025,American Airlines,AA,Star Air,XX,USD,239,280400.00,16824.00,5070.00,236869.78,10373.06,4270.23,43530.22,6450.94,799.77,15.52,84.48
2025-04-10,April,Q2,2025,Emirates,EK,Star Air,XX,USD,259,84170.00,5050.20,1335.00,71457.84,4287.50,1126.15,12712.16,762.70,208.85,15.10,84.90
2025-04-10,April,Q2,2025,Air Canada,AC,Star Air,XX,USD,257,83625.00,5017.50,1150.00,71079.80,4264.76,960.04,12545.20,752.74,189.96,15.00,85.00
2026-03-16,March,Q1,2026,Air New Zealand,NZ,Star Air,XX,USD,468,252495.00,15149.70,4640.00,213796.94,12827.99,3965.00,38698.06,2321.71,675.00,15.33,84.67
2026-03-16,March,Q1,2026,Thai Airways International,TG,Star Air,XX,USD,242,147365.00,8841.90,2210.00,124410.60,7464.74,1820.87,22954.40,1377.16,389.13,15.58,84.42
2026-02-18,February,Q1,2026,Qantas,QF,Star Air,XX,USD,725,742405.00,44544.30,11910.00,623436.95,37406.22,10119.38,118968.05,7138.08,1790.62,16.02,83.98
2026-02-14,February,Q1,2026,Jet Airways,9W,Star Air,XX,USD,229,57805.00,3468.30,845.00,48472.72,2908.38,720.32,9332.28,559.92,124.68,16.14,83.86
2026-02-14,February,Q1,2026,JetBlue,B6,Star Air,XX,USD,201,247940.00,14876.40,3885.00,207684.20,12461.05,3236.67,40255.80,2415.35,648.33,16.24,83.76
2026-02-18,February,Q1,2026,American Airlines,AA,Star Air,XX,USD,486,498480.00,29908.80,8115.00,419316.32,25158.97,6928.03,79163.68,4749.83,1186.97,15.88,84.12
2026-02-14,February,Q1,2026,British Airways,BA,Star Air,XX,USD,244,116040.00,6962.40,1855.00,98537.77,5912.20,1580.90,17502.23,1050.20,274.10,15.08,84.92
2026-03-16,March,Q1,2026,JetBlue,B6,Star Air,XX,USD,236,304525.00,18271.50,4155.00,258306.52,15498.33,3613.26,46218.48,2773.17,541.74,15.18,84.82
2026-03-16,March,Q1,2026,Air India,AI,Star Air,XX,USD,233,72810.00,4368.60,1450.00,61476.20,3688.64,1239.56,11333.80,679.96,210.44,15.57,84.43
2026-02-18,February,Q1,2026,Air India,AI,Star Air,XX,USD,240,73480.00,4408.80,870.00,61803.66,3708.26,743.87,11676.34,700.54,126.13,15.89,84.11
2026-02-14,February,Q1,2026,PIA,PK,Star Air,XX,USD,237,63045.00,3782.70,1050.00,53651.28,3219.05,901.00,9393.72,563.65,149.00,14.90,85.10
2026-02-14,February,Q1,2026,Air Mauritius,MK,Star Air,XX,USD,250,164790.00,9887.40,2445.00,138205.88,8292.33,2021.14,26584.12,1595.07,423.86,16.13,83.87
2026-03-16,March,Q1,2026,SIA,SQ,Star Air,XX,USD,491,222660.00,13359.60,3225.00,188475.46,11308.56,2682.35,34184.54,2051.04,542.65,15.35,84.65
2026-03-16,March,Q1,2026,Qantas,QF,Star Air,XX,USD,245,206790.00,12407.40,2750.00,174227.84,10453.65,2319.21,32562.16,1953.75,430.79,15.75,84.25
2026-02-14,February,Q1,2026,Air Canada,AC,Star Air,XX,USD,231,63525.00,3811.50,990.00,53550.14,3212.96,829.07,9974.86,598.54,160.93,15.70,84.30
2026-02-14,February,Q1,2026,Emirates,EK,Star Air,XX,USD,459,131810.00,7908.60,2005.00,110141.66,6608.45,1649.03,21668.34,1300.15,355.97,16.44,83.56
2026-03-16,March,Q1,2026,Emirates,EK,Star Air,XX,USD,493,144970.00,8698.20,2080.00,122639.60,7358.25,1741.38,22330.40,1339.95,338.62,15.40,84.60
2026-02-14,February,Q1,2026,American Airlines,AA,Star Air,XX,USD,236,234810.00,14088.60,3155.00,197461.56,11847.74,2577.05,37348.44,2240.86,577.95,15.91,84.09
2026-02-18,February,Q1,2026,British Airways,BA,Star Air,XX,USD,240,107490.00,6449.40,1795.00,91025.05,5461.44,1543.41,16464.95,987.96,251.59,15.32,84.68
2026-02-14,February,Q1,2026,SIA,SQ,Star Air,XX,USD,266,116995.00,7019.70,1860.00,99508.75,5970.42,1620.37,17486.25,1049.28,239.63,14.95,85.05
2026-03-16,March,Q1,2026,Air Canada,AC,Star Air,XX,USD,252,68950.00,4137.00,1040.00,58672.30,3520.35,884.39,10277.70,616.65,155.61,14.91,85.09
2026-02-18,February,Q1,2026,Air Canada,AC,Star Air,XX,USD,465,143865.00,8631.90,2390.00,121172.43,7270.32,1985.33,22692.57,1361.58,404.67,15.77,84.23
2025-02-18,February,Q1,2025,Air New Zealand,NZ,Star Air,XX,USD,495,254385.00,15263.10,4060.00,214629.00,12877.85,3393.24,39756.00,2385.25,666.76,15.63,84.37
2025-03-17,March,Q1,2025,Qantas,QF,Star Air,XX,USD,243,76050.00,4563.00,1040.00,63960.29,3837.64,887.30,12089.72,725.36,152.70,15.90,84.10
2025-03-19,March,Q1,2025,American Airlines,AA,Star Air,XX,USD,505,532245.00,31934.70,10580.00,454325.90,27259.66,9004.04,77919.10,4675.04,1575.96,14.64,85.36
2025-03-19,March,Q1,2025,Qantas,QF,Star Air,XX,USD,783,657125.00,39427.50,8560.00,556309.04,33378.39,7250.28,100815.96,6049.11,1309.72,15.34,84.66
2025-02-08,February,Q1,2025,Jet Airways,9W,Star Air,XX,USD,259,67530.00,4051.80,860.00,57236.98,3434.33,725.84,10293.02,617.47,134.16,15.24,84.76
2025-02-18,February,Q1,2025,Air India,AI,Star Air,XX,USD,248,79420.00,4765.20,1120.00,67500.29,4050.08,972.83,11919.71,715.12,147.17,15.01,84.99
2025-03-19,March,Q1,2025,Air India,AI,Star Air,XX,USD,260,82740.00,4964.40,1410.00,70365.58,4222.09,1217.56,12374.42,742.31,192.44,14.96,85.04
2025-03-17,March,Q1,2025,Jet Airways,9W,Star Air,XX,USD,242,64095.00,3845.70,880.00,54381.20,3262.88,754.87,9713.80,582.82,125.13,15.16,84.84
2025-02-18,February,Q1,2025,Jet Airways,9W,Star Air,XX,USD,498,134245.00,8054.70,1805.00,112858.31,6771.55,1509.27,21386.69,1283.15,295.73,15.93,84.07
2025-02-18,February,Q1,2025,Qantas,QF,Star Air,XX,USD,745,412085.00,24725.10,6690.00,347901.50,20874.09,5565.03,64183.50,3851.01,1124.97,15.58,84.42
2025-02-23,February,Q1,2025,Qantas,QF,Star Air,XX,USD,1003,962755.00,57765.30,14495.00,814021.98,48841.33,12333.87,148733.02,8923.97,2161.13,15.45,84.55
2025-02-08,February,Q1,2025,JetBlue,B6,Star Air,XX,USD,222,304990.00,18299.40,4035.00,254921.65,15295.26,3321.78,50068.35,3004.14,713.22,16.42,83.58
2025-02-08,February,Q1,2025,Air India,AI,Star Air,XX,USD,255,83860.00,5031.60,1420.00,71462.04,4287.80,1194.00,12397.96,743.80,226.00,14.78,85.22
2025-02-23,February,Q1,2025,PIA,PK,Star Air,XX,USD,222,57700.00,3462.00,885.00,49364.01,2961.85,744.49,8335.99,500.15,140.51,14.45,85.55
2025-02-23,February,Q1,2025,Thai Airways International,TG,Star Air,XX,USD,252,151945.00,9116.70,2120.00,130832.74,7849.94,1757.09,21112.26,1266.76,362.91,13.89,86.11
2025-03-19,March,Q1,2025,British Airways,BA,Star Air,XX,USD,511,262860.00,15771.60,4010.00,222735.09,13364.03,3361.52,40124.91,2407.57,648.48,15.26,84.74
2025-02-08,February,Q1,2025,American Airlines,AA,Star Air,XX,USD,525,553880.00,33232.80,7705.00,468998.93,28140.00,6587.07,84881.07,5092.80,1117.93,15.32,84.68
2025-02-23,February,Q1,2025,British Airways,BA,Star Air,XX,USD,259,135260.00,8115.60,1545.00,114018.26,6841.00,1312.99,21241.74,1274.60,232.01,15.70,84.30
2025-03-17,March,Q1,2025,Air Mauritius,MK,Star Air,XX,USD,260,156360.00,9381.60,2085.00,132842.25,7970.46,1715.70,23517.75,1411.14,369.30,15.04,84.96
2025-02-08,February,Q1,2025,Emirates,EK,Star Air,XX,USD,499,137045.00,8222.70,1945.00,115586.60,6935.06,1630.30,21458.40,1287.64,314.70,15.66,84.34
2025-02-23,February,Q1,2025,Air Canada,AC,Star Air,XX,USD,246,73130.00,4387.80,750.00,61528.79,3691.79,631.33,11601.21,696.01,118.67,15.86,84.14
2025-02-23,February,Q1,2025,Emirates,EK,Star Air,XX,USD,508,140395.00,8423.70,2400.00,119017.93,7140.99,2008.65,21377.07,1282.71,391.35,15.23,84.77
2025-03-17,March,Q1,2025,Air India,AI,Star Air,XX,USD,262,66560.00,3993.60,900.00,55798.40,3347.89,767.53,10761.60,645.71,132.47,16.17,83.83
2025-02-18,February,Q1,2025,Air Mauritius,MK,Star Air,XX,USD,244,143870.00,8632.20,1835.00,121932.39,7316.01,1585.48,21937.61,1316.19,249.52,15.25,84.75
2025-02-23,February,Q1,2025,American Airlines,AA,Star Air,XX,USD,258,255560.00,15333.60,3605.00,217393.31,13043.63,3003.34,38166.69,2289.97,601.66,14.93,85.07
2025-02-18,February,Q1,2025,SIA,SQ,Star Air,XX,USD,262,99445.00,5966.70,1525.00,85055.58,5103.29,1281.12,14389.42,863.41,243.88,14.47,85.53
2025-02-18,February,Q1,2025,Air Canada,AC,Star Air,XX,USD,259,71375.00,4282.50,1025.00,60512.40,3630.73,872.44,10862.60,651.77,152.56,15.22,84.78
2025-03-19,March,Q1,2025,Air Canada,AC,Star Air,XX,USD,263,81345.00,4880.70,1850.00,68591.19,4115.46,1536.02,12753.81,765.24,313.98,15.68,84.32
2025-04-11,April,Q2,2025,Qantas,QF,Star Air,XX,USD,239,156275.00,9376.50,3200.00,129675.75,7780.54,2657.40,26599.25,1595.96,542.60,17.02,82.98
2025-04-11,April,Q2,2025,Thai Airways International,TG,Star Air,XX,USD,246,168825.00,10129.50,2535.00,140735.10,8444.08,2055.94,28089.90,1685.42,479.06,16.64,83.36
2025-04-11,April,Q2,2025,PIA,PK,Star Air,XX,USD,243,80410.00,4824.60,1085.00,68547.79,4112.84,923.80,11862.21,711.76,161.20,14.75,85.25
2025-04-11,April,Q2,2025,Air Canada,AC,Star Air,XX,USD,247,79060.00,4743.60,1565.00,68000.31,4080.08,1373.22,11059.69,663.52,191.78,13.99,86.01
2025-04-11,April,Q2,2025,SIA,SQ,Star Air,XX,USD,236,106120.00,6367.20,1450.00,89569.87,5374.19,1206.88,16550.13,993.01,243.12,15.60,84.40
2025-07-24,July,Q3,2025,Air France,AF,Star Air,XX,USD,228,233125.00,13987.50,3895.00,197183.29,11831.01,3323.71,35941.71,2156.49,571.29,15.42,84.58
2025-08-06,August,Q3,2025,Qantas,QF,Star Air,XX,USD,1013,987580.00,59254.80,15960.00,835402.04,50124.23,13429.56,152177.96,9130.57,2530.44,15.41,84.59
2025-08-16,August,Q3,2025,Jet Airways,9W,Star Air,XX,USD,482,140230.00,8413.80,1985.00,118991.88,7139.55,1698.22,21238.12,1274.25,286.78,15.15,84.85
2025-08-16,August,Q3,2025,Air India,AI,Star Air,XX,USD,250,87400.00,5244.00,1385.00,74540.75,4472.49,1167.38,12859.25,771.51,217.62,14.71,85.29
2025-07-24,July,Q3,2025,Thai Airways International,TG,Star Air,XX,USD,255,183500.00,11010.00,2925.00,154562.93,9273.79,2420.90,28937.07,1736.21,504.10,15.77,84.23
2025-04-11,April,Q2,2025,Emirates,EK,Star Air,XX,USD,471,152695.00,9161.70,2335.00,129780.96,7786.81,1988.24,22914.04,1374.89,346.76,15.01,84.99
2025-08-16,August,Q3,2025,Thai Airways International,TG,Star Air,XX,USD,240,160115.00,9606.90,1870.00,136477.59,8188.63,1543.78,23637.41,1418.27,326.22,14.76,85.24
2025-08-06,August,Q3,2025,Air India,AI,Star Air,XX,USD,226,78000.00,4680.00,1055.00,65586.34,3935.09,928.29,12413.66,744.91,126.71,15.91,84.09
2025-08-16,August,Q3,2025,PIA,PK,Star Air,XX,USD,228,71350.00,4281.00,1180.00,60149.51,3609.05,1007.48,11200.49,671.95,172.52,15.70,84.30
2025-08-16,August,Q3,2025,JetBlue,B6,Star Air,XX,USD,234,348520.00,20911.20,4680.00,292211.00,17532.59,3880.39,56309.00,3378.61,799.61,16.16,83.84
2025-08-06,August,Q3,2025,American Airlines,AA,Star Air,XX,USD,517,560670.00,33640.20,9885.00,473865.07,28431.90,8268.28,86804.94,5208.30,1616.72,15.48,84.52
2025-08-16,August,Q3,2025,American Airlines,AA,Star Air,XX,USD,513,612955.00,36777.30,9220.00,517627.85,31057.61,7942.29,95327.15,5719.69,1277.71,15.55,84.45
2025-08-06,August,Q3,2025,British Airways,BA,Star Air,XX,USD,236,146910.00,8814.60,1945.00,123309.93,7398.60,1636.17,23600.07,1416.00,308.83,16.06,83.94
2025-08-16,August,Q3,2025,British Airways,BA,Star Air,XX,USD,246,133965.00,8037.90,1680.00,113774.14,6826.44,1421.63,20190.86,1211.46,258.37,15.07,84.93
2025-07-24,July,Q3,2025,Qantas,QF,Star Air,XX,USD,479,384155.00,23049.30,5410.00,327160.02,19629.61,4605.84,56994.98,3419.69,804.16,14.84,85.16
2025-08-16,August,Q3,2025,Air Canada,AC,Star Air,XX,USD,221,66295.00,3977.70,885.00,55854.47,3351.19,733.49,10440.53,626.51,151.51,15.75,84.25
2025-08-16,August,Q3,2025,Emirates,EK,Star Air,XX,USD,480,146365.00,8781.90,2025.00,123477.91,7408.59,1704.75,22887.09,1373.31,320.25,15.64,84.36
2025-07-24,July,Q3,2025,Air India,AI,Star Air,XX,USD,251,73945.00,4436.70,1065.00,62448.16,3746.83,898.46,11496.84,689.87,166.54,15.55,84.45
2025-08-06,August,Q3,2025,PIA,PK,Star Air,XX,USD,262,82630.00,4957.80,1570.00,69621.63,4177.30,1279.28,13008.37,780.50,290.72,15.74,84.26
2025-08-16,August,Q3,2025,Qantas,QF,Star Air,XX,USD,226,305135.00,18308.10,4140.00,255239.26,15314.33,3471.92,49895.74,2993.77,668.08,16.35,83.65
2025-07-24,July,Q3,2025,Siberia Airlines,S7,Star Air,XX,USD,1,660.00,39.60,0.00,542.82,32.57,0.00,117.18,7.03,0.00,17.75,82.25
2025-12-21,December,Q4,2025,Qantas,QF,Star Air,XX,USD,729,778880.00,46732.80,10810.00,656741.71,39404.57,9567.14,122138.29,7328.23,1242.86,15.68,84.32
2025-11-13,November,Q4,2025,Air France,AF,Star Air,XX,USD,226,182950.00,10977.00,1065.00,154108.36,9246.52,2086.51,28841.64,1730.48,-1021.51,15.76,84.24
2025-10-28,October,Q4,2025,Air New Zealand,NZ,Star Air,XX,USD,492,263030.00,15781.80,3570.00,221661.40,13299.72,3863.14,41368.60,2482.08,-293.14,15.73,84.27
2025-08-06,August,Q3,2025,Emirates,EK,Star Air,XX,USD,231,75070.00,4504.20,1395.00,62774.80,3766.49,1168.98,12295.20,737.71,226.02,16.38,83.62
2025-08-06,August,Q3,2025,Air Canada,AC,Star Air,XX,USD,237,73105.00,4386.30,1185.00,61786.37,3707.20,1000.43,11318.63,679.10,184.57,15.48,84.52
2025-10-28,October,Q4,2025,Thai Airways International,TG,Star Air,XX,USD,238,150840.00,9050.40,1370.00,127379.89,7642.78,1825.05,23460.11,1407.62,-455.05,15.55,84.45
2025-11-13,November,Q4,2025,Thai Airways International,TG,Star Air,XX,USD,252,154455.00,9267.30,1555.00,130909.91,7854.63,1855.90,23545.09,1412.67,-300.90,15.24,84.76
2025-07-24,July,Q3,2025,Emirates,EK,Star Air,XX,USD,238,80595.00,4835.70,770.00,68140.05,4088.44,667.19,12454.95,747.26,102.81,15.45,84.55
2025-11-13,November,Q4,2025,Qantas,QF,Star Air,XX,USD,740,604900.00,36294.00,11320.00,513889.32,30833.39,6379.93,91010.68,5460.61,4940.07,15.05,84.95
2025-11-13,November,Q4,2025,Air India,AI,Star Air,XX,USD,236,62970.00,3778.20,13255.00,53275.37,3196.48,787.26,9694.63,581.72,12467.74,15.40,84.60
2025-12-21,December,Q4,2025,Blue Panorama,BV,Star Air,XX,USD,226,60535.00,3632.10,8860.00,51242.73,3074.58,810.80,9292.27,557.52,8049.20,15.35,84.65
2025-10-28,October,Q4,2025,Qantas,QF,Star Air,XX,USD,241,140750.00,8445.00,1135.00,121496.21,7289.76,1469.38,19253.79,1155.24,-334.38,13.68,86.32
2025-12-21,December,Q4,2025,American Airlines,AA,Star Air,XX,USD,247,255205.00,15312.30,1755.00,215079.11,12904.77,2988.12,40125.89,2407.53,-1233.12,15.72,84.28
2025-10-28,October,Q4,2025,Emirates,EK,Star Air,XX,USD,246,71385.00,4283.10,870.00,59815.93,3588.92,955.12,11569.07,694.18,-85.12,16.21,83.79
2025-11-13,November,Q4,2025,PIA,PK,Star Air,XX,USD,251,69870.00,4192.20,575.00,58703.96,3522.24,938.06,11166.04,669.96,-363.06,15.98,84.02
2025-12-21,December,Q4,2025,Air Canada,AC,Star Air,XX,USD,242,69285.00,4157.10,775.00,59114.79,3546.88,902.22,10170.21,610.22,-127.22,14.68,85.32
2025-11-13,November,Q4,2025,Air Mauritius,MK,Star Air,XX,USD,252,156860.00,9411.60,1115.00,132942.00,7976.52,1897.86,23918.00,1435.08,-782.86,15.25,84.75
2025-12-21,December,Q4,2025,Emirates,EK,Star Air,XX,USD,241,64020.00,3841.20,1290.00,54535.18,3272.13,754.55,9484.82,569.07,535.45,14.82,85.18
2025-12-21,December,Q4,2025,JetBlue,B6,Star Air,XX,USD,247,311310.00,18678.60,14190.00,266502.30,15990.13,5549.38,44807.70,2688.47,8640.62,14.39,85.61
2025-11-13,November,Q4,2025,Blue Panorama,BV,Star Air,XX,USD,260,72830.00,4369.80,415.00,61412.52,3684.74,1062.81,11417.48,685.06,-647.81,15.68,84.32
2025-10-28,October,Q4,2025,SIA,SQ,Star Air,XX,USD,264,116950.00,7017.00,3940.00,98762.73,5925.82,1624.38,18187.27,1091.18,2315.62,15.55,84.45
2025-11-13,November,Q4,2025,Siberia Airlines,S7,Star Air,XX,USD,1,705.00,42.30,0.00,529.34,31.76,0.00,175.66,10.54,0.00,24.92,75.08
2026-02-13,February,Q1,2026,Air New Zealand,NZ,Star Air,XX,USD,478,240070.00,14404.20,4480.00,202744.38,12164.80,3805.93,37325.62,2239.40,674.07,15.55,84.45
2026-02-13,February,Q1,2026,PIA,PK,Star Air,XX,USD,243,67970.00,4078.20,1120.00,57038.41,3422.30,930.34,10931.59,655.90,189.66,16.08,83.92
2026-02-13,February,Q1,2026,SIA,SQ,Star Air,XX,USD,230,92620.00,5557.20,2205.00,78338.77,4700.27,1911.02,14281.23,856.93,293.98,15.42,84.58
2026-02-13,February,Q1,2026,Emirates,EK,Star Air,XX,USD,225,70385.00,4223.10,1080.00,59051.67,3543.07,875.86,11333.33,680.03,204.14,16.10,83.90
2025-11-18,November,Q4,2025,Air New Zealand,NZ,Star Air,XX,USD,482,250250.00,15015.00,2480.00,212785.17,12767.17,2686.30,37464.83,2247.83,-206.30,14.97,85.03
2025-11-18,November,Q4,2025,Qantas,QF,Star Air,XX,USD,482,337325.00,20239.50,3325.00,285378.19,17122.69,3669.00,51946.81,3116.81,-344.00,15.40,84.60
2025-11-18,November,Q4,2025,Emirates,EK,Star Air,XX,USD,238,73725.00,4423.50,670.00,62540.08,3752.37,874.45,11184.92,671.13,-204.45,15.17,84.83
2025-11-18,November,Q4,2025,Vietnam Airlines,VN,Star Air,XX,USD,1,730.00,43.80,0.00,601.29,36.08,0.00,128.71,7.72,0.00,17.63,82.37
2025-11-18,November,Q4,2025,Air Mauritius,MK,Star Air,XX,USD,229,149505.00,8970.30,820.00,127665.61,7659.91,1469.48,21839.39,1310.39,-649.48,14.61,85.39
2025-11-18,November,Q4,2025,SIA,SQ,Star Air,XX,USD,266,118580.00,7114.80,4350.00,100519.26,6031.16,1507.89,18060.74,1083.64,2842.11,15.23,84.77
2025-11-18,November,Q4,2025,Air Canada,AC,Star Air,XX,USD,254,73985.00,4439.10,1945.00,61521.62,3691.26,848.87,12463.38,747.84,1096.13,16.85,83.15
2025-10-17,October,Q4,2025,Jet Airways,9W,Star Air,XX,USD,244,70525.00,4231.50,685.00,59294.19,3557.63,1215.28,11230.81,673.87,-530.28,15.92,84.08
2025-10-17,October,Q4,2025,Air New Zealand,NZ,Star Air,XX,USD,490,256810.00,15408.60,5005.00,215100.95,12906.05,2810.93,41709.05,2502.55,2194.07,16.24,83.76
2025-10-17,October,Q4,2025,PIA,PK,Star Air,XX,USD,247,76195.00,4571.70,42755.00,64516.01,3870.89,1089.37,11678.99,700.81,41665.63,15.33,84.67
2025-11-20,November,Q4,2025,Air India,AI,Star Air,XX,USD,229,59055.00,3543.30,7485.00,50177.37,3010.56,641.94,8877.63,532.74,6843.06,15.03,84.97
2025-11-20,November,Q4,2025,Air France,AF,Star Air,XX,USD,244,206180.00,12370.80,1390.00,173723.31,10423.41,2140.77,32456.69,1947.39,-750.77,15.74,84.26
2025-10-17,October,Q4,2025,SIA,SQ,Star Air,XX,USD,235,105385.00,6323.10,1040.00,88623.68,5317.35,1190.53,16761.32,1005.75,-150.53,15.90,84.10
2025-11-20,November,Q4,2025,Qantas,QF,Star Air,XX,USD,956,842950.00,50577.00,11800.00,709750.79,42584.96,8786.01,133199.21,7992.04,3013.99,15.80,84.20
2025-10-17,October,Q4,2025,Air Canada,AC,Star Air,XX,USD,245,72835.00,4370.10,660.00,61802.70,3708.10,768.60,11032.31,662.00,-108.60,15.15,84.85
2025-11-20,November,Q4,2025,Air Mauritius,MK,Star Air,XX,USD,241,148900.00,8934.00,1575.00,126809.36,7608.56,2200.45,22090.64,1325.44,-625.45,14.84,85.16
2025-11-20,November,Q4,2025,Air Canada,AC,Star Air,XX,USD,239,66350.00,3981.00,1585.00,56201.00,3371.99,813.19,10149.00,609.01,771.81,15.30,84.70
2025-02-27,February,Q1,2025,JetBlue,B6,Star Air,XX,USD,258,320300.00,19218.00,5200.00,271231.37,16273.95,4411.03,49068.63,2944.05,788.97,15.32,84.68
2025-02-27,February,Q1,2025,Qantas,QF,Star Air,XX,USD,723,623385.00,37403.10,10040.00,528610.34,31716.50,8490.49,94774.66,5686.60,1549.51,15.20,84.80
2025-02-27,February,Q1,2025,Thai Airways International,TG,Star Air,XX,USD,257,156265.00,9375.90,2785.00,131295.58,7877.75,2339.31,24969.42,1498.15,445.69,15.98,84.02
2025-02-27,February,Q1,2025,PIA,PK,Star Air,XX,USD,235,65805.00,3948.30,1025.00,55463.04,3327.78,854.17,10341.96,620.52,170.83,15.72,84.28
2025-02-27,February,Q1,2025,Blue Panorama,BV,Star Air,XX,USD,254,64770.00,3886.20,640.00,55348.12,3320.83,550.33,9421.88,565.37,89.67,14.55,85.45
2025-02-27,February,Q1,2025,American Airlines,AA,Star Air,XX,USD,257,285565.00,17133.90,3905.00,239979.41,14398.82,3311.89,45585.59,2735.08,593.11,15.96,84.04
2025-02-27,February,Q1,2025,Emirates,EK,Star Air,XX,USD,485,144400.00,8664.00,1795.00,122927.53,7375.62,1554.73,21472.47,1288.38,240.27,14.87,85.13
2025-02-27,February,Q1,2025,Air Canada,AC,Star Air,XX,USD,255,75215.00,4512.90,1150.00,63163.90,3789.85,936.74,12051.10,723.05,213.26,16.02,83.98
2025-05-09,May,Q2,2025,Qantas,QF,Star Air,XX,USD,249,177195.00,10631.70,3315.00,149369.39,8962.23,2780.91,27825.61,1669.47,534.09,15.70,84.30
2025-05-09,May,Q2,2025,Air New Zealand,NZ,Star Air,XX,USD,259,88415.00,5304.90,1155.00,74948.16,4496.85,970.39,13466.84,808.05,184.61,15.23,84.77
2025-05-19,May,Q2,2025,Qantas,QF,Star Air,XX,USD,462,241880.00,14512.80,4240.00,206194.70,12371.73,3654.16,35685.30,2141.07,585.84,14.75,85.25
2025-05-09,May,Q2,2025,Jet Airways,9W,Star Air,XX,USD,248,86410.00,5184.60,2410.00,73578.62,4414.83,2060.45,12831.38,769.77,349.55,14.85,85.15
2025-05-09,May,Q2,2025,PIA,PK,Star Air,XX,USD,231,72975.00,4378.50,1135.00,62158.96,3729.55,966.02,10816.04,648.95,168.98,14.82,85.18
2025-05-19,May,Q2,2025,Emirates,EK,Star Air,XX,USD,243,85150.00,5109.00,1470.00,71767.96,4306.08,1241.65,13382.04,802.92,228.35,15.72,84.28
2025-05-09,May,Q2,2025,Emirates,EK,Star Air,XX,USD,487,163220.00,9793.20,2770.00,138237.63,8294.29,2365.00,24982.37,1498.91,405.00,15.31,84.69
2025-08-23,August,Q3,2025,Air Mauritius,MK,Star Air,XX,USD,243,180545.00,10832.70,2200.00,151856.07,9111.30,1884.27,28688.93,1721.40,315.73,15.89,84.11
2025-08-23,August,Q3,2025,PIA,PK,Star Air,XX,USD,243,80405.00,4824.30,1190.00,67292.77,4037.64,967.22,13112.24,786.66,222.78,16.31,83.69
2025-08-23,August,Q3,2025,American Airlines,AA,Star Air,XX,USD,253,281175.00,16870.50,4260.00,238037.27,14282.17,3572.80,43137.73,2588.33,687.20,15.34,84.66
2025-08-23,August,Q3,2025,British Airways,BA,Star Air,XX,USD,240,125975.00,7558.50,1570.00,105583.38,6334.92,1360.95,20391.62,1223.58,209.05,16.19,83.81
2025-08-23,August,Q3,2025,Qantas,QF,Star Air,XX,USD,246,198785.00,11927.10,3440.00,168331.25,10099.93,2937.51,30453.75,1827.17,502.49,15.32,84.68
2025-08-23,August,Q3,2025,Emirates,EK,Star Air,XX,USD,482,151625.00,9097.50,2465.00,128678.00,7720.54,2125.65,22947.01,1376.96,339.35,15.13,84.87
2025-08-23,August,Q3,2025,Air Canada,AC,Star Air,XX,USD,214,65915.00,3954.90,865.00,54999.13,3299.85,711.75,10915.87,655.05,153.25,16.56,83.44
2025-01-05,January,Q1,2025,Qantas,QF,Star Air,XX,USD,1007,970935.00,58256.10,14190.00,821008.10,49260.50,12030.54,149926.90,8995.60,2159.46,15.44,84.56
2025-01-07,January,Q1,2025,Qantas,QF,Star Air,XX,USD,764,473945.00,28436.70,7085.00,402013.69,24120.70,6116.08,71931.31,4316.00,968.92,15.18,84.82
2025-01-07,January,Q1,2025,Jet Airways,9W,Star Air,XX,USD,222,59285.00,3557.10,675.00,50052.66,3003.10,579.52,9232.34,554.00,95.48,15.57,84.43
2025-01-07,January,Q1,2025,Air India,AI,Star Air,XX,USD,264,81765.00,4905.90,785.00,68266.37,4096.02,664.96,13498.63,809.88,120.04,16.51,83.49
2025-01-05,January,Q1,2025,PIA,PK,Star Air,XX,USD,246,66335.00,3980.10,775.00,56119.07,3367.08,667.36,10215.93,613.02,107.64,15.40,84.60
2025-03-03,March,Q1,2025,Qantas,QF,Star Air,XX,USD,256,81450.00,4887.00,1245.00,68872.69,4132.38,1060.00,12577.31,754.62,185.00,15.44,84.56
2025-01-07,January,Q1,2025,Air New Zealand,NZ,Star Air,XX,USD,249,84720.00,5083.20,890.00,71558.03,4293.50,732.52,13161.97,789.71,157.48,15.54,84.46
2025-01-05,January,Q1,2025,Air Canada,AC,Star Air,XX,USD,236,66815.00,4008.90,945.00,56410.03,3384.62,789.04,10404.97,624.28,155.96,15.57,84.43
2025-01-05,January,Q1,2025,Emirates,EK,Star Air,XX,USD,249,69780.00,4186.80,1005.00,58584.42,3515.00,856.64,11195.58,671.80,148.36,16.04,83.96
2025-01-07,January,Q1,2025,SIA,SQ,Star Air,XX,USD,258,102750.00,6165.00,1385.00,87275.58,5236.49,1181.51,15474.42,928.51,203.49,15.06,84.94
2025-01-05,January,Q1,2025,Blue Panorama,BV,Star Air,XX,USD,239,63520.00,3811.20,940.00,53485.17,3209.07,807.67,10034.83,602.13,132.33,15.80,84.20
2025-03-03,March,Q1,2025,Emirates,EK,Star Air,XX,USD,257,71770.00,4306.20,1315.00,60345.41,3620.68,1120.69,11424.59,685.52,194.31,15.92,84.08
2025-01-07,January,Q1,2025,Vietnam Airlines,VN,Star Air,XX,USD,1,125.00,7.50,0.00,119.67,7.18,0.00,5.33,0.32,0.00,4.26,95.74
2025-01-07,January,Q1,2025,Emirates,EK,Star Air,XX,USD,503,135380.00,8122.80,1515.00,114896.51,6893.67,1268.42,20483.49,1229.13,246.58,15.13,84.87
2025-01-05,January,Q1,2025,American Airlines,AA,Star Air,XX,USD,262,306995.00,18419.70,5245.00,260028.43,15601.75,4555.89,46966.57,2817.95,689.11,15.30,84.70
2025-01-07,January,Q1,2025,PIA,PK,Star Air,XX,USD,273,79695.00,4781.70,1495.00,66699.66,4002.05,1202.33,12995.34,779.65,292.67,16.31,83.69
2025-06-20,June,Q2,2025,Jet Airways,9W,Star Air,XX,USD,246,77735.00,4664.10,1100.00,65765.82,3945.92,927.52,11969.19,718.18,172.48,15.40,84.60
2025-04-27,April,Q2,2025,Thai Airways International,TG,Star Air,XX,USD,245,184815.00,11088.90,2695.00,156045.00,9362.71,2357.14,28770.00,1726.19,337.86,15.57,84.43
2025-04-27,April,Q2,2025,Air India,AI,Star Air,XX,USD,242,104570.00,6274.20,2190.00,88732.52,5323.92,1816.27,15837.48,950.28,373.73,15.15,84.85
2025-01-07,January,Q1,2025,Air Canada,AC,Star Air,XX,USD,263,71500.00,4290.00,760.00,60571.76,3634.35,648.15,10928.24,655.65,111.85,15.28,84.72
2025-06-20,June,Q2,2025,Air New Zealand,NZ,Star Air,XX,USD,222,167375.00,10042.50,2570.00,142547.58,8552.86,2179.92,24827.42,1489.64,390.08,14.83,85.17
2025-06-20,June,Q2,2025,Qantas,QF,Star Air,XX,USD,472,340095.00,20405.70,5765.00,287411.73,17244.80,4774.58,52683.27,3160.90,990.42,15.49,84.51
2025-06-20,June,Q2,2025,Thai Airways International,TG,Star Air,XX,USD,249,175835.00,10550.10,3640.00,148806.57,8928.35,3060.06,27028.43,1621.75,579.94,15.37,84.63
2025-04-27,April,Q2,2025,Blue Panorama,BV,Star Air,XX,USD,232,78235.00,4694.10,975.00,66037.89,3962.25,824.14,12197.11,731.85,150.86,15.59,84.41
2025-06-20,June,Q2,2025,Air Canada,AC,Star Air,XX,USD,243,78910.00,4734.60,1235.00,67172.97,4030.39,1045.66,11737.03,704.21,189.34,14.87,85.13
2025-06-20,June,Q2,2025,PIA,PK,Star Air,XX,USD,247,79665.00,4779.90,1360.00,67487.87,4049.26,1154.34,12177.13,730.64,205.66,15.29,84.71
2025-04-27,April,Q2,2025,Qantas,QF,Star Air,XX,USD,481,672485.00,40349.10,11530.00,570378.60,34222.65,9630.94,102106.40,6126.45,1899.06,15.18,84.82
2025-04-27,April,Q2,2025,Air Canada,AC,Star Air,XX,USD,247,80695.00,4841.70,1035.00,68150.58,4089.02,894.22,12544.42,752.68,140.78,15.55,84.45
2025-04-27,April,Q2,2025,Emirates,EK,Star Air,XX,USD,489,165125.00,9907.50,3035.00,139034.54,8342.07,2560.25,26090.46,1565.43,474.75,15.80,84.20
2025-04-27,April,Q2,2025,British Airways,BA,Star Air,XX,USD,261,143455.00,8607.30,2050.00,121800.53,6264.40,1772.78,21654.47,2342.90,277.22,15.09,84.91
2025-07-29,July,Q3,2025,Thai Airways International,TG,Star Air,XX,USD,255,168950.00,10137.00,2460.00,142924.69,8575.48,2073.85,26025.31,1561.52,386.15,15.40,84.60
2025-08-17,August,Q3,2025,Qantas,QF,Star Air,XX,USD,525,432690.00,25961.40,6975.00,365470.44,21928.25,5793.95,67219.56,4033.15,1181.05,15.54,84.46
2025-08-03,August,Q3,2025,Qantas,QF,Star Air,XX,USD,1255,1213685.00,72821.10,18865.00,1026714.66,61602.89,15844.95,186970.34,11218.21,3020.05,15.41,84.59
2025-07-29,July,Q3,2025,Jet Airways,9W,Star Air,XX,USD,498,154360.00,9261.60,2130.00,129307.99,7758.44,1798.95,25052.01,1503.16,331.05,16.23,83.77
2025-08-17,August,Q3,2025,Air India,AI,Star Air,XX,USD,247,86110.00,5166.60,1060.00,72403.19,4344.17,908.90,13706.82,822.43,151.10,15.92,84.08
2025-06-20,June,Q2,2025,Emirates,EK,Star Air,XX,USD,233,77975.00,4678.50,805.00,66319.76,3979.19,686.23,11655.24,699.31,118.77,14.95,85.05
2025-08-03,August,Q3,2025,Air France,AF,Star Air,XX,USD,250,241750.00,14505.00,3990.00,207018.07,12421.10,3592.56,34731.93,2083.90,397.44,14.37,85.63
2025-08-17,August,Q3,2025,Thai Airways International,TG,Star Air,XX,USD,251,178280.00,10696.80,2470.00,148944.00,8936.59,2070.61,29336.00,1760.21,399.39,16.46,83.54
2025-07-29,July,Q3,2025,Air New Zealand,NZ,Star Air,XX,USD,240,81530.00,4891.80,1145.00,69280.10,4156.78,956.60,12249.90,735.02,188.40,15.03,84.97
2025-07-29,July,Q3,2025,Qantas,QF,Star Air,XX,USD,488,306305.00,18378.30,6605.00,259543.93,15572.68,5732.14,46761.07,2805.62,872.86,15.27,84.73
2025-08-03,August,Q3,2025,American Airlines,AA,Star Air,XX,USD,226,270255.00,16215.30,4400.00,228309.16,13698.56,3774.97,41945.84,2516.74,625.03,15.52,84.48
2025-07-29,July,Q3,2025,Air India,AI,Star Air,XX,USD,242,87860.00,5271.60,985.00,75005.25,4500.28,845.62,12854.75,771.32,139.38,14.63,85.37
2025-08-17,August,Q3,2025,American Airlines,AA,Star Air,XX,USD,248,346140.00,20768.40,4045.00,295785.62,17747.22,3562.32,50354.38,3021.18,482.68,14.55,85.45
2025-08-17,August,Q3,2025,Blue Panorama,BV,Star Air,XX,USD,237,71390.00,4283.40,955.00,59844.04,3590.57,813.20,11545.96,692.83,141.80,16.17,83.83
2025-08-17,August,Q3,2025,Air Canada,AC,Star Air,XX,USD,235,69495.00,4169.70,840.00,58720.49,3523.23,712.67,10774.51,646.47,127.33,15.50,84.50
2025-08-17,August,Q3,2025,Emirates,EK,Star Air,XX,USD,246,74230.00,4453.80,1065.00,63346.36,3800.81,914.67,10883.64,652.99,150.33,14.66,85.34
2025-08-03,August,Q3,2025,Emirates,EK,Star Air,XX,USD,243,76360.00,4581.60,1000.00,64699.79,3882.01,836.12,11660.22,699.59,163.88,15.27,84.73
2025-08-03,August,Q3,2025,JetBlue,B6,Star Air,XX,USD,227,316720.00,19003.20,3620.00,267310.99,16038.65,3164.67,49409.01,2964.55,455.33,15.60,84.40
2025-08-17,August,Q3,2025,JetBlue,B6,Star Air,XX,USD,257,358470.00,21508.20,4840.00,299545.16,17972.75,3936.97,58924.84,3535.45,903.03,16.44,83.56
2025-07-29,July,Q3,2025,Air Mauritius,MK,Star Air,XX,USD,226,156710.00,9402.60,2715.00,131838.20,7910.26,2307.29,24871.80,1492.34,407.71,15.87,84.13
2025-07-29,July,Q3,2025,Air Canada,AC,Star Air,XX,USD,260,75910.00,4554.60,1030.00,64474.11,3868.57,892.08,11435.89,686.03,137.92,15.07,84.93
2025-10-17,October,Q4,2025,Qantas,QF,Star Air,XX,USD,477,279445.00,16766.70,6450.00,235482.72,14128.98,3080.71,43962.28,2637.72,3369.29,15.73,84.27
2025-11-23,November,Q4,2025,Air India,AI,Star Air,XX,USD,255,78890.00,4733.40,560.00,67144.63,4028.63,972.80,11745.37,704.77,-412.80,14.89,85.11
2025-12-30,December,Q4,2025,Jet Airways,9W,Star Air,XX,USD,240,64580.00,3874.80,630.00,55106.52,3306.42,927.36,9473.48,568.38,-297.36,14.67,85.33
2025-11-23,November,Q4,2025,Air France,AF,Star Air,XX,USD,228,204585.00,12275.10,6825.00,172725.85,10363.53,2267.77,31859.15,1911.57,4557.23,15.57,84.43
2025-12-30,December,Q4,2025,JetBlue,B6,Star Air,XX,USD,242,331425.00,19885.50,11090.00,281781.03,16906.83,4373.57,49643.97,2978.67,6716.43,14.98,85.02
2025-12-05,December,Q4,2025,Qantas,QF,Star Air,XX,USD,525,244295.00,14657.70,5035.00,206028.29,12361.71,2543.19,38266.71,2295.99,2491.81,15.66,84.34
2025-12-30,December,Q4,2025,Air New Zealand,NZ,Star Air,XX,USD,258,182660.00,10959.60,2700.00,154958.64,9297.49,2952.81,27701.36,1662.11,-252.81,15.17,84.83
2025-12-30,December,Q4,2025,Qantas,QF,Star Air,XX,USD,492,268785.00,16127.10,2540.00,229334.91,13760.11,3058.28,39450.10,2366.99,-518.28,14.68,85.32
2025-12-05,December,Q4,2025,Thai Airways International,TG,Star Air,XX,USD,268,170140.00,10208.40,13050.00,141356.35,8481.37,1846.12,28783.65,1727.03,11203.88,16.92,83.08
2025-11-23,November,Q4,2025,American Airlines,AA,Star Air,XX,USD,242,262315.00,15738.90,3060.00,222187.72,13331.20,4935.78,40127.28,2407.70,-1875.78,15.30,84.70
2025-11-23,November,Q4,2025,Qantas,QF,Star Air,XX,USD,742,774465.00,46467.90,11405.00,654238.10,39254.22,10068.03,120226.90,7213.68,1336.97,15.52,84.48
2025-12-05,December,Q4,2025,SIA,SQ,Star Air,XX,USD,235,100650.00,6039.00,1240.00,85004.09,5100.17,1861.28,15645.91,938.83,-621.28,15.54,84.46
2025-12-30,December,Q4,2025,Emirates,EK,Star Air,XX,USD,243,74635.00,4478.10,730.00,62737.17,3764.22,890.18,11897.83,713.88,-160.18,15.94,84.06
2025-11-23,November,Q4,2025,Vietnam Airlines,VN,Star Air,XX,USD,1,745.00,44.70,0.00,654.19,39.25,0.00,90.81,5.45,0.00,12.19,87.81
2025-11-23,November,Q4,2025,Air Canada,AC,Star Air,XX,USD,249,69575.00,4174.50,615.00,58734.59,3524.06,821.71,10840.41,650.44,-206.71,15.58,84.42
2025-12-30,December,Q4,2025,Air Mauritius,MK,Star Air,XX,USD,237,144930.00,8695.80,1465.00,123110.01,7386.66,2562.71,21819.99,1309.14,-1097.71,15.06,84.94
2025-12-05,December,Q4,2025,Emirates,EK,Star Air,XX,USD,244,72415.00,4344.90,2270.00,60624.57,3637.47,960.45,11790.43,707.43,1309.55,16.28,83.72
2025-11-23,November,Q4,2025,British Airways,BA,Star Air,XX,USD,244,141620.00,8497.20,5500.00,119539.78,7172.44,1894.51,22080.22,1324.76,3605.49,15.59,84.41
2025-11-23,November,Q4,2025,JetBlue,B6,Star Air,XX,USD,243,293185.00,17591.10,10475.00,245492.75,14729.53,3745.70,47692.25,2861.57,6729.30,16.27,83.73
2025-12-30,December,Q4,2025,SIA,SQ,Star Air,XX,USD,242,115810.00,6948.60,4740.00,97728.06,5863.56,2039.73,18081.94,1085.04,2700.27,15.61,84.39
2026-02-20,February,Q1,2026,Qantas,QF,Star Air,XX,USD,762,404205.00,24252.30,5155.00,343110.87,20586.58,4353.70,61094.13,3665.72,801.30,15.11,84.89
2026-02-20,February,Q1,2026,Air New Zealand,NZ,Star Air,XX,USD,265,80480.00,4828.80,1285.00,68372.50,4102.37,1099.31,12107.50,726.43,185.69,15.04,84.96
2026-02-16,February,Q1,2026,Qantas,QF,Star Air,XX,USD,489,261020.00,15661.20,3855.00,221728.40,13303.63,3288.15,39291.60,2357.57,566.85,15.05,84.95
2026-02-20,February,Q1,2026,Thai Airways International,TG,Star Air,XX,USD,238,155250.00,9315.00,1365.00,130650.29,7839.01,1140.72,24599.71,1475.99,224.28,15.85,84.15
2026-01-10,January,Q1,2026,British Airways,BA,Star Air,XX,USD,245,108325.00,6499.50,1670.00,91126.52,5467.53,1435.65,17198.48,1031.97,234.35,15.88,84.12
2026-02-16,February,Q1,2026,Jet Airways,9W,Star Air,XX,USD,243,66190.00,3971.40,915.00,56406.38,3384.32,759.15,9783.62,587.08,155.85,14.78,85.22
2026-01-10,January,Q1,2026,PIA,PK,Star Air,XX,USD,238,66685.00,4001.10,1070.00,56620.48,3397.23,928.84,10064.52,603.87,141.16,15.09,84.91
2026-01-10,January,Q1,2026,JetBlue,B6,Star Air,XX,USD,223,289880.00,17392.80,3640.00,245838.24,14750.26,3158.06,44041.76,2642.54,481.94,15.19,84.81
2026-01-10,January,Q1,2026,Air Mauritius,MK,Star Air,XX,USD,231,140365.00,8421.90,2100.00,119589.21,7175.46,1817.05,20775.79,1246.44,282.95,14.80,85.20
2026-01-10,January,Q1,2026,Qantas,QF,Star Air,XX,USD,245,186625.00,11197.50,2175.00,158937.77,9536.23,1811.67,27687.23,1661.27,363.33,14.84,85.16
2026-02-16,February,Q1,2026,Emirates,EK,Star Air,XX,USD,241,78010.00,4680.60,570.00,65775.70,3946.52,476.60,12234.31,734.08,93.40,15.68,84.32
2026-02-20,February,Q1,2026,Air Canada,AC,Star Air,XX,USD,245,66635.00,3998.10,575.00,56313.13,3378.72,503.80,10321.87,619.38,71.20,15.49,84.51
2026-01-10,January,Q1,2026,American Airlines,AA,Star Air,XX,USD,253,286065.00,17163.90,2750.00,243341.30,14600.48,2347.16,42723.70,2563.42,402.84,14.93,85.07
2026-01-10,January,Q1,2026,Air Canada,AC,Star Air,XX,USD,212,61535.00,3692.10,785.00,51174.08,3070.45,638.92,10360.92,621.65,146.08,16.84,83.16
2026-01-10,January,Q1,2026,SIA,SQ,Star Air,XX,USD,262,106215.00,6372.90,1530.00,89816.53,5388.93,1303.17,16398.47,983.97,226.83,15.44,84.56
2026-01-10,January,Q1,2026,Emirates,EK,Star Air,XX,USD,235,65570.00,3934.20,485.00,55590.78,3335.54,419.30,9979.22,598.66,65.70,15.22,84.78
2026-02-16,February,Q1,2026,Air India,AI,Star Air,XX,USD,246,71710.00,4302.60,1525.00,61248.20,3674.88,1287.81,10461.80,627.72,237.19,14.59,85.41
2026-02-20,February,Q1,2026,Emirates,EK,Star Air,XX,USD,246,71120.00,4267.20,895.00,59507.88,3570.45,760.05,11612.12,696.75,134.95,16.33,83.67
2025-11-11,November,Q4,2025,Jet Airways,9W,Star Air,XX,USD,236,67910.00,4074.60,12915.00,57197.86,3431.85,955.83,10712.14,642.75,11959.17,15.77,84.23
2025-10-19,October,Q4,2025,Thai Airways International,TG,Star Air,XX,USD,234,150915.00,9054.90,11430.00,129193.09,7751.63,1756.30,21721.92,1303.27,9673.70,14.39,85.61
2025-10-19,October,Q4,2025,Blue Panorama,BV,Star Air,XX,USD,237,68770.00,4126.20,21635.00,58634.22,3518.07,1106.94,10135.78,608.13,20528.06,14.74,85.26
2025-11-11,November,Q4,2025,Qantas,QF,Star Air,XX,USD,715,446525.00,26791.50,4035.00,376986.10,22619.09,4910.07,69538.90,4172.41,-875.07,15.57,84.43
2025-11-11,November,Q4,2025,Air New Zealand,NZ,Star Air,XX,USD,246,78205.00,4692.30,880.00,65541.34,3932.53,1135.93,12663.66,759.77,-255.93,16.19,83.81
2025-10-19,October,Q4,2025,Qantas,QF,Star Air,XX,USD,246,293010.00,17580.60,3645.00,248707.46,14922.40,4488.43,44302.54,2658.20,-843.43,15.12,84.88
2025-11-11,November,Q4,2025,Emirates,EK,Star Air,XX,USD,246,66855.00,4011.30,750.00,57350.07,3441.03,859.93,9504.93,570.27,-109.93,14.22,85.78
2025-10-19,October,Q4,2025,Air Canada,AC,Star Air,XX,USD,248,71675.00,4300.50,655.00,60846.79,3650.83,924.23,10828.21,649.67,-269.23,15.11,84.89
2025-10-19,October,Q4,2025,Emirates,EK,Star Air,XX,USD,492,146410.00,8784.60,2725.00,123795.77,7427.72,1923.39,22614.23,1356.88,801.61,15.45,84.55
2025-11-11,November,Q4,2025,PIA,PK,Star Air,XX,USD,253,68705.00,4122.30,575.00,58279.68,3496.76,1051.41,10425.32,625.54,-476.41,15.17,84.83
2025-11-11,November,Q4,2025,Air Canada,AC,Star Air,XX,USD,246,72215.00,4332.90,1345.00,60937.91,3656.23,546.73,11277.09,676.67,798.27,15.62,84.38
2026-02-24,February,Q1,2026,Air New Zealand,NZ,Star Air,XX,USD,239,167775.00,10066.50,1560.00,142796.35,8567.79,1336.16,24978.65,1498.71,223.84,14.89,85.11
2026-02-24,February,Q1,2026,Jet Airways,9W,Star Air,XX,USD,244,67745.00,4064.70,1055.00,57509.85,3450.59,887.74,10235.15,614.11,167.26,15.11,84.89
2026-01-22,January,Q1,2026,Thai Airways International,TG,Star Air,XX,USD,247,156365.00,9381.90,2510.00,132104.29,7926.18,2069.68,24260.71,1455.72,440.32,15.52,84.48
2026-02-24,February,Q1,2026,Qantas,QF,Star Air,XX,USD,464,258270.00,15496.20,3155.00,218819.55,13129.19,2713.85,39450.45,2367.01,441.15,15.27,84.73
2026-01-22,January,Q1,2026,JetBlue,B6,Star Air,XX,USD,244,296775.00,17806.50,4450.00,252730.94,15163.77,3740.92,44044.06,2642.73,709.08,14.84,85.16
2026-02-24,February,Q1,2026,Air India,AI,Star Air,XX,USD,236,72575.00,4354.50,1125.00,61557.67,3693.52,967.42,11017.33,660.98,157.58,15.18,84.82
2026-01-22,January,Q1,2026,Qantas,QF,Star Air,XX,USD,490,483865.00,29031.90,5280.00,409101.37,24546.04,4499.24,74763.63,4485.86,780.76,15.45,84.55
2026-02-24,February,Q1,2026,Emirates,EK,Star Air,XX,USD,245,68840.00,4130.40,835.00,58040.69,3482.44,709.08,10799.32,647.96,125.92,15.69,84.31
2026-01-22,January,Q1,2026,American Airlines,AA,Star Air,XX,USD,248,293315.00,17598.90,5195.00,244487.32,14669.22,4278.63,48827.68,2929.68,916.37,16.65,83.35
2026-01-22,January,Q1,2026,Emirates,EK,Star Air,XX,USD,247,66460.00,3987.60,1050.00,57362.76,3441.79,903.08,9097.24,545.81,146.92,13.69,86.31
2026-01-22,January,Q1,2026,Air Mauritius,MK,Star Air,XX,USD,215,130255.00,7815.30,1990.00,111208.05,6672.53,1704.06,19046.95,1142.77,285.94,14.62,85.38
2026-01-22,January,Q1,2026,Air Canada,AC,Star Air,XX,USD,259,75740.00,4544.40,1160.00,63402.65,3804.21,947.77,12337.35,740.19,212.23,16.29,83.71
2026-01-22,January,Q1,2026,Blue Panorama,BV,Star Air,XX,USD,245,66190.00,3971.40,770.00,55585.87,3335.13,663.25,10604.13,636.27,106.75,16.02,83.98
2026-02-24,February,Q1,2026,Air Mauritius,MK,Star Air,XX,USD,241,146610.00,8796.60,1690.00,122871.94,7372.32,1379.27,23738.06,1424.28,310.73,16.19,83.81
2025-06-19,June,Q2,2025,Thai Airways International,TG,Star Air,XX,USD,249,180960.00,10857.60,3180.00,153173.14,9190.46,2690.79,27786.86,1667.14,489.21,15.36,84.64
2025-06-19,June,Q2,2025,Air France,AF,Star Air,XX,USD,247,260780.00,15646.80,2970.00,221649.05,13298.90,2559.23,39130.95,2347.90,410.77,15.01,84.99
2025-06-19,June,Q2,2025,Qantas,QF,Star Air,XX,USD,475,366790.00,22007.40,4035.00,308531.29,18511.89,3436.08,58258.71,3495.51,598.92,15.88,84.12
2025-06-19,June,Q2,2025,Blue Panorama,BV,Star Air,XX,USD,254,74385.00,4463.10,1060.00,63158.28,3873.15,914.91,11226.72,589.95,145.09,15.09,84.91
2025-06-19,June,Q2,2025,PIA,PK,Star Air,XX,USD,256,80110.00,4806.60,1415.00,67991.76,4159.60,1187.29,12118.24,647.00,227.71,15.13,84.87
2025-06-19,June,Q2,2025,Air Mauritius,MK,Star Air,XX,USD,251,158860.00,9531.60,1290.00,135539.58,7639.99,1095.46,23320.42,1891.61,194.54,14.68,85.32
2025-07-02,July,Q3,2025,Siberia Airlines,S7,Star Air,XX,USD,2,1240.00,74.40,60.00,972.63,58.35,52.02,267.37,16.05,7.98,21.56,78.44
2025-07-02,July,Q3,2025,Thai Airways International,TG,Star Air,XX,USD,240,176655.00,10599.30,2730.00,148269.03,8896.17,2271.95,28385.97,1703.13,458.05,16.07,83.93
2025-06-19,June,Q2,2025,Air Canada,AC,Star Air,XX,USD,245,74965.00,4497.90,1000.00,63889.61,3833.42,866.02,11075.39,664.48,133.98,14.77,85.23
2025-06-19,June,Q2,2025,Emirates,EK,Star Air,XX,USD,229,73400.00,4404.00,1060.00,61488.67,3689.32,887.53,11911.33,714.68,172.47,16.23,83.77
2025-07-02,July,Q3,2025,Air India,AI,Star Air,XX,USD,250,89900.00,5394.00,1765.00,75876.01,4552.58,1503.91,14023.99,841.42,261.09,15.60,84.40
2025-07-21,July,Q3,2025,Jet Airways,9W,Star Air,XX,USD,236,67270.00,4036.20,1330.00,57592.48,3455.52,1107.99,9677.52,580.68,222.01,14.39,85.61
2025-07-02,July,Q3,2025,American Airlines,AA,Star Air,XX,USD,761,913940.00,54836.40,15140.00,770342.39,46220.69,12626.83,143597.61,8615.71,2513.17,15.71,84.29
2025-08-18,August,Q3,2025,Qantas,QF,Star Air,XX,USD,492,471985.00,28319.10,7510.00,395280.92,23716.83,6278.25,76704.08,4602.27,1231.75,16.25,83.75
2025-07-21,July,Q3,2025,Qantas,QF,Star Air,XX,USD,248,151560.00,9093.60,2450.00,128005.62,7680.38,2074.46,23554.38,1413.22,375.54,15.54,84.46
2025-07-21,July,Q3,2025,Emirates,EK,Star Air,XX,USD,492,157050.00,9423.00,2345.00,131315.99,7879.01,2004.17,25734.01,1543.99,340.83,16.39,83.61
2025-08-18,August,Q3,2025,Air Mauritius,MK,Star Air,XX,USD,242,168480.00,10108.80,1995.00,142748.99,8564.96,1712.67,25731.01,1543.84,282.33,15.27,84.73
2025-08-18,August,Q3,2025,Emirates,EK,Star Air,XX,USD,257,74580.00,4474.80,995.00,63356.94,3801.35,850.41,11223.06,673.45,144.59,15.05,84.95
2025-07-21,July,Q3,2025,Air Mauritius,MK,Star Air,XX,USD,235,156880.00,9412.80,2270.00,134512.95,8070.68,1933.66,22367.05,1342.12,336.34,14.26,85.74
2025-08-18,August,Q3,2025,Air India,AI,Star Air,XX,USD,265,73950.00,4437.00,1290.00,62874.24,3772.41,1093.31,11075.76,664.59,196.69,14.98,85.02
2025-07-21,July,Q3,2025,Air India,AI,Star Air,XX,USD,253,72700.00,4362.00,1150.00,62001.21,3720.05,952.54,10698.79,641.95,197.46,14.72,85.28
2025-07-02,July,Q3,2025,British Airways,BA,Star Air,XX,USD,234,137320.00,8239.20,2880.00,114961.52,6897.67,2422.11,22358.48,1341.53,457.89,16.28,83.72
2025-07-02,July,Q3,2025,Emirates,EK,Star Air,XX,USD,244,77730.00,4663.80,1090.00,65944.73,3956.64,948.34,11785.27,707.16,141.66,15.16,84.84
2025-12-05,December,Q4,2025,Air New Zealand,NZ,Star Air,XX,USD,266,179580.00,10774.80,4430.00,151418.66,9085.24,2391.59,28161.34,1689.56,2038.41,15.68,84.32
2025-09-10,September,Q3,2025,Qantas,QF,Star Air,XX,USD,730,763500.00,45810.00,12620.00,644212.96,38652.73,10591.46,119287.04,7157.27,2028.54,15.62,84.38
2025-09-10,September,Q3,2025,British Airways,BA,Star Air,XX,USD,492,236995.00,14219.70,2895.00,200410.99,12024.57,2471.57,36584.01,2195.13,423.43,15.44,84.56
2025-09-10,September,Q3,2025,Emirates,EK,Star Air,XX,USD,500,152915.00,9174.90,2740.00,130247.58,7814.75,2363.54,22667.42,1360.15,376.46,14.82,85.18
2025-09-10,September,Q3,2025,Malaysia Airlines,MH,Star Air,XX,USD,1,310.00,18.60,0.00,298.08,17.88,0.00,11.92,0.72,0.00,3.85,96.15
2025-09-10,September,Q3,2025,PIA,PK,Star Air,XX,USD,258,74100.00,4446.00,1145.00,63396.00,3803.70,967.41,10704.00,642.30,177.59,14.45,85.55
2025-09-10,September,Q3,2025,American Airlines,AA,Star Air,XX,USD,249,272205.00,16332.30,4290.00,231776.88,13906.56,3610.50,40428.12,2425.74,679.50,14.85,85.15
2025-11-11,November,Q4,2025,Thai Airways International,TG,Star Air,XX,USD,241,147505.00,8850.30,1235.00,123880.45,7432.86,1375.99,23624.55,1417.44,-140.99,16.02,83.98
2025-09-10,September,Q3,2025,Air Canada,AC,Star Air,XX,USD,258,78115.00,4686.90,1375.00,66708.41,4002.43,1160.99,11406.60,684.47,214.01,14.60,85.40
2025-02-09,February,Q1,2025,Qantas,QF,Star Air,XX,USD,1534,1300300.00,78018.00,17815.00,1098777.16,65926.79,15094.15,201522.84,12091.21,2720.85,15.50,84.50
2025-01-24,January,Q1,2025,Jet Airways,9W,Star Air,XX,USD,265,74515.00,4470.90,1185.00,63167.39,3790.07,1047.45,11347.61,680.83,137.55,15.23,84.77
2025-02-09,February,Q1,2025,Air France,AF,Star Air,XX,USD,245,220665.00,13239.90,3445.00,185499.66,11130.02,2799.89,35165.34,2109.88,645.11,15.94,84.06
2025-01-24,January,Q1,2025,Qantas,QF,Star Air,XX,USD,1295,751815.00,45108.90,10390.00,637517.75,38250.94,8797.23,114297.25,6857.96,1592.77,15.20,84.80
2025-01-24,January,Q1,2025,Air New Zealand,NZ,Star Air,XX,USD,271,85955.00,5157.30,1140.00,73388.03,4403.39,970.75,12566.97,753.91,169.25,14.62,85.38
2025-01-24,January,Q1,2025,PIA,PK,Star Air,XX,USD,257,73270.00,4396.20,1290.00,62416.89,3745.01,1064.53,10853.11,651.19,225.47,14.81,85.19
2025-02-09,February,Q1,2025,Air India,AI,Star Air,XX,USD,262,86490.00,5189.40,1040.00,73718.77,4423.18,895.96,12771.23,766.22,144.04,14.77,85.23
2025-01-24,January,Q1,2025,Thai Airways International,TG,Star Air,XX,USD,253,150220.00,9013.20,1930.00,126852.12,7611.16,1588.91,23367.88,1402.04,341.09,15.56,84.44
2025-02-09,February,Q1,2025,Blue Panorama,BV,Star Air,XX,USD,256,69635.00,4178.10,1065.00,58644.31,3518.68,908.06,10990.69,659.42,156.94,15.78,84.22
2025-01-24,January,Q1,2025,SIA,SQ,Star Air,XX,USD,262,98490.00,5909.40,1355.00,83041.44,4982.44,1144.61,15448.56,926.96,210.39,15.69,84.31
2025-02-09,February,Q1,2025,British Airways,BA,Star Air,XX,USD,254,119195.00,7151.70,1700.00,101576.31,6094.57,1489.30,17618.69,1057.13,210.70,14.78,85.22
2025-02-09,February,Q1,2025,Emirates,EK,Star Air,XX,USD,503,139590.00,8375.40,2300.00,118288.07,7097.21,1908.38,21301.93,1278.19,391.62,15.26,84.74
2025-02-09,February,Q1,2025,JetBlue,B6,Star Air,XX,USD,250,341925.00,20515.50,3740.00,286391.69,17183.52,3201.26,55533.31,3331.98,538.74,16.24,83.76
2025-02-09,February,Q1,2025,American Airlines,AA,Star Air,XX,USD,254,278020.00,16681.20,3845.00,235729.36,14143.75,3310.23,42290.64,2537.45,534.77,15.21,84.79
2025-01-24,January,Q1,2025,Emirates,EK,Star Air,XX,USD,496,144760.00,8685.60,2000.00,122710.41,7362.62,1696.19,22049.59,1322.98,303.81,15.23,84.77
2025-04-13,April,Q2,2025,Air India,AI,Star Air,XX,USD,234,81880.00,4912.80,935.00,69283.54,4156.96,786.65,12596.46,755.84,148.35,15.38,84.62
2025-04-13,April,Q2,2025,Air France,AF,Star Air,XX,USD,248,238770.00,14326.20,2580.00,201006.55,12060.33,2199.89,37763.45,2265.87,380.11,15.82,84.18
2025-06-16,June,Q2,2025,Qantas,QF,Star Air,XX,USD,253,175760.00,10545.60,2745.00,148359.30,8901.55,2288.62,27400.70,1644.05,456.38,15.59,84.41
2025-04-13,April,Q2,2025,American Airlines,AA,Star Air,XX,USD,233,299450.00,17967.00,3095.00,253641.13,15218.48,2675.55,45808.87,2748.52,419.45,15.30,84.70
2025-04-13,April,Q2,2025,Blue Panorama,BV,Star Air,XX,USD,229,74955.00,4497.30,1165.00,62542.33,3752.48,981.11,12412.67,744.82,183.89,16.56,83.44
2025-06-16,June,Q2,2025,Air Mauritius,MK,Star Air,XX,USD,253,171045.00,10262.70,2685.00,145145.95,8708.86,2279.26,25899.05,1553.84,405.74,15.14,84.86
2025-04-13,April,Q2,2025,Qantas,QF,Star Air,XX,USD,485,532135.00,31928.10,8870.00,447249.64,26834.86,7427.70,84885.36,5093.24,1442.30,15.95,84.05
2025-04-13,April,Q2,2025,Emirates,EK,Star Air,XX,USD,245,75605.00,4536.30,1290.00,64669.53,3880.09,1106.58,10935.47,656.21,183.42,14.46,85.54
2025-04-13,April,Q2,2025,Air Canada,AC,Star Air,XX,USD,245,85345.00,5120.70,1050.00,72860.82,4371.68,887.65,12484.18,749.02,162.35,14.63,85.37
2025-06-16,June,Q2,2025,Emirates,EK,Star Air,XX,USD,242,75705.00,4542.30,785.00,64200.96,3851.96,640.23,11504.04,690.34,144.77,15.20,84.80
2025-04-13,April,Q2,2025,JetBlue,B6,Star Air,XX,USD,234,338100.00,20286.00,5310.00,283359.09,17001.51,4408.37,54740.91,3284.49,901.63,16.19,83.81
2025-09-15,September,Q3,2025,Qantas,QF,Star Air,XX,USD,979,679915.00,40794.90,9475.00,578238.92,34694.25,7935.13,101676.09,6100.65,1539.87,14.95,85.05
2025-09-29,September,Q3,2025,Qantas,QF,Star Air,XX,USD,509,505470.00,30328.20,7770.00,427667.67,25660.06,6562.94,77802.33,4668.14,1207.06,15.39,84.61
2025-09-29,September,Q3,2025,Air Mauritius,MK,Star Air,XX,USD,236,149850.00,8991.00,2465.00,127114.11,7626.91,2079.96,22735.89,1364.09,385.04,15.17,84.83
2025-09-29,September,Q3,2025,Jet Airways,9W,Star Air,XX,USD,250,70295.00,4217.70,1220.00,59386.97,3563.21,1026.11,10908.03,654.49,193.89,15.52,84.48
2025-07-30,July,Q3,2025,British Airways,BA,Star Air,XX,USD,232,111740.00,6704.40,1615.00,94820.25,5689.18,1387.75,16919.75,1015.22,227.25,15.14,84.86
2025-07-30,July,Q3,2025,Qantas,QF,Star Air,XX,USD,968,1146595.00,68795.70,14405.00,966055.86,57963.15,12325.63,180539.14,10832.55,2079.37,15.75,84.25
2025-09-15,September,Q3,2025,Emirates,EK,Star Air,XX,USD,246,80885.00,4853.10,1250.00,67457.23,4047.43,1066.27,13427.77,805.67,183.73,16.60,83.40
2025-09-15,September,Q3,2025,Air Mauritius,MK,Star Air,XX,USD,240,156070.00,9364.20,2280.00,132229.18,7933.70,1893.50,23840.82,1430.50,386.50,15.28,84.72
2025-07-30,July,Q3,2025,PIA,PK,Star Air,XX,USD,237,75530.00,4531.80,1145.00,63184.11,3791.04,944.49,12345.89,740.76,200.51,16.35,83.65
2025-07-30,July,Q3,2025,American Airlines,AA,Star Air,XX,USD,490,527195.00,31631.70,7325.00,446294.63,26777.71,6174.14,80900.37,4853.99,1150.86,15.35,84.65
2025-07-30,July,Q3,2025,Emirates,EK,Star Air,XX,USD,231,71020.00,4261.20,1015.00,60319.00,3619.16,847.35,10701.00,642.04,167.65,15.07,84.93
2025-07-30,July,Q3,2025,Air Canada,AC,Star Air,XX,USD,245,73920.00,4435.20,1185.00,62002.37,3720.14,1001.96,11917.63,715.06,183.04,16.12,83.88
2025-05-11,May,Q2,2025,Air India,AI,Star Air,XX,USD,208,76075.00,4564.50,910.00,63947.09,3836.91,764.39,12127.91,727.59,145.61,15.94,84.06
2025-05-04,May,Q2,2025,Qantas,QF,Star Air,XX,USD,744,707615.00,42456.90,9760.00,596584.36,35795.07,8202.17,111030.64,6661.83,1557.83,15.69,84.31
2025-05-04,May,Q2,2025,Air India,AI,Star Air,XX,USD,245,83525.00,5011.50,1480.00,70919.15,4255.14,1257.78,12605.85,756.36,222.22,15.09,84.91
2025-05-04,May,Q2,2025,Emirates,EK,Star Air,XX,USD,679,224700.00,13482.00,3060.00,190308.26,11418.47,2570.44,34391.74,2063.53,489.56,15.31,84.69
2025-05-04,May,Q2,2025,Air France,AF,Star Air,XX,USD,240,266545.00,15992.70,4465.00,227548.89,13652.87,3732.56,38996.11,2339.83,732.44,14.63,85.37
2025-05-11,May,Q2,2025,PIA,PK,Star Air,XX,USD,226,79645.00,4778.70,1160.00,67982.45,4078.94,1001.02,11662.55,699.76,158.98,14.64,85.36
2025-05-11,May,Q2,2025,Qantas,QF,Star Air,XX,USD,511,570440.00,34226.40,8530.00,483346.50,29000.73,7177.00,87093.50,5225.67,1353.00,15.27,84.73
2025-05-11,May,Q2,2025,American Airlines,AA,Star Air,XX,USD,223,296150.00,17769.00,4190.00,249853.59,14991.22,3555.16,46296.41,2777.78,634.84,15.63,84.37
2025-05-11,May,Q2,2025,Air Canada,AC,Star Air,XX,USD,238,76100.00,4566.00,1060.00,64658.25,3879.49,907.17,11441.75,686.51,152.83,15.04,84.96
2025-05-11,May,Q2,2025,Emirates,EK,Star Air,XX,USD,249,83475.00,5008.50,1345.00,70449.15,4226.99,1105.63,13025.85,781.51,239.37,15.60,84.40
2025-05-04,May,Q2,2025,Vietnam Airlines,VN,Star Air,XX,USD,1,1020.00,61.20,0.00,748.63,44.92,0.00,271.37,16.28,0.00,26.60,73.40
2025-05-11,May,Q2,2025,Vietnam Airlines,VN,Star Air,XX,USD,1,820.00,49.20,80.00,731.14,43.87,73.11,88.86,5.33,6.89,10.84,89.16
2025-05-04,May,Q2,2025,JetBlue,B6,Star Air,XX,USD,248,363065.00,21783.90,5680.00,305039.41,18302.33,4811.15,58025.59,3481.57,868.85,15.98,84.02
2025-05-11,May,Q2,2025,JetBlue,B6,Star Air,XX,USD,243,361050.00,21663.00,4610.00,305973.91,18358.44,4075.49,55076.09,3304.56,534.51,15.25,84.75
2025-09-09,September,Q3,2025,Air New Zealand,NZ,Star Air,XX,USD,250,174330.00,10459.80,3250.00,148565.42,8913.99,2804.83,25764.58,1545.81,445.17,14.78,85.22
2025-09-23,September,Q3,2025,Air New Zealand,NZ,Star Air,XX,USD,244,180640.00,10838.40,3115.00,152688.89,9161.37,2609.95,27951.11,1677.03,505.05,15.47,84.53
2025-09-26,September,Q3,2025,Air New Zealand,NZ,Star Air,XX,USD,255,197835.00,11870.10,2985.00,170084.41,10205.11,2552.84,27750.59,1664.99,432.16,14.03,85.97
2025-09-26,September,Q3,2025,Qantas,QF,Star Air,XX,USD,1010,658780.00,39526.80,11240.00,557659.00,33459.61,9445.08,101121.00,6067.19,1794.92,15.35,84.65
2025-09-23,September,Q3,2025,JetBlue,B6,Star Air,XX,USD,244,358310.00,21498.60,4170.00,306892.30,18413.58,3545.61,51417.70,3085.02,624.39,14.35,85.65
2025-09-09,September,Q3,2025,Jet Airways,9W,Star Air,XX,USD,251,68145.00,4088.70,1090.00,58180.86,3490.90,927.98,9964.14,597.80,162.02,14.62,85.38
2025-09-09,September,Q3,2025,Air India,AI,Star Air,XX,USD,235,79525.00,4771.50,1630.00,67565.41,4053.95,1380.78,11959.59,717.55,249.22,15.04,84.96
2025-09-26,September,Q3,2025,PIA,PK,Star Air,XX,USD,245,77825.00,4669.50,745.00,66055.70,3963.30,625.72,11769.30,706.20,119.28,15.12,84.88
2025-09-23,September,Q3,2025,Qantas,QF,Star Air,XX,USD,479,275515.00,16530.90,3685.00,233348.20,14000.87,3118.41,42166.80,2530.03,566.59,15.30,84.70
2025-09-09,September,Q3,2025,Emirates,EK,Star Air,XX,USD,243,76850.00,4611.00,980.00,64653.84,3879.22,826.05,12196.16,731.78,153.95,15.87,84.13
2025-09-09,September,Q3,2025,SIA,SQ,Star Air,XX,USD,238,104080.00,6244.80,1950.00,88078.51,5284.71,1703.80,16001.49,960.09,246.20,15.37,84.63
2025-09-26,September,Q3,2025,SIA,SQ,Star Air,XX,USD,238,119735.00,7184.10,3040.00,100578.58,6034.68,2483.87,19156.42,1149.42,556.13,16.00,84.00
2025-09-23,September,Q3,2025,SIA,SQ,Star Air,XX,USD,251,106835.00,6410.10,2005.00,90715.18,5442.93,1696.63,16119.82,967.17,308.37,15.09,84.91
2025-09-23,September,Q3,2025,Emirates,EK,Star Air,XX,USD,256,83255.00,4995.30,945.00,70779.31,4246.72,814.65,12475.69,748.58,130.35,14.98,85.02
2025-09-26,September,Q3,2025,Air Canada,AC,Star Air,XX,USD,249,74620.00,4477.20,1010.00,63325.63,3799.50,871.86,11294.37,677.70,138.14,15.14,84.86
2025-09-23,September,Q3,2025,PIA,PK,Star Air,XX,USD,251,76030.00,4561.80,960.00,64732.47,3883.92,815.27,11297.53,677.88,144.73,14.86,85.14
2025-09-23,September,Q3,2025,Air Mauritius,MK,Star Air,XX,USD,232,159555.00,9573.30,1890.00,135768.43,8146.14,1565.40,23786.57,1427.16,324.60,14.91,85.09
2025-10-02,October,Q4,2025,Qantas,QF,Star Air,XX,USD,479,385000.00,23100.00,4185.00,327092.79,19625.57,5029.47,57907.21,3474.43,-844.47,15.04,84.96
2025-09-26,September,Q3,2025,Emirates,EK,Star Air,XX,USD,474,139435.00,8366.10,1830.00,117690.71,7061.29,1519.87,21744.29,1304.81,310.13,15.59,84.41
2025-10-02,October,Q4,2025,Air France,AF,Star Air,XX,USD,251,214730.00,12883.80,2190.00,181925.38,10915.49,2750.73,32804.62,1968.31,-560.73,15.28,84.72
2025-10-02,October,Q4,2025,JetBlue,B6,Star Air,XX,USD,247,343770.00,20626.20,2550.00,289288.24,17357.26,3369.54,54481.76,3268.94,-819.54,15.85,84.15
2025-10-02,October,Q4,2025,Air India,AI,Star Air,XX,USD,247,69735.00,4184.10,16310.00,58681.62,3520.91,946.71,11053.38,663.19,15363.29,15.85,84.15
2025-10-02,October,Q4,2025,American Airlines,AA,Star Air,XX,USD,244,256645.00,15398.70,8210.00,217818.80,13069.09,3428.38,38826.20,2329.61,4781.62,15.13,84.87
2025-10-02,October,Q4,2025,Blue Panorama,BV,Star Air,XX,USD,253,76715.00,4602.90,385.00,64074.98,3844.50,615.67,12640.02,758.40,-230.67,16.48,83.52
2025-10-02,October,Q4,2025,Emirates,EK,Star Air,XX,USD,232,67625.00,4057.50,1525.00,58222.34,3493.34,754.77,9402.66,564.16,770.23,13.90,86.10
2025-10-02,October,Q4,2025,Air Canada,AC,Star Air,XX,USD,245,71205.00,4272.30,2765.00,60423.18,3625.42,1190.45,10781.82,646.88,1574.55,15.14,84.86
2026-01-05,January,Q1,2026,Qantas,QF,Star Air,XX,USD,488,413055.00,24783.30,6940.00,343260.94,20595.66,5733.90,69794.06,4187.64,1206.10,16.90,83.10
2026-02-15,February,Q1,2026,Qantas,QF,Star Air,XX,USD,731,668795.00,40127.70,8630.00,568251.63,34095.05,7379.93,100543.37,6032.65,1250.07,15.03,84.97
2026-01-08,January,Q1,2026,Air India,AI,Star Air,XX,USD,239,62805.00,3768.30,1055.00,53266.02,3196.00,885.69,9538.98,572.30,169.31,15.19,84.81
2026-02-15,February,Q1,2026,Emirates,EK,Star Air,XX,USD,459,126240.00,7574.40,2050.00,107087.07,6425.14,1768.38,19152.93,1149.26,281.62,15.17,84.83
2026-01-08,January,Q1,2026,American Airlines,AA,Star Air,XX,USD,246,251560.00,15093.60,3040.00,212010.82,12720.64,2638.23,39549.18,2372.96,401.77,15.72,84.28
2026-01-05,January,Q1,2026,Emirates,EK,Star Air,XX,USD,482,137240.00,8234.40,2275.00,117327.93,7039.60,1887.54,19912.07,1194.80,387.46,14.51,85.49
2026-01-08,January,Q1,2026,Air Canada,AC,Star Air,XX,USD,251,75200.00,4512.00,835.00,63429.71,3805.81,700.03,11770.29,706.19,134.97,15.65,84.35
2026-01-08,January,Q1,2026,Emirates,EK,Star Air,XX,USD,241,70420.00,4225.20,990.00,60215.28,3612.96,815.51,10204.72,612.24,174.49,14.49,85.51
2026-02-15,February,Q1,2026,British Airways,BA,Star Air,XX,USD,255,128750.00,7725.00,2135.00,108936.22,6536.19,1824.83,19813.78,1188.81,310.17,15.39,84.61
2026-01-08,January,Q1,2026,PIA,PK,Star Air,XX,USD,244,69080.00,4144.80,710.00,59145.57,3548.73,618.33,9934.43,596.07,91.67,14.38,85.62
2026-01-05,January,Q1,2026,Air India,AI,Star Air,XX,USD,241,68560.00,4113.60,760.00,58195.62,3491.65,665.23,10364.38,621.95,94.77,15.12,84.88
2026-01-08,January,Q1,2026,Air Mauritius,MK,Star Air,XX,USD,247,157300.00,9438.00,3505.00,131509.29,7890.57,2822.51,25790.71,1547.43,682.49,16.40,83.60
2026-01-08,January,Q1,2026,Blue Panorama,BV,Star Air,XX,USD,241,61990.00,3719.40,1115.00,51963.39,3117.78,925.87,10026.61,601.62,189.13,16.17,83.83
2025-11-29,November,Q4,2025,Air India,AI,Star Air,XX,USD,243,77290.00,4637.40,810.00,64206.89,3852.45,1215.34,13083.11,784.95,-405.34,16.93,83.07
2025-11-29,November,Q4,2025,Jet Airways,9W,Star Air,XX,USD,249,68130.00,4087.80,13975.00,57965.73,3477.92,1121.75,10164.27,609.88,12853.25,14.92,85.08
2025-11-29,November,Q4,2025,JetBlue,B6,Star Air,XX,USD,228,316805.00,19008.30,4045.00,267970.70,16078.22,5065.55,48834.30,2930.08,-1020.55,15.41,84.59
2025-11-29,November,Q4,2025,PIA,PK,Star Air,XX,USD,237,64800.00,3888.00,35940.00,55446.01,3326.79,842.43,9354.00,561.21,35097.57,14.44,85.56
2025-11-29,November,Q4,2025,American Airlines,AA,Star Air,XX,USD,494,556210.00,33372.60,12410.00,467516.56,28051.02,6411.19,88693.44,5321.58,5998.81,15.95,84.05
2025-11-29,November,Q4,2025,Air Canada,AC,Star Air,XX,USD,229,66275.00,3976.50,730.00,55494.15,3329.53,882.43,10780.86,646.97,-152.43,16.27,83.73
2025-11-29,November,Q4,2025,Emirates,EK,Star Air,XX,USD,477,136575.00,8194.50,2090.00,114565.89,6873.93,1365.48,22009.11,1320.57,724.52,16.12,83.88
2025-11-29,November,Q4,2025,Qantas,QF,Star Air,XX,USD,234,329355.00,19761.30,8885.00,278361.64,16701.70,4231.59,50993.36,3059.60,4653.41,15.48,84.52
2026-02-08,February,Q1,2026,Qantas,QF,Star Air,XX,USD,747,626280.00,37576.80,8545.00,526280.32,31576.95,7167.41,99999.68,5999.85,1377.59,15.97,84.03
2026-02-08,February,Q1,2026,Thai Airways International,TG,Star Air,XX,USD,251,152200.00,9132.00,2375.00,128289.08,7697.38,1973.52,23910.92,1434.62,401.48,15.71,84.29
2026-02-08,February,Q1,2026,PIA,PK,Star Air,XX,USD,224,63185.00,3791.10,950.00,53269.40,3196.17,810.67,9915.60,594.93,139.33,15.69,84.31
2026-02-08,February,Q1,2026,Blue Panorama,BV,Star Air,XX,USD,229,63425.00,3805.50,950.00,54648.46,3278.84,804.70,8776.54,526.66,145.30,13.84,86.16
2026-02-08,February,Q1,2026,American Airlines,AA,Star Air,XX,USD,252,300400.00,18024.00,5510.00,251452.76,15087.24,4581.31,48947.24,2936.76,928.69,16.29,83.71
2026-02-08,February,Q1,2026,JetBlue,B6,Star Air,XX,USD,241,304560.00,18273.60,5345.00,256267.50,15376.01,4473.32,48292.50,2897.59,871.68,15.86,84.14
2026-02-08,February,Q1,2026,Emirates,EK,Star Air,XX,USD,237,68810.00,4128.60,1140.00,58502.73,3510.11,981.44,10307.27,618.49,158.56,14.98,85.02
2025-11-08,November,Q4,2025,PIA,PK,Star Air,XX,USD,203,58125.00,3487.50,30490.00,49562.92,2973.77,720.21,8562.08,513.73,29769.79,14.73,85.27
2025-11-08,November,Q4,2025,Thai Airways International,TG,Star Air,XX,USD,263,174330.00,10459.80,10070.00,146519.04,8791.13,1559.93,27810.96,1668.67,8510.07,15.95,84.05
2025-11-08,November,Q4,2025,Jet Airways,9W,Star Air,XX,USD,258,69260.00,4155.60,610.00,58867.36,3532.04,939.03,10392.64,623.56,-329.03,15.01,84.99
2025-10-18,October,Q4,2025,Thai Airways International,TG,Star Air,XX,USD,243,148430.00,8905.80,9540.00,124530.34,7471.89,1518.37,23899.66,1433.91,8021.63,16.10,83.90
2025-10-21,October,Q4,2025,Air India,AI,Star Air,XX,USD,241,79025.00,4741.50,8520.00,66085.06,3965.08,742.55,12939.94,776.42,7777.45,16.37,83.63
2025-10-18,October,Q4,2025,PIA,PK,Star Air,XX,USD,218,70010.00,4200.60,67860.00,58735.69,3524.12,1037.91,11274.31,676.48,66822.09,16.10,83.90
2025-10-18,October,Q4,2025,JetBlue,B6,Star Air,XX,USD,241,331895.00,19913.70,3975.00,281113.46,16866.81,4587.85,50781.54,3046.89,-612.85,15.30,84.70
2025-10-21,October,Q4,2025,Qantas,QF,Star Air,XX,USD,710,464510.00,27870.60,4240.00,393574.97,23614.52,5426.46,70935.04,4256.08,-1186.46,15.27,84.73
2025-11-08,November,Q4,2025,Air Mauritius,MK,Star Air,XX,USD,251,155290.00,9317.40,15645.00,130764.80,7845.88,1853.73,24525.20,1471.52,13791.27,15.79,84.21
2025-11-08,November,Q4,2025,British Airways,BA,Star Air,XX,USD,241,120135.00,7208.10,1345.00,101221.63,6073.29,1458.78,18913.38,1134.81,-113.78,15.74,84.26
2025-10-18,October,Q4,2025,Air Mauritius,MK,Star Air,XX,USD,238,162815.00,9768.90,9540.00,137042.39,8222.65,1328.56,25772.61,1546.25,8211.44,15.83,84.17
2025-10-18,October,Q4,2025,British Airways,BA,Star Air,XX,USD,242,115550.00,6933.00,1495.00,97958.85,5877.56,2096.28,17591.15,1055.44,-601.28,15.22,84.78
2025-11-08,November,Q4,2025,Air Canada,AC,Star Air,XX,USD,187,54255.00,3255.30,775.00,46126.62,2767.54,871.68,8128.38,487.76,-96.68,14.98,85.02
2025-10-18,October,Q4,2025,Air Canada,AC,Star Air,XX,USD,209,58505.00,3510.30,775.00,49409.84,2964.61,830.41,9095.16,545.69,-55.41,15.55,84.45
2025-10-21,October,Q4,2025,Emirates,EK,Star Air,XX,USD,482,138855.00,8331.30,1405.00,117577.72,7054.64,1769.97,21277.28,1276.66,-364.97,15.32,84.68
2025-11-08,November,Q4,2025,American Airlines,AA,Star Air,XX,USD,248,276640.00,16598.40,8780.00,232662.69,13959.83,3145.55,43977.31,2638.57,5634.45,15.90,84.10
2025-10-18,October,Q4,2025,American Airlines,AA,Star Air,XX,USD,260,298460.00,17907.60,16235.00,255299.81,15318.00,5633.29,43160.19,2589.60,10601.71,14.46,85.54
2025-11-08,November,Q4,2025,Qantas,QF,Star Air,XX,USD,239,295495.00,17729.70,9125.00,250741.92,15044.46,4404.43,44753.08,2685.24,4720.57,15.15,84.85
2025-11-08,November,Q4,2025,SIA,SQ,Star Air,XX,USD,263,114030.00,6841.80,6195.00,96994.66,5819.67,2301.25,17035.34,1022.13,3893.75,14.94,85.06
2025-10-21,October,Q4,2025,SIA,SQ,Star Air,XX,USD,246,110985.00,6659.10,3185.00,93387.30,5603.24,1338.15,17597.70,1055.86,1846.85,15.86,84.14
2025-10-18,October,Q4,2025,Emirates,EK,Star Air,XX,USD,241,71480.00,4288.80,2915.00,60644.36,3638.55,1169.27,10835.64,650.25,1745.73,15.16,84.84
2026-01-31,January,Q1,2026,Air India,AI,Star Air,XX,USD,248,81750.00,4905.00,1180.00,70212.78,4212.82,1036.52,11537.22,692.18,143.48,14.11,85.89
2026-02-23,February,Q1,2026,Qantas,QF,Star Air,XX,USD,237,136635.00,8198.10,2000.00,115769.65,6946.25,1691.69,20865.35,1251.85,308.31,15.27,84.73
2026-01-31,January,Q1,2026,JetBlue,B6,Star Air,XX,USD,234,300985.00,18059.10,4535.00,255620.73,15337.20,3910.42,45364.27,2721.90,624.58,15.07,84.93
2026-01-31,January,Q1,2026,Thai Airways International,TG,Star Air,XX,USD,242,155370.00,9322.20,2055.00,130315.02,7818.97,1770.08,25054.98,1503.23,284.92,16.13,83.87
2026-01-31,January,Q1,2026,American Airlines,AA,Star Air,XX,USD,493,499800.00,29988.00,7250.00,423091.06,25385.59,5997.36,76708.94,4602.41,1252.64,15.35,84.65
2026-01-31,January,Q1,2026,Jet Airways,9W,Star Air,XX,USD,223,56480.00,3388.80,865.00,48119.11,2887.08,744.61,8360.89,501.72,120.39,14.80,85.20
2026-01-31,January,Q1,2026,Air Mauritius,MK,Star Air,XX,USD,248,163620.00,9817.20,2665.00,135667.22,8140.05,2231.90,27952.78,1677.15,433.10,17.08,82.92
2026-01-31,January,Q1,2026,Emirates,EK,Star Air,XX,USD,496,148775.00,8926.50,2040.00,125321.36,7519.15,1752.15,23453.64,1407.35,287.85,15.76,84.24
2026-02-23,February,Q1,2026,Emirates,EK,Star Air,XX,USD,492,141630.00,8497.80,2680.00,119751.38,7184.99,2298.06,21878.62,1312.81,381.94,15.45,84.55
2026-01-31,January,Q1,2026,SIA,SQ,Star Air,XX,USD,270,118700.00,7122.00,1575.00,99611.86,5976.64,1360.38,19088.14,1145.36,214.62,16.08,83.92
2025-03-30,March,Q1,2025,Air India,AI,Star Air,XX,USD,234,77515.00,4650.90,1555.00,66312.00,3978.73,1357.37,11203.00,672.17,197.63,14.45,85.55
2025-03-30,March,Q1,2025,Qantas,QF,Star Air,XX,USD,762,558210.00,33492.60,7380.00,472029.80,28321.80,6357.54,86180.20,5170.80,1022.46,15.44,84.56
2025-03-30,March,Q1,2025,American Airlines,AA,Star Air,XX,USD,245,271625.00,16297.50,2785.00,227802.53,13668.23,2291.78,43822.47,2629.27,493.22,16.13,83.87
2025-03-30,March,Q1,2025,Air Canada,AC,Star Air,XX,USD,259,77020.00,4621.20,1155.00,65079.21,3904.66,982.94,11940.79,716.54,172.06,15.50,84.50
2025-03-30,March,Q1,2025,PIA,PK,Star Air,XX,USD,221,71400.00,4284.00,855.00,60762.84,3645.80,755.46,10637.16,638.20,99.54,14.90,85.10
2025-03-30,March,Q1,2025,Emirates,EK,Star Air,XX,USD,436,133490.00,8009.40,1930.00,113541.89,6812.40,1629.08,19948.11,1197.00,300.92,14.94,85.06
2025-03-30,March,Q1,2025,Blue Panorama,BV,Star Air,XX,USD,240,72860.00,4371.60,1055.00,62098.43,3725.91,891.08,10761.57,645.69,163.92,14.77,85.23
2025-03-30,March,Q1,2025,British Airways,BA,Star Air,XX,USD,252,142650.00,8559.00,1920.00,120787.30,7247.28,1654.46,21862.70,1311.72,265.54,15.33,84.67
2025-06-21,June,Q2,2025,Thai Airways International,TG,Star Air,XX,USD,247,167005.00,10020.30,2965.00,141939.68,8516.46,2572.96,25065.32,1503.84,392.04,15.01,84.99
2025-06-21,June,Q2,2025,Air Canada,AC,Star Air,XX,USD,223,71685.00,4301.10,1045.00,61356.78,3681.44,907.15,10328.22,619.66,137.85,14.41,85.59
2025-06-21,June,Q2,2025,Emirates,EK,Star Air,XX,USD,227,74900.00,4494.00,960.00,63604.51,3816.28,818.84,11295.49,677.72,141.16,15.08,84.92
2025-06-21,June,Q2,2025,Qantas,QF,Star Air,XX,USD,228,189480.00,11368.80,3125.00,160354.20,9621.23,2619.61,29125.80,1747.57,505.39,15.37,84.63
2025-06-21,June,Q2,2025,American Airlines,AA,Star Air,XX,USD,233,287435.00,17246.10,4130.00,244667.48,14680.06,3539.67,42767.52,2566.04,590.33,14.88,85.12
2025-06-21,June,Q2,2025,British Airways,BA,Star Air,XX,USD,248,134725.00,8083.50,1445.00,113987.74,6839.18,1261.79,20737.26,1244.32,183.21,15.39,84.61
2025-06-21,June,Q2,2025,SIA,SQ,Star Air,XX,USD,250,97260.00,5835.60,1055.00,83113.18,4721.73,910.55,14146.82,1113.87,144.45,14.55,85.45
2025-08-28,August,Q3,2025,Air France,AF,Star Air,XX,USD,251,231065.00,13863.90,4550.00,195105.82,11706.27,3864.41,35959.18,2157.63,685.59,15.56,84.44
2025-08-28,August,Q3,2025,Air India,AI,Star Air,XX,USD,242,68590.00,4115.40,1335.00,59216.62,3553.03,1144.91,9373.38,562.37,190.09,13.67,86.33
2025-08-28,August,Q3,2025,JetBlue,B6,Star Air,XX,USD,166,222860.00,13371.60,3545.00,189108.25,11346.46,2989.34,33751.75,2025.14,555.66,15.14,84.86
2025-08-28,August,Q3,2025,Blue Panorama,BV,Star Air,XX,USD,255,73420.00,4405.20,1310.00,61613.34,3696.84,1107.79,11806.66,708.36,202.21,16.08,83.92
2025-08-28,August,Q3,2025,PIA,PK,Star Air,XX,USD,253,76995.00,4619.70,890.00,64714.82,3882.93,744.73,12280.18,736.77,145.27,15.95,84.05
2025-08-28,August,Q3,2025,Emirates,EK,Star Air,XX,USD,497,148630.00,8917.80,2120.00,125622.31,7537.43,1784.55,23007.69,1380.37,335.45,15.48,84.52
2025-08-28,August,Q3,2025,Air Canada,AC,Star Air,XX,USD,251,79255.00,4755.30,1165.00,66736.44,4004.15,995.55,12518.56,751.15,169.45,15.80,84.20
2025-08-28,August,Q3,2025,Air Mauritius,MK,Star Air,XX,USD,253,167050.00,10023.00,2690.00,141706.24,8502.38,2274.64,25343.76,1520.62,415.36,15.17,84.83
2025-08-28,August,Q3,2025,American Airlines,AA,Star Air,XX,USD,250,304845.00,18290.70,4615.00,258315.93,15499.00,3873.28,46529.07,2791.70,741.72,15.26,84.74
2025-04-08,April,Q2,2025,Air New Zealand,NZ,Star Air,XX,USD,261,212215.00,12732.90,2285.00,181897.39,10913.88,1861.27,30317.61,1819.02,423.73,14.29,85.71
2025-04-08,April,Q2,2025,JetBlue,B6,Star Air,XX,USD,242,349635.00,20978.10,4820.00,298975.95,17938.59,4151.53,50659.05,3039.51,668.47,14.49,85.51
2025-04-08,April,Q2,2025,Qantas,QF,Star Air,XX,USD,735,448745.00,26924.70,7715.00,379576.69,22774.69,6597.65,69168.31,4150.01,1117.35,15.41,84.59
2025-04-08,April,Q2,2025,Jet Airways,9W,Star Air,XX,USD,232,68305.00,4098.30,780.00,57668.82,3460.10,691.61,10636.18,638.20,88.39,15.57,84.43
2025-04-08,April,Q2,2025,PIA,PK,Star Air,XX,USD,245,77570.00,4654.20,890.00,65695.64,4009.74,743.87,11874.36,644.46,146.13,15.31,84.69
2025-04-08,April,Q2,2025,Air Canada,AC,Star Air,XX,USD,246,78160.00,4689.60,1040.00,66619.68,3997.22,893.02,11540.32,692.38,146.98,14.76,85.24
2025-11-09,November,Q4,2025,Air France,AF,Star Air,XX,USD,239,198650.00,11919.00,5540.00,166772.14,10006.28,2033.52,31877.86,1912.72,3506.48,16.05,83.95
2025-11-09,November,Q4,2025,Thai Airways International,TG,Star Air,XX,USD,260,175135.00,10508.10,11920.00,148651.79,8919.11,1763.96,26483.21,1588.99,10156.04,15.12,84.88
2025-12-10,December,Q4,2025,Air India,AI,Star Air,XX,USD,236,75705.00,4542.30,16930.00,64208.34,3852.50,1294.52,11496.66,689.80,15635.48,15.19,84.81
2025-11-09,November,Q4,2025,PIA,PK,Star Air,XX,USD,229,67630.00,4057.80,29905.00,57131.95,3428.00,843.30,10498.05,629.80,29061.70,15.52,84.48
2025-11-09,November,Q4,2025,Blue Panorama,BV,Star Air,XX,USD,232,61555.00,3693.30,6890.00,51866.51,3112.04,589.79,9688.49,581.26,6300.21,15.74,84.26
2025-11-09,November,Q4,2025,Qantas,QF,Star Air,XX,USD,727,627170.00,37630.20,10475.00,529142.46,31748.47,8442.41,98027.54,5881.73,2032.59,15.63,84.37
2025-12-10,December,Q4,2025,American Airlines,AA,Star Air,XX,USD,721,765390.00,45923.40,19960.00,648062.31,38883.69,8760.92,117327.69,7039.71,11199.08,15.33,84.67
2025-12-10,December,Q4,2025,Qantas,QF,Star Air,XX,USD,480,489875.00,29392.50,7695.00,415674.71,24940.49,5392.27,74200.29,4452.01,2302.73,15.15,84.85
2025-11-09,November,Q4,2025,American Airlines,AA,Star Air,XX,USD,252,283005.00,16980.30,2515.00,238773.29,14326.37,3167.63,44231.71,2653.93,-652.63,15.63,84.37
2025-11-09,November,Q4,2025,Emirates,EK,Star Air,XX,USD,239,68130.00,4087.80,710.00,57729.78,3463.71,836.70,10400.22,624.09,-126.70,15.27,84.73
2025-12-10,December,Q4,2025,Emirates,EK,Star Air,XX,USD,242,66430.00,3985.80,675.00,55780.69,3346.77,895.31,10649.31,639.03,-220.31,16.03,83.97
2025-11-09,November,Q4,2025,JetBlue,B6,Star Air,XX,USD,236,314525.00,18871.50,7175.00,267881.93,16072.84,2644.88,46643.07,2798.66,4530.12,14.83,85.17
2025-11-09,November,Q4,2025,Vietnam Airlines,VN,Star Air,XX,USD,2,645.00,38.70,321140.00,565.34,33.92,14.87,79.66,4.78,321125.13,12.35,87.65
2025-12-10,December,Q4,2025,Air Canada,AC,Star Air,XX,USD,494,143490.00,8609.40,3725.00,121652.51,7299.23,1799.97,21837.49,1310.17,1925.03,15.22,84.78
2026-03-28,March,Q1,2026,Air India,AI,Star Air,XX,USD,259,82435.00,4946.10,940.00,69089.01,4145.34,807.97,13345.99,800.76,132.03,16.19,83.81
2026-03-28,March,Q1,2026,Thai Airways International,TG,Star Air,XX,USD,238,154695.00,9281.70,2220.00,130545.54,7832.69,1877.18,24149.46,1449.01,342.82,15.61,84.39
2026-03-28,March,Q1,2026,PIA,PK,Star Air,XX,USD,249,77665.00,4659.90,1365.00,65582.15,3934.94,1175.57,12082.85,724.96,189.43,15.56,84.44
2026-03-28,March,Q1,2026,Qantas,QF,Star Air,XX,USD,940,800290.00,48017.40,9000.00,671724.24,40303.57,7595.77,128565.76,7713.83,1404.23,16.06,83.94
2026-03-28,March,Q1,2026,American Airlines,AA,Star Air,XX,USD,451,526030.00,31561.80,8360.00,447883.86,26872.98,7001.81,78146.14,4688.82,1358.19,14.86,85.14
2026-03-28,March,Q1,2026,Emirates,EK,Star Air,XX,USD,503,154260.00,9255.60,2405.00,129951.42,7797.16,2012.07,24308.58,1458.44,392.93,15.76,84.24
2026-03-28,March,Q1,2026,Air Canada,AC,Star Air,XX,USD,250,75130.00,4507.80,1460.00,62998.14,3779.84,1189.87,12131.86,727.96,270.13,16.15,83.85
2025-02-25,February,Q1,2025,Jet Airways,9W,Star Air,XX,USD,505,147740.00,8864.40,1785.00,123609.88,7416.61,1503.83,24130.12,1447.79,281.17,16.33,83.67
2025-02-14,February,Q1,2025,Qantas,QF,Star Air,XX,USD,761,488060.00,29283.60,7185.00,412932.82,24775.87,6053.35,75127.18,4507.73,1131.65,15.39,84.61
2025-02-25,February,Q1,2025,Air New Zealand,NZ,Star Air,XX,USD,257,84490.00,5069.40,1205.00,72551.83,4353.17,1054.15,11938.17,716.23,150.85,14.13,85.87
2025-02-14,February,Q1,2025,Air New Zealand,NZ,Star Air,XX,USD,256,81530.00,4891.80,1130.00,68509.23,4110.59,957.79,13020.77,781.21,172.21,15.97,84.03
2025-02-25,February,Q1,2025,Air India,AI,Star Air,XX,USD,251,79930.00,4795.80,1125.00,67546.34,4052.81,958.90,12383.66,742.99,166.10,15.49,84.51
2025-02-25,February,Q1,2025,Thai Airways International,TG,Star Air,XX,USD,244,166170.00,9970.20,2050.00,137782.41,8266.97,1714.89,28387.59,1703.23,335.11,17.08,82.92
2025-02-14,February,Q1,2025,Thai Airways International,TG,Star Air,XX,USD,253,150945.00,9056.70,1955.00,129757.17,7785.39,1653.11,21187.83,1271.31,301.89,14.04,85.96
2025-02-25,February,Q1,2025,Qantas,QF,Star Air,XX,USD,250,134550.00,8073.00,1770.00,113398.01,6803.88,1470.31,21151.99,1269.12,299.69,15.72,84.28
2025-02-25,February,Q1,2025,PIA,PK,Star Air,XX,USD,265,77695.00,4661.70,1250.00,65499.59,3929.96,1071.53,12195.41,731.74,178.47,15.70,84.30
2025-02-25,February,Q1,2025,SIA,SQ,Star Air,XX,USD,500,197725.00,11863.50,2400.00,167275.65,10036.43,2067.44,30449.35,1827.07,332.56,15.40,84.60
2025-02-25,February,Q1,2025,Vietnam Airlines,VN,Star Air,XX,USD,1,280.00,16.80,0.00,226.15,13.57,0.00,53.85,3.23,0.00,19.23,80.77
2025-02-25,February,Q1,2025,Emirates,EK,Star Air,XX,USD,522,160420.00,9625.20,2060.00,135107.45,8106.29,1733.07,25312.55,1518.91,326.93,15.78,84.22
2025-02-14,February,Q1,2025,Air Canada,AC,Star Air,XX,USD,256,69250.00,4155.00,755.00,58565.45,3513.86,626.26,10684.55,641.14,128.74,15.43,84.57
2025-02-14,February,Q1,2025,Emirates,EK,Star Air,XX,USD,509,142380.00,8542.80,2385.00,120552.08,7233.07,1976.97,21827.92,1309.73,408.03,15.33,84.67
2025-06-29,June,Q2,2025,Thai Airways International,TG,Star Air,XX,USD,237,158080.00,9484.80,2105.00,132738.60,7964.33,1786.04,25341.40,1520.47,318.96,16.03,83.97
2025-06-29,June,Q2,2025,Qantas,QF,Star Air,XX,USD,731,574220.00,34453.20,8660.00,484494.45,29069.69,7291.53,89725.55,5383.51,1368.47,15.63,84.37
2025-06-29,June,Q2,2025,PIA,PK,Star Air,XX,USD,229,77790.00,4667.40,1080.00,65587.93,3935.30,918.98,12202.07,732.10,161.02,15.69,84.31
2025-06-29,June,Q2,2025,American Airlines,AA,Star Air,XX,USD,244,286280.00,17176.80,5025.00,241926.10,14515.46,4267.05,44353.90,2661.34,757.95,15.49,84.51
2025-06-29,June,Q2,2025,Emirates,EK,Star Air,XX,USD,476,154080.00,9244.80,1925.00,130296.66,7817.78,1636.76,23783.34,1427.02,288.24,15.44,84.56
2025-06-29,June,Q2,2025,British Airways,BA,Star Air,XX,USD,256,131320.00,7879.20,2720.00,110899.36,6018.09,2329.04,20420.64,1861.11,390.96,15.55,84.45
2025-07-13,July,Q3,2025,Qantas,QF,Star Air,XX,USD,994,881145.00,52868.70,14445.00,742788.24,44567.36,12241.44,138356.76,8301.34,2203.56,15.70,84.30
2025-07-13,July,Q3,2025,American Airlines,AA,Star Air,XX,USD,249,296415.00,17784.90,2920.00,250532.34,15031.88,2428.71,45882.66,2753.02,491.29,15.48,84.52
2025-07-13,July,Q3,2025,Emirates,EK,Star Air,XX,USD,247,83130.00,4987.80,975.00,71305.57,4278.30,839.84,11824.44,709.50,135.16,14.22,85.78
2025-07-13,July,Q3,2025,Air Canada,AC,Star Air,XX,USD,250,80525.00,4831.50,1145.00,68740.61,4124.45,981.17,11784.39,707.05,163.83,14.63,85.37
2025-07-13,July,Q3,2025,Blue Panorama,BV,Star Air,XX,USD,244,79380.00,4762.80,995.00,66709.21,4002.62,843.88,12670.79,760.18,151.12,15.96,84.04
2025-11-09,November,Q4,2025,Air India,AI,Star Air,XX,USD,248,80975.00,4858.50,415.00,68039.49,4082.35,835.29,12935.51,776.15,-420.29,15.97,84.03
2025-11-28,November,Q4,2025,Qantas,QF,Star Air,XX,USD,726,464150.00,27849.00,12835.00,391608.73,23496.57,5989.26,72541.28,4352.43,6845.74,15.63,84.37
2025-11-28,November,Q4,2025,Air New Zealand,NZ,Star Air,XX,USD,472,236905.00,14214.30,5730.00,201301.94,12078.20,3451.47,35603.06,2136.10,2278.53,15.03,84.97
2025-12-13,December,Q4,2025,Thai Airways International,TG,Star Air,XX,USD,252,148900.00,8934.00,16450.00,125884.95,7553.15,2239.52,23015.05,1380.85,14210.48,15.46,84.54
2025-11-28,November,Q4,2025,Thai Airways International,TG,Star Air,XX,USD,247,158275.00,9496.50,12680.00,132973.97,7978.44,2073.97,25301.03,1518.06,10606.03,15.99,84.01
2025-12-13,December,Q4,2025,Jet Airways,9W,Star Air,XX,USD,495,133825.00,8029.50,7980.00,113585.13,6815.00,1452.40,20239.87,1214.50,6527.60,15.12,84.88
2025-12-13,December,Q4,2025,PIA,PK,Star Air,XX,USD,221,62190.00,3731.40,48465.00,53170.98,3190.23,1227.43,9019.02,541.17,47237.57,14.50,85.50
2025-12-13,December,Q4,2025,JetBlue,B6,Star Air,XX,USD,238,309020.00,18541.20,3135.00,257840.60,15470.33,4043.71,51179.40,3070.87,-908.71,16.56,83.44
2025-11-28,November,Q4,2025,PIA,PK,Star Air,XX,USD,254,70215.00,4212.90,55710.00,59574.03,3574.44,1183.83,10640.97,638.46,54526.17,15.15,84.85
2025-12-13,December,Q4,2025,British Airways,BA,Star Air,XX,USD,236,121285.00,7277.10,725.00,100934.03,6055.94,1081.64,20350.97,1221.16,-356.64,16.78,83.22
2025-11-28,November,Q4,2025,SIA,SQ,Star Air,XX,USD,245,98260.00,5895.60,970.00,82530.49,4951.75,1407.71,15729.51,943.85,-437.71,16.01,83.99
2025-12-13,December,Q4,2025,Air Canada,AC,Star Air,XX,USD,465,134825.00,8089.50,1235.00,113109.83,6786.58,1538.37,21715.17,1302.92,-303.37,16.11,83.89
2025-12-13,December,Q4,2025,Emirates,EK,Star Air,XX,USD,451,134990.00,8099.40,3055.00,114698.96,6881.85,1831.90,20291.04,1217.55,1223.10,15.03,84.97
2025-11-28,November,Q4,2025,Air Canada,AC,Star Air,XX,USD,241,68280.00,4096.80,550.00,57931.26,3475.83,679.06,10348.74,620.97,-129.06,15.16,84.84
2025-12-13,December,Q4,2025,American Airlines,AA,Star Air,XX,USD,259,280890.00,16853.40,11090.00,234916.04,14094.91,4556.97,45973.96,2758.49,6533.03,16.37,83.63
2025-12-13,December,Q4,2025,Qantas,QF,Star Air,XX,USD,245,292770.00,17566.20,7685.00,247091.76,14825.49,3907.37,45678.24,2740.71,3777.63,15.60,84.40
2025-11-28,November,Q4,2025,Emirates,EK,Star Air,XX,USD,516,149170.00,8950.20,2880.00,126348.34,7580.86,1449.15,22821.66,1369.34,1430.85,15.30,84.70
2026-01-14,January,Q1,2026,Thai Airways International,TG,Star Air,XX,USD,242,141030.00,8461.80,2425.00,119007.48,7140.40,2034.86,22022.52,1321.40,390.14,15.62,84.38
2026-01-19,January,Q1,2026,Qantas,QF,Star Air,XX,USD,723,491380.00,29482.80,6440.00,413358.46,24801.51,5467.12,78021.54,4681.29,972.88,15.88,84.12
2026-01-14,January,Q1,2026,American Airlines,AA,Star Air,XX,USD,245,270235.00,16214.10,3925.00,231606.99,13896.39,3351.30,38628.01,2317.71,573.70,14.29,85.71
2026-01-14,January,Q1,2026,Air India,AI,Star Air,XX,USD,231,73760.00,4425.60,1220.00,62164.61,3729.88,1047.17,11595.39,695.72,172.83,15.72,84.28
2026-01-14,January,Q1,2026,Qantas,QF,Star Air,XX,USD,711,720305.00,43218.30,10575.00,615713.95,36942.75,9017.74,104591.05,6275.55,1557.26,14.52,85.48
2026-01-14,January,Q1,2026,Emirates,EK,Star Air,XX,USD,229,63975.00,3838.50,725.00,53620.29,3217.27,625.69,10354.71,621.23,99.31,16.19,83.81
2025-03-18,March,Q1,2025,Air New Zealand,NZ,Star Air,XX,USD,249,189025.00,11341.50,2500.00,159882.86,9593.08,2099.09,29142.14,1748.42,400.91,15.42,84.58
2025-01-08,January,Q1,2025,American Airlines,AA,Star Air,XX,USD,501,527775.00,31666.50,9550.00,449921.44,26995.31,8212.12,77853.56,4671.19,1337.88,14.75,85.25
2025-03-18,March,Q1,2025,Thai Airways International,TG,Star Air,XX,USD,254,165430.00,9925.80,2460.00,140885.94,8453.11,2091.75,24544.06,1472.69,368.25,14.84,85.16
2025-03-18,March,Q1,2025,Air India,AI,Star Air,XX,USD,244,77300.00,4638.00,1615.00,64902.94,3894.15,1371.94,12397.06,743.85,243.06,16.04,83.96
2025-03-18,March,Q1,2025,Qantas,QF,Star Air,XX,USD,520,321635.00,19298.10,4810.00,271148.60,16269.02,4020.03,50486.40,3029.08,789.97,15.70,84.30
2025-03-18,March,Q1,2025,Jet Airways,9W,Star Air,XX,USD,245,71125.00,4267.50,925.00,59494.34,3569.64,760.82,11630.66,697.86,164.18,16.35,83.65
2025-01-08,January,Q1,2025,Qantas,QF,Star Air,XX,USD,752,783560.00,47013.60,10020.00,657785.89,39467.17,8554.42,125774.11,7546.43,1465.58,16.05,83.95
2025-03-18,March,Q1,2025,SIA,SQ,Star Air,XX,USD,510,210645.00,12638.70,3600.00,179067.51,10743.84,3049.44,31577.49,1894.86,550.56,14.99,85.01
2025-03-18,March,Q1,2025,Emirates,EK,Star Air,XX,USD,260,73425.00,4405.50,1605.00,62512.94,3750.71,1346.41,10912.06,654.79,258.59,14.86,85.14
2025-01-08,January,Q1,2025,Emirates,EK,Star Air,XX,USD,496,143360.00,8601.60,2410.00,121587.08,7295.18,2011.80,21772.92,1306.42,398.20,15.19,84.81
2025-01-08,January,Q1,2025,PIA,PK,Star Air,XX,USD,250,73610.00,4416.60,915.00,61997.32,3719.81,760.52,11612.68,696.79,154.48,15.78,84.22
2025-09-03,September,Q3,2025,Qantas,QF,Star Air,XX,USD,769,789425.00,47365.50,11485.00,670116.47,40207.01,9743.33,119308.53,7158.49,1741.67,15.11,84.89
2025-07-06,July,Q3,2025,Air France,AF,Star Air,XX,USD,256,249025.00,14941.50,4070.00,210458.14,12627.48,3510.99,38566.86,2314.02,559.01,15.49,84.51
2025-07-12,July,Q3,2025,JetBlue,B6,Star Air,XX,USD,219,336655.00,20199.30,4275.00,280238.22,16814.34,3615.29,56416.78,3384.96,659.71,16.76,83.24
2025-07-05,July,Q3,2025,Air India,AI,Star Air,XX,USD,264,92015.00,5520.90,1330.00,77881.83,4672.91,1147.76,14133.17,847.99,182.24,15.36,84.64
2025-07-06,July,Q3,2025,Air India,AI,Star Air,XX,USD,190,66245.00,3974.70,750.00,55666.71,3340.00,627.12,10578.29,634.70,122.88,15.97,84.03
2025-09-03,September,Q3,2025,Thai Airways International,TG,Star Air,XX,USD,247,161565.00,9693.90,2520.00,136184.19,8171.08,2078.95,25380.81,1522.82,441.05,15.71,84.29
2025-07-12,July,Q3,2025,Thai Airways International,TG,Star Air,XX,USD,256,189360.00,11361.60,3370.00,158566.57,9513.98,2891.33,30793.43,1847.62,478.67,16.26,83.74
2025-07-05,July,Q3,2025,Thai Airways International,TG,Star Air,XX,USD,239,168595.00,10115.70,2245.00,142111.38,8526.71,1945.09,26483.62,1588.99,299.91,15.71,84.29
2025-09-03,September,Q3,2025,Air India,AI,Star Air,XX,USD,226,78390.00,4703.40,830.00,66350.81,3981.04,707.27,12039.19,722.36,122.73,15.36,84.64
2025-07-05,July,Q3,2025,JetBlue,B6,Star Air,XX,USD,246,383250.00,22995.00,4320.00,327549.05,19652.97,3708.02,55700.95,3342.03,611.98,14.53,85.47
2025-07-06,July,Q3,2025,Emirates,EK,Star Air,XX,USD,477,156445.00,9386.70,2395.00,131029.39,7861.71,1977.84,25415.61,1524.99,417.16,16.25,83.75
2025-07-12,July,Q3,2025,American Airlines,AA,Star Air,XX,USD,513,613810.00,36828.60,7225.00,518550.00,31113.03,6188.00,95260.00,5715.57,1037.00,15.52,84.48
2025-07-06,July,Q3,2025,American Airlines,AA,Star Air,XX,USD,243,274305.00,16458.30,4650.00,231228.94,13873.77,3986.86,43076.06,2584.53,663.14,15.70,84.30
2025-07-05,July,Q3,2025,Qantas,QF,Star Air,XX,USD,488,517615.00,31056.90,7655.00,439064.58,26343.93,6591.43,78550.42,4712.97,1063.57,15.18,84.82
2025-07-06,July,Q3,2025,PIA,PK,Star Air,XX,USD,207,65080.00,3904.80,1255.00,54841.72,3290.47,1045.32,10238.28,614.33,209.68,15.73,84.27
2025-07-12,July,Q3,2025,Qantas,QF,Star Air,XX,USD,224,198880.00,11932.80,2365.00,171862.68,10311.74,2051.05,27017.32,1621.06,313.95,13.58,86.42
2025-07-12,July,Q3,2025,Air Canada,AC,Star Air,XX,USD,477,154330.00,9259.80,2620.00,130725.03,7843.54,2210.48,23604.97,1416.26,409.52,15.30,84.70
2025-07-12,July,Q3,2025,Emirates,EK,Star Air,XX,USD,728,236365.00,14181.90,3070.00,199655.65,11979.25,2566.02,36709.36,2202.65,503.98,15.53,84.47
2025-07-05,July,Q3,2025,Air Mauritius,MK,Star Air,XX,USD,239,165370.00,9922.20,2400.00,142130.71,8527.88,1990.60,23239.29,1394.32,409.40,14.05,85.95
2025-07-05,July,Q3,2025,Air Canada,AC,Star Air,XX,USD,252,84180.00,5050.80,1390.00,71944.34,4316.66,1210.30,12235.66,734.14,179.70,14.54,85.46
2025-09-03,September,Q3,2025,PIA,PK,Star Air,XX,USD,261,81315.00,4878.90,1455.00,69756.23,4185.38,1281.01,11558.77,693.52,173.99,14.21,85.79
2025-07-05,July,Q3,2025,American Airlines,AA,Star Air,XX,USD,258,316415.00,18984.90,4520.00,266785.72,16007.17,3839.20,49629.28,2977.73,680.80,15.68,84.32
2025-07-06,July,Q3,2025,JetBlue,B6,Star Air,XX,USD,243,373280.00,22396.80,5605.00,316913.11,19014.85,4733.36,56366.89,3381.95,871.64,15.10,84.90
2025-07-06,July,Q3,2025,Qantas,QF,Star Air,XX,USD,533,443770.00,26626.20,8035.00,377567.73,22654.02,6755.10,66202.27,3972.18,1279.90,14.92,85.08
2025-09-03,September,Q3,2025,American Airlines,AA,Star Air,XX,USD,270,299375.00,17962.50,4665.00,253183.14,15190.98,3882.09,46191.86,2771.52,782.91,15.43,84.57
2025-09-03,September,Q3,2025,Air Canada,AC,Star Air,XX,USD,231,71125.00,4267.50,1355.00,61243.34,3674.59,1184.93,9881.66,592.91,170.07,13.89,86.11
2025-09-03,September,Q3,2025,Emirates,EK,Star Air,XX,USD,235,74760.00,4485.60,845.00,63824.49,3829.41,738.56,10935.51,656.19,106.44,14.63,85.37
2025-07-05,July,Q3,2025,Emirates,EK,Star Air,XX,USD,469,149600.00,8976.00,2115.00,126675.31,7600.50,1796.52,22924.69,1375.50,318.48,15.32,84.68
2025-07-05,July,Q3,2025,SIA,SQ,Star Air,XX,USD,255,122025.00,7321.50,1430.00,101623.87,6097.43,1191.22,20401.13,1224.07,238.78,16.72,83.28
2025-12-13,December,Q4,2025,Air India,AI,Star Air,XX,USD,258,77505.00,4650.30,680.00,65565.53,3933.97,1032.10,11939.47,716.33,-352.10,15.40,84.60
2025-06-23,June,Q2,2025,Air Mauritius,MK,Star Air,XX,USD,248,167720.00,10063.20,1975.00,141843.14,8510.68,1662.30,25876.87,1552.52,312.70,15.43,84.57
2025-06-23,June,Q2,2025,Qantas,QF,Star Air,XX,USD,248,338340.00,20300.40,6325.00,286668.44,17200.05,5371.34,51671.56,3100.35,953.66,15.27,84.73
2025-12-03,December,Q4,2025,Qantas,QF,Star Air,XX,USD,992,1021685.00,61301.10,22585.00,861600.05,51695.94,13188.41,160084.95,9605.16,9396.59,15.67,84.33
2025-06-06,June,Q2,2025,Air New Zealand,NZ,Star Air,XX,USD,247,208905.00,12534.30,3140.00,177869.41,10672.15,2735.41,31035.59,1862.15,404.59,14.86,85.14
2025-06-06,June,Q2,2025,Qantas,QF,Star Air,XX,USD,497,369845.00,22190.70,5140.00,311083.27,18665.02,4348.86,58761.73,3525.68,791.14,15.89,84.11
2025-06-06,June,Q2,2025,Siberia Airlines,S7,Star Air,XX,USD,1,745.00,44.70,0.00,625.19,37.51,0.00,119.81,7.19,0.00,16.08,83.92
2025-05-26,May,Q2,2025,Qantas,QF,Star Air,XX,USD,240,155305.00,9318.30,1905.00,131161.55,7869.76,1596.59,24143.45,1448.54,308.41,15.55,84.45
2025-05-26,May,Q2,2025,Siberia Airlines,S7,Star Air,XX,USD,1,1070.00,64.20,0.00,932.24,55.93,0.00,137.76,8.27,0.00,12.87,87.13
2025-06-06,June,Q2,2025,Thai Airways International,TG,Star Air,XX,USD,246,173615.00,10416.90,3230.00,146458.09,8787.47,2753.36,27156.91,1629.43,476.64,15.64,84.36
2025-05-26,May,Q2,2025,Jet Airways,9W,Star Air,XX,USD,244,72945.00,4376.70,890.00,61952.89,3717.23,764.13,10992.11,659.47,125.87,15.07,84.93
2025-06-06,June,Q2,2025,Air Canada,AC,Star Air,XX,USD,241,78795.00,4727.70,1340.00,66437.21,3986.21,1151.92,12357.79,741.49,188.08,15.68,84.32
2025-05-26,May,Q2,2025,Emirates,EK,Star Air,XX,USD,241,73390.00,4403.40,705.00,61817.56,3708.96,610.75,11572.44,694.44,94.25,15.77,84.23
2025-06-06,June,Q2,2025,Emirates,EK,Star Air,XX,USD,510,160670.00,9640.20,2590.00,136071.96,8164.23,2202.16,24598.04,1475.97,387.84,15.31,84.69
2025-02-11,February,Q1,2025,JetBlue,B6,Star Air,XX,USD,248,326585.00,19595.10,5770.00,277390.64,16643.43,4834.46,49194.36,2951.67,935.54,15.06,84.94
2025-02-11,February,Q1,2025,Qantas,QF,Star Air,XX,USD,782,488660.00,29319.60,6915.00,415342.43,24920.69,5919.43,73317.57,4398.91,995.57,15.00,85.00
2025-03-26,March,Q1,2025,Qantas,QF,Star Air,XX,USD,505,459775.00,27586.50,6540.00,390027.62,23401.52,5440.95,69747.38,4184.98,1099.05,15.17,84.83
2025-03-26,March,Q1,2025,Air India,AI,Star Air,XX,USD,242,81370.00,4882.20,1120.00,68248.87,4095.01,948.91,13121.13,787.19,171.09,16.13,83.87
2025-03-26,March,Q1,2025,Thai Airways International,TG,Star Air,XX,USD,252,163195.00,9791.70,1490.00,138789.31,8327.35,1290.61,24405.69,1464.35,199.39,14.95,85.05
2025-02-11,February,Q1,2025,Jet Airways,9W,Star Air,XX,USD,255,69245.00,4154.70,1005.00,58998.29,3539.89,892.19,10246.71,614.81,112.81,14.80,85.20
2025-02-11,February,Q1,2025,Air New Zealand,NZ,Star Air,XX,USD,266,80645.00,4838.70,1480.00,68293.06,4097.62,1252.58,12351.94,741.08,227.42,15.32,84.68
2025-03-26,March,Q1,2025,British Airways,BA,Star Air,XX,USD,459,251655.00,15099.30,3120.00,212287.26,12737.12,2619.67,39367.74,2362.18,500.33,15.64,84.36
2025-02-11,February,Q1,2025,SIA,SQ,Star Air,XX,USD,527,226620.00,13597.20,4830.00,190671.81,11440.19,4051.57,35948.19,2157.01,778.43,15.86,84.14
2025-02-11,February,Q1,2025,Air Mauritius,MK,Star Air,XX,USD,237,152015.00,9120.90,2020.00,128741.72,7724.46,1796.42,23273.28,1396.44,223.58,15.31,84.69
2025-02-11,February,Q1,2025,Emirates,EK,Star Air,XX,USD,254,69220.00,4153.20,850.00,58444.01,3506.62,732.08,10775.99,646.58,117.92,15.57,84.43
2025-03-26,March,Q1,2025,American Airlines,AA,Star Air,XX,USD,258,292300.00,17538.00,3585.00,246876.39,14812.64,3017.77,45423.61,2725.36,567.23,15.54,84.46
2025-02-11,February,Q1,2025,Air Canada,AC,Star Air,XX,USD,250,67850.00,4071.00,1330.00,57517.26,3450.97,1145.44,10332.74,620.03,184.56,15.23,84.77
2025-03-26,March,Q1,2025,Emirates,EK,Star Air,XX,USD,246,72885.00,4373.10,1510.00,62459.72,3747.55,1339.21,10425.28,625.55,170.79,14.30,85.70
2025-06-14,June,Q2,2025,Jet Airways,9W,Star Air,XX,USD,242,79040.00,4742.40,930.00,66389.86,3983.38,791.05,12650.14,759.02,138.95,16.00,84.00
2025-06-14,June,Q2,2025,Air Mauritius,MK,Star Air,XX,USD,230,157840.00,9470.40,2845.00,134467.73,8068.09,2465.21,23372.27,1402.31,379.79,14.81,85.19
2025-06-14,June,Q2,2025,British Airways,BA,Star Air,XX,USD,242,133240.00,7994.40,1890.00,113296.33,6797.79,1607.81,19943.67,1196.61,282.19,14.97,85.03
2025-06-14,June,Q2,2025,Air Canada,AC,Star Air,XX,USD,229,73630.00,4417.80,935.00,62699.41,3761.96,785.96,10930.59,655.84,149.04,14.85,85.15
2025-06-14,June,Q2,2025,Qantas,QF,Star Air,XX,USD,236,306810.00,18408.60,4080.00,258224.91,14620.04,3484.68,48585.09,3788.56,595.32,15.84,84.16
2025-06-14,June,Q2,2025,Emirates,EK,Star Air,XX,USD,244,78570.00,4714.20,1025.00,66020.20,3961.21,851.13,12549.80,752.99,173.87,15.97,84.03
2025-07-19,July,Q3,2025,Jet Airways,9W,Star Air,XX,USD,238,68955.00,4137.30,1345.00,59222.04,3553.34,1114.96,9732.96,583.96,230.04,14.11,85.89
2025-07-23,July,Q3,2025,Thai Airways International,TG,Star Air,XX,USD,249,180365.00,10821.90,2930.00,151179.52,9070.78,2484.33,29185.48,1751.12,445.67,16.18,83.82
2025-07-23,July,Q3,2025,Qantas,QF,Star Air,XX,USD,764,839605.00,50376.30,12575.00,711741.22,42704.49,10664.82,127863.78,7671.81,1910.18,15.23,84.77
2025-07-19,July,Q3,2025,Thai Airways International,TG,Star Air,XX,USD,251,180425.00,10825.50,2405.00,154239.35,9254.37,1977.60,26185.65,1571.13,427.40,14.51,85.49
2025-07-23,July,Q3,2025,Air India,AI,Star Air,XX,USD,232,86910.00,5214.60,1475.00,74430.27,4465.78,1320.02,12479.73,748.82,154.98,14.36,85.64
2025-07-19,July,Q3,2025,JetBlue,B6,Star Air,XX,USD,243,343475.00,20608.50,3850.00,291447.90,17486.89,3243.00,52027.10,3121.61,607.00,15.15,84.85
2025-07-19,July,Q3,2025,American Airlines,AA,Star Air,XX,USD,500,608065.00,36483.90,8700.00,515332.82,30919.90,7344.30,92732.18,5564.00,1355.70,15.25,84.75
2025-07-23,July,Q3,2025,American Airlines,AA,Star Air,XX,USD,219,246675.00,14800.50,4945.00,207269.46,12436.22,4093.92,39405.54,2364.28,851.08,15.97,84.03
2025-07-23,July,Q3,2025,British Airways,BA,Star Air,XX,USD,249,131995.00,7919.70,2085.00,112244.66,6734.71,1774.86,19750.34,1184.99,310.14,14.96,85.04
2025-07-19,July,Q3,2025,Qantas,QF,Star Air,XX,USD,481,512085.00,30725.10,6705.00,432718.45,25963.16,5690.21,79366.55,4761.94,1014.79,15.50,84.50
2025-07-19,July,Q3,2025,Air Canada,AC,Star Air,XX,USD,235,87885.00,5273.10,1055.00,73706.46,4422.47,902.69,14178.54,850.63,152.31,16.13,83.87
2025-12-14,December,Q4,2025,Air France,AF,Star Air,XX,USD,240,199290.00,11957.40,8175.00,170017.30,10201.15,2730.22,29272.70,1756.25,5444.78,14.69,85.31
2025-07-19,July,Q3,2025,Emirates,EK,Star Air,XX,USD,244,74765.00,4485.90,850.00,63602.01,3816.07,737.78,11162.99,669.83,112.22,14.93,85.07
2025-07-19,July,Q3,2025,SIA,SQ,Star Air,XX,USD,263,122400.00,7344.00,2370.00,103716.35,6223.06,2024.98,18683.65,1120.94,345.02,15.26,84.74
2025-07-23,July,Q3,2025,Air Canada,AC,Star Air,XX,USD,244,79325.00,4759.50,1225.00,67278.74,4036.76,1037.01,12046.26,722.74,187.99,15.19,84.81
2025-10-22,October,Q4,2025,American Airlines,AA,Star Air,XX,USD,243,285025.00,17101.50,4455.00,244475.02,14668.43,5257.38,40549.98,2433.07,-802.38,14.23,85.77
2025-12-03,December,Q4,2025,British Airways,BA,Star Air,XX,USD,486,230570.00,13834.20,6215.00,193717.82,11623.02,2419.35,36852.18,2211.18,3795.65,15.98,84.02
2025-12-03,December,Q4,2025,American Airlines,AA,Star Air,XX,USD,255,266830.00,16009.80,8330.00,224434.04,13466.06,3252.15,42395.96,2543.74,5077.85,15.89,84.11
2025-10-22,October,Q4,2025,Emirates,EK,Star Air,XX,USD,476,138730.00,8323.80,3930.00,116353.70,6981.24,2282.27,22376.30,1342.56,1647.73,16.13,83.87
2025-10-22,October,Q4,2025,PIA,PK,Star Air,XX,USD,253,71190.00,4271.40,470.00,60120.61,3607.25,682.86,11069.39,664.15,-212.86,15.55,84.45
2025-10-22,October,Q4,2025,British Airways,BA,Star Air,XX,USD,240,125570.00,7534.20,4435.00,107682.15,6460.96,1205.42,17887.85,1073.24,3229.58,14.25,85.75
2025-10-22,October,Q4,2025,Air Canada,AC,Star Air,XX,USD,261,79650.00,4779.00,1810.00,66498.88,3989.88,930.75,13151.12,789.12,879.25,16.51,83.49
2025-10-22,October,Q4,2025,Malaysia Airlines,MH,Star Air,XX,USD,1,395.00,23.70,0.00,297.96,17.88,0.00,97.04,5.82,0.00,24.57,75.43
2025-10-22,October,Q4,2025,Qantas,QF,Star Air,XX,USD,479,609690.00,36581.40,11785.00,514950.70,30897.04,5941.99,94739.30,5684.36,5843.01,15.54,84.46
2025-12-03,December,Q4,2025,Air Canada,AC,Star Air,XX,USD,476,135405.00,8124.30,4170.00,115396.24,6923.78,1875.65,20008.77,1200.52,2294.35,14.78,85.22
2025-12-03,December,Q4,2025,Emirates,EK,Star Air,XX,USD,242,75070.00,4504.20,1945.00,62976.73,3778.58,980.67,12093.27,725.62,964.33,16.11,83.89
2026-03-18,March,Q1,2026,Qantas,QF,Star Air,XX,USD,930,759800.00,45588.00,11425.00,647115.63,38826.93,9687.24,112684.37,6761.07,1737.76,14.83,85.17
2026-03-18,March,Q1,2026,Thai Airways International,TG,Star Air,XX,USD,245,162860.00,9771.60,2995.00,137501.93,8250.06,2482.66,25358.07,1521.54,512.34,15.57,84.43
2026-01-11,January,Q1,2026,Air India,AI,Star Air,XX,USD,247,74440.00,4466.40,925.00,62992.52,3779.57,809.33,11447.48,686.83,115.67,15.38,84.62
2026-01-11,January,Q1,2026,Thai Airways International,TG,Star Air,XX,USD,244,148290.00,8897.40,2140.00,126553.19,7593.22,1798.18,21736.81,1304.18,341.82,14.66,85.34
2026-03-18,March,Q1,2026,Air France,AF,Star Air,XX,USD,242,212055.00,12723.30,3240.00,179313.35,10758.76,2775.97,32741.65,1964.54,464.03,15.44,84.56
2026-01-11,January,Q1,2026,American Airlines,AA,Star Air,XX,USD,484,506895.00,30413.70,7025.00,429615.05,25776.91,5971.00,77279.95,4636.79,1054.00,15.25,84.75
2026-01-11,January,Q1,2026,Qantas,QF,Star Air,XX,USD,499,318275.00,19096.50,5525.00,270245.65,16214.78,4744.63,48029.35,2881.72,780.37,15.09,84.91
2026-01-11,January,Q1,2026,Air Canada,AC,Star Air,XX,USD,247,64370.00,3862.20,900.00,54801.51,3288.11,746.80,9568.49,574.09,153.20,14.86,85.14
2026-03-18,March,Q1,2026,American Airlines,AA,Star Air,XX,USD,246,254845.00,15290.70,3255.00,215622.01,12937.40,2789.13,39222.99,2353.30,465.87,15.39,84.61
2026-01-11,January,Q1,2026,British Airways,BA,Star Air,XX,USD,257,121860.00,7311.60,1645.00,102932.93,6175.97,1401.72,18927.07,1135.63,243.28,15.53,84.47
2026-01-11,January,Q1,2026,JetBlue,B6,Star Air,XX,USD,240,315115.00,18906.90,4545.00,266437.73,15986.22,3890.62,48677.27,2920.68,654.38,15.45,84.55
2026-03-18,March,Q1,2026,PIA,PK,Star Air,XX,USD,253,75710.00,4542.60,830.00,63599.13,3815.92,683.17,12110.87,726.68,146.83,16.00,84.00
2026-03-18,March,Q1,2026,Blue Panorama,BV,Star Air,XX,USD,244,75000.00,4500.00,1540.00,63389.81,3803.26,1284.02,11610.19,696.74,255.98,15.48,84.52
2026-02-02,February,Q1,2026,Qantas,QF,Star Air,XX,USD,738,578660.00,34719.60,8495.00,489967.31,29398.10,7159.26,88692.69,5321.50,1335.74,15.33,84.67
2026-02-02,February,Q1,2026,Jet Airways,9W,Star Air,XX,USD,248,60800.00,3648.00,910.00,51936.38,3116.14,795.13,8863.62,531.86,114.87,14.58,85.42
2025-12-14,December,Q4,2025,PIA,PK,Star Air,XX,USD,234,63520.00,3811.20,34320.00,53919.75,3235.20,752.57,9600.25,576.00,33567.43,15.11,84.89
2025-12-14,December,Q4,2025,Blue Panorama,BV,Star Air,XX,USD,235,62160.00,3729.60,7065.00,52516.68,3150.95,644.88,9643.32,578.65,6420.12,15.51,84.49
2025-12-14,December,Q4,2025,Qantas,QF,Star Air,XX,USD,716,744135.00,44648.10,9230.00,628379.41,37702.62,8885.32,115755.59,6945.48,344.68,15.56,84.44
2025-12-14,December,Q4,2025,Emirates,EK,Star Air,XX,USD,720,209055.00,12543.30,2970.00,176754.22,10605.16,2203.54,32300.78,1938.14,766.46,15.45,84.55
2025-12-14,December,Q4,2025,Air Canada,AC,Star Air,XX,USD,242,79045.00,4742.70,1210.00,67593.55,4055.53,1297.37,11451.45,687.17,-87.37,14.49,85.51
2025-12-14,December,Q4,2025,Vietnam Airlines,VN,Star Air,XX,USD,1,805.00,48.30,0.00,618.57,37.11,0.00,186.43,11.19,0.00,23.16,76.84
2025-12-14,December,Q4,2025,JetBlue,B6,Star Air,XX,USD,243,323495.00,19409.70,9645.00,272871.80,16372.28,3539.82,50623.20,3037.42,6105.18,15.65,84.35
2026-01-13,January,Q1,2026,Jet Airways,9W,Star Air,XX,USD,469,125180.00,7510.80,1435.00,106220.33,6373.19,1232.84,18959.67,1137.61,202.16,15.15,84.85
2026-01-13,January,Q1,2026,JetBlue,B6,Star Air,XX,USD,250,365335.00,21920.10,6065.00,306964.87,18417.90,5249.17,58370.13,3502.20,815.83,15.98,84.02
2026-02-07,February,Q1,2026,Air India,AI,Star Air,XX,USD,251,78015.00,4680.90,1440.00,65369.30,3922.15,1213.09,12645.70,758.75,226.91,16.21,83.79
2026-03-27,March,Q1,2026,Air India,AI,Star Air,XX,USD,262,88490.00,5309.40,1450.00,74087.90,4445.28,1223.49,14402.10,864.12,226.51,16.28,83.72
2026-01-13,January,Q1,2026,Qantas,QF,Star Air,XX,USD,703,430940.00,25856.40,6285.00,362899.45,21774.08,5277.65,68040.55,4082.32,1007.35,15.79,84.21
2026-03-27,March,Q1,2026,Thai Airways International,TG,Star Air,XX,USD,242,153800.00,9228.00,2435.00,129676.85,7780.59,2079.67,24123.15,1447.41,355.33,15.68,84.32
2026-02-19,February,Q1,2026,JetBlue,B6,Star Air,XX,USD,236,308785.00,18527.10,5540.00,262739.74,15764.33,4703.08,46045.26,2762.77,836.92,14.91,85.09
2026-03-27,March,Q1,2026,British Airways,BA,Star Air,XX,USD,240,124930.00,7495.80,2640.00,106931.56,6415.80,2339.63,17998.44,1080.00,300.37,14.41,85.59
2026-02-07,February,Q1,2026,Jet Airways,9W,Star Air,XX,USD,250,66620.00,3997.20,770.00,56925.36,3415.54,661.17,9694.64,581.66,108.83,14.55,85.45
2026-02-07,February,Q1,2026,PIA,PK,Star Air,XX,USD,234,65655.00,3939.30,1030.00,56096.54,3365.73,841.46,9558.46,573.57,188.54,14.56,85.44
2026-03-27,March,Q1,2026,Jet Airways,9W,Star Air,XX,USD,246,77620.00,4657.20,1085.00,66733.84,4004.04,951.87,10886.16,653.16,133.13,14.02,85.98
2026-03-27,March,Q1,2026,American Airlines,AA,Star Air,XX,USD,256,286635.00,17198.10,4365.00,239352.09,14361.16,3707.16,47282.92,2836.94,657.84,16.50,83.50
2026-02-07,February,Q1,2026,JetBlue,B6,Star Air,XX,USD,221,293220.00,17593.20,3200.00,247315.59,14838.91,2716.21,45904.41,2754.29,483.79,15.66,84.34
2026-02-19,February,Q1,2026,Qantas,QF,Star Air,XX,USD,245,171300.00,10278.00,2640.00,146114.95,8766.87,2254.74,25185.05,1511.13,385.26,14.70,85.30
2026-02-07,February,Q1,2026,American Airlines,AA,Star Air,XX,USD,245,269310.00,16158.60,2815.00,227893.49,13673.58,2386.84,41416.51,2485.02,428.16,15.38,84.62
2026-01-13,January,Q1,2026,Emirates,EK,Star Air,XX,USD,251,71200.00,4272.00,905.00,59692.39,3581.43,759.30,11507.61,690.57,145.70,16.16,83.84
2026-02-07,February,Q1,2026,Qantas,QF,Star Air,XX,USD,254,297265.00,17835.90,4515.00,254901.93,15294.08,3896.68,42363.07,2541.82,618.32,14.25,85.75
2026-02-07,February,Q1,2026,Emirates,EK,Star Air,XX,USD,223,62360.00,3741.60,815.00,52913.51,3174.80,705.16,9446.49,566.80,109.84,15.15,84.85
2026-03-27,March,Q1,2026,Air Canada,AC,Star Air,XX,USD,488,143355.00,8601.30,2060.00,121847.08,7310.74,1784.88,21507.92,1290.56,275.12,15.00,85.00
2026-03-27,March,Q1,2026,Emirates,EK,Star Air,XX,USD,734,223830.00,13429.80,2880.00,189326.99,11359.64,2432.82,34503.01,2070.16,447.18,15.41,84.59
2026-01-13,January,Q1,2026,SIA,SQ,Star Air,XX,USD,261,102310.00,6138.60,1720.00,87291.02,5237.44,1423.67,15018.98,901.16,296.33,14.68,85.32
2026-02-19,February,Q1,2026,Blue Panorama,BV,Star Air,XX,USD,245,69745.00,4184.70,1165.00,58556.74,3513.33,991.10,11188.26,671.37,173.90,16.04,83.96
2026-02-19,February,Q1,2026,Air Canada,AC,Star Air,XX,USD,253,69440.00,4166.40,1340.00,58497.21,3509.87,1114.01,10942.79,656.53,225.99,15.76,84.24
2026-02-19,February,Q1,2026,Emirates,EK,Star Air,XX,USD,241,66845.00,4010.70,1210.00,56629.67,3397.77,1040.75,10215.33,612.93,169.25,15.28,84.72
2025-12-16,December,Q4,2025,Jet Airways,9W,Star Air,XX,USD,485,128940.00,7736.40,13150.00,108603.46,6516.26,1681.66,20336.54,1220.14,11468.34,15.77,84.23
2025-11-02,November,Q4,2025,Air France,AF,Star Air,XX,USD,223,191855.00,11511.30,8740.00,162589.82,9755.47,2717.98,29265.18,1755.83,6022.02,15.25,84.75
2025-12-16,December,Q4,2025,Qantas,QF,Star Air,XX,USD,487,312705.00,18762.30,3765.00,263945.92,15836.73,4481.19,48759.08,2925.57,-716.19,15.59,84.41
2025-11-02,November,Q4,2025,Qantas,QF,Star Air,XX,USD,490,474380.00,28462.80,6665.00,402091.84,24125.45,4856.43,72288.16,4337.35,1808.57,15.24,84.76
2025-12-16,December,Q4,2025,SIA,SQ,Star Air,XX,USD,251,108720.00,6523.20,690.00,91615.94,5496.91,784.51,17104.06,1026.29,-94.51,15.73,84.27
2025-11-02,November,Q4,2025,Emirates,EK,Star Air,XX,USD,438,127200.00,7632.00,1435.00,107318.64,6438.99,1606.73,19881.36,1193.01,-171.73,15.63,84.37
2025-11-02,November,Q4,2025,Blue Panorama,BV,Star Air,XX,USD,241,70635.00,4238.10,12260.00,60135.95,3608.11,839.27,10499.05,629.99,11420.73,14.86,85.14
2025-12-16,December,Q4,2025,Air Mauritius,MK,Star Air,XX,USD,225,133205.00,7992.30,825.00,113177.96,6790.63,1664.43,20027.04,1201.67,-839.43,15.03,84.97
2026-01-27,January,Q1,2026,Thai Airways International,TG,Star Air,XX,USD,252,155960.00,9357.60,1845.00,132062.80,7923.92,1557.25,23897.20,1433.68,287.75,15.32,84.68
2026-03-15,March,Q1,2026,Qantas,QF,Star Air,XX,USD,729,514290.00,30857.40,9735.00,438015.94,26281.05,8317.20,76274.06,4576.35,1417.80,14.83,85.17
2026-01-27,January,Q1,2026,Jet Airways,9W,Star Air,XX,USD,254,66720.00,4003.20,1045.00,55850.53,3350.91,884.34,10869.47,652.29,160.66,16.29,83.71
2026-01-27,January,Q1,2026,Qantas,QF,Star Air,XX,USD,474,309170.00,18550.20,5345.00,263140.73,15788.40,4534.26,46029.27,2761.80,810.74,14.89,85.11
2026-01-27,January,Q1,2026,Air New Zealand,NZ,Star Air,XX,USD,244,74660.00,4479.60,1215.00,63646.14,3818.82,1066.58,11013.86,660.78,148.42,14.75,85.25
2026-03-15,March,Q1,2026,Air Mauritius,MK,Star Air,XX,USD,249,166330.00,9979.80,2360.00,139035.12,8342.06,1952.90,27294.88,1637.74,407.10,16.41,83.59
2026-03-15,March,Q1,2026,Emirates,EK,Star Air,XX,USD,249,69850.00,4191.00,1075.00,58702.95,3522.11,894.70,11147.05,668.89,180.30,15.96,84.04
2026-01-27,January,Q1,2026,Emirates,EK,Star Air,XX,USD,254,68905.00,4134.30,990.00,58013.41,3480.76,850.00,10891.59,653.54,140.00,15.81,84.19
2026-03-15,March,Q1,2026,Air India,AI,Star Air,XX,USD,249,66920.00,4015.20,890.00,56518.43,3391.12,778.30,10401.57,624.08,111.70,15.54,84.46
2026-01-27,January,Q1,2026,Air Mauritius,MK,Star Air,XX,USD,243,144030.00,8641.80,2290.00,122135.24,7328.12,1899.19,21894.76,1313.68,390.81,15.20,84.80
2026-01-27,January,Q1,2026,Air Canada,AC,Star Air,XX,USD,250,67190.00,4031.40,975.00,56995.00,3419.73,841.87,10195.00,611.67,133.13,15.17,84.83
2025-10-14,October,Q4,2025,Vietnam Airlines,VN,Star Air,XX,USD,1,360.00,21.60,0.00,335.75,20.14,0.00,24.25,1.46,0.00,6.74,93.26
2025-10-14,October,Q4,2025,Qantas,QF,Star Air,XX,USD,246,156890.00,9413.40,2255.00,133167.62,7990.06,2453.81,23722.38,1423.34,-198.81,15.12,84.88
2025-10-14,October,Q4,2025,SIA,SQ,Star Air,XX,USD,244,103535.00,6212.10,1135.00,87687.01,5261.20,1350.17,15847.99,950.90,-215.17,15.31,84.69
2025-10-14,October,Q4,2025,Emirates,EK,Star Air,XX,USD,245,70735.00,4244.10,685.00,60579.98,3634.78,811.07,10155.02,609.32,-126.07,14.36,85.64
2025-10-14,October,Q4,2025,PIA,PK,Star Air,XX,USD,246,71515.00,4290.90,815.00,60368.64,3622.09,1267.26,11146.36,668.81,-452.26,15.59,84.41
2025-10-14,October,Q4,2025,Air Mauritius,MK,Star Air,XX,USD,247,153630.00,9217.80,1060.00,129210.70,7752.61,1704.96,24419.30,1465.19,-644.96,15.89,84.11
2026-02-17,February,Q1,2026,JetBlue,B6,Star Air,XX,USD,253,325460.00,19527.60,3955.00,277559.24,16653.60,3394.64,47900.76,2874.00,560.36,14.72,85.28
2026-02-17,February,Q1,2026,Thai Airways International,TG,Star Air,XX,USD,251,163290.00,9797.40,1780.00,137514.87,8250.83,1479.96,25775.13,1546.57,300.04,15.78,84.22
2026-02-17,February,Q1,2026,Jet Airways,9W,Star Air,XX,USD,486,129100.00,7746.00,1490.00,109820.61,6589.22,1282.84,19279.39,1156.78,207.16,14.93,85.07
2026-01-03,January,Q1,2026,British Airways,BA,Star Air,XX,USD,235,104360.00,6261.60,1635.00,87930.36,5275.79,1353.64,16429.64,985.81,281.36,15.74,84.26
2026-02-17,February,Q1,2026,Air India,AI,Star Air,XX,USD,240,77955.00,4677.30,1105.00,66400.61,3984.10,960.56,11554.39,693.20,144.44,14.82,85.18
2026-01-03,January,Q1,2026,Air Canada,AC,Star Air,XX,USD,248,66725.00,4003.50,950.00,56648.30,3398.90,809.65,10076.70,604.60,140.35,15.10,84.90
2026-01-03,January,Q1,2026,Emirates,EK,Star Air,XX,USD,475,130820.00,7849.20,1935.00,110534.48,6632.01,1607.12,20285.52,1217.19,327.88,15.51,84.49
2026-01-03,January,Q1,2026,American Airlines,AA,Star Air,XX,USD,264,260700.00,15642.00,3600.00,222046.70,13322.77,3076.65,38653.30,2319.23,523.35,14.83,85.17
2026-01-03,January,Q1,2026,SIA,SQ,Star Air,XX,USD,261,118010.00,7080.60,1765.00,101134.03,6067.88,1478.34,16875.97,1012.72,286.66,14.30,85.70
2026-02-17,February,Q1,2026,PIA,PK,Star Air,XX,USD,243,68305.00,4098.30,900.00,57360.18,3441.57,764.61,10944.82,656.73,135.39,16.02,83.98
2025-12-12,December,Q4,2025,Thai Airways International,TG,Star Air,XX,USD,251,155555.00,9333.30,13890.00,131675.15,7900.53,2649.62,23879.85,1432.77,11240.38,15.35,84.65
2025-12-12,December,Q4,2025,PIA,PK,Star Air,XX,USD,244,70485.00,4229.10,21475.00,60077.11,3604.65,569.11,10407.90,624.45,20905.89,14.77,85.23
2025-12-31,December,Q4,2025,Qantas,QF,Star Air,XX,USD,686,751300.00,45078.00,13730.00,633794.82,38027.74,9633.91,117505.18,7050.26,4096.09,15.64,84.36
2025-10-30,October,Q4,2025,Qantas,QF,Star Air,XX,USD,915,823475.00,49408.50,12735.00,693324.02,41599.50,10174.09,130150.98,7809.00,2560.91,15.81,84.19
2025-12-31,December,Q4,2025,American Airlines,AA,Star Air,XX,USD,219,232000.00,13920.00,2235.00,193437.24,11606.21,2728.16,38562.76,2313.79,-493.16,16.62,83.38
2025-12-31,December,Q4,2025,British Airways,BA,Star Air,XX,USD,492,247345.00,14840.70,6405.00,208743.05,12524.47,3205.91,38601.95,2316.23,3199.09,15.61,84.39
2025-12-31,December,Q4,2025,Emirates,EK,Star Air,XX,USD,242,68805.00,4128.30,575.00,58686.80,3521.17,729.92,10118.20,607.13,-154.92,14.71,85.29
2025-10-30,October,Q4,2025,Blue Panorama,BV,Star Air,XX,USD,248,79330.00,4759.80,490.00,67507.69,4050.40,811.10,11822.31,709.40,-321.10,14.90,85.10
2025-10-30,October,Q4,2025,PIA,PK,Star Air,XX,USD,233,70260.00,4215.60,660.00,59423.61,3565.41,792.92,10836.39,650.19,-132.92,15.42,84.58
2025-10-30,October,Q4,2025,Air Mauritius,MK,Star Air,XX,USD,246,156130.00,9367.80,975.00,132359.12,7941.55,1774.06,23770.88,1426.25,-799.06,15.23,84.77
2025-10-30,October,Q4,2025,American Airlines,AA,Star Air,XX,USD,250,245625.00,14737.50,8500.00,209086.17,12545.18,3276.40,36538.83,2192.32,5223.60,14.88,85.12
2025-12-12,December,Q4,2025,Emirates,EK,Star Air,XX,USD,237,69000.00,4140.00,1250.00,58944.51,3536.73,492.11,10055.49,603.27,757.89,14.57,85.43
2025-10-30,October,Q4,2025,Air Canada,AC,Star Air,XX,USD,243,75270.00,4516.20,2160.00,64113.84,3846.81,1134.63,11156.16,669.39,1025.37,14.82,85.18
2025-12-31,December,Q4,2025,Air Canada,AC,Star Air,XX,USD,500,144570.00,8674.20,3675.00,120737.85,7244.26,1710.42,23832.15,1429.94,1964.58,16.48,83.52
2026-02-09,February,Q1,2026,Qantas,QF,Star Air,XX,USD,720,547880.00,32872.80,7755.00,467900.80,28073.95,6517.54,79979.20,4798.85,1237.46,14.60,85.40
2026-02-09,February,Q1,2026,Jet Airways,9W,Star Air,XX,USD,238,61375.00,3682.50,880.00,52062.05,3123.76,777.36,9312.95,558.74,102.64,15.17,84.83
2026-02-09,February,Q1,2026,Emirates,EK,Star Air,XX,USD,491,140640.00,8438.40,2315.00,119176.40,7150.52,1924.00,21463.60,1287.88,391.00,15.26,84.74
2026-02-09,February,Q1,2026,Air India,AI,Star Air,XX,USD,252,65625.00,3937.50,840.00,55476.13,3328.52,719.60,10148.87,608.98,120.40,15.46,84.54
2025-05-29,May,Q2,2025,Qantas,QF,Star Air,XX,USD,704,616345.00,36980.70,9605.00,521084.06,31265.08,8128.99,95260.94,5715.62,1476.01,15.46,84.54
2025-05-29,May,Q2,2025,JetBlue,B6,Star Air,XX,USD,247,385570.00,23134.20,5110.00,327543.76,19652.60,4461.85,58026.24,3481.60,648.15,15.05,84.95
2025-05-29,May,Q2,2025,Air India,AI,Star Air,XX,USD,238,72605.00,4356.30,1210.00,61271.90,3676.35,1037.27,11333.10,679.95,172.73,15.61,84.39
2025-05-29,May,Q2,2025,Siberia Airlines,S7,Star Air,XX,USD,1,1775.00,106.50,0.00,1458.89,87.53,0.00,316.11,18.97,0.00,17.81,82.19
2025-09-05,September,Q3,2025,Air New Zealand,NZ,Star Air,XX,USD,484,278915.00,16734.90,6000.00,236201.67,14172.09,5007.49,42713.33,2562.81,992.51,15.31,84.69
2025-09-05,September,Q3,2025,Qantas,QF,Star Air,XX,USD,489,294290.00,17657.40,4500.00,247282.26,14836.83,3827.29,47007.74,2820.57,672.71,15.97,84.03
2025-05-29,May,Q2,2025,American Airlines,AA,Star Air,XX,USD,250,247930.00,14875.80,2860.00,208977.75,11617.41,2369.63,38952.25,3258.39,490.37,15.71,84.29
2025-09-05,September,Q3,2025,Jet Airways,9W,Star Air,XX,USD,245,70205.00,4212.30,1050.00,59556.70,3573.31,904.16,10648.30,638.99,145.84,15.17,84.83
2025-09-05,September,Q3,2025,Thai Airways International,TG,Star Air,XX,USD,247,162175.00,9730.50,2620.00,137386.85,8243.16,2177.54,24788.15,1487.34,442.46,15.28,84.72
2025-08-02,August,Q3,2025,Jet Airways,9W,Star Air,XX,USD,244,69460.00,4167.60,895.00,59124.23,3547.43,745.41,10335.77,620.17,149.59,14.88,85.12
2025-08-11,August,Q3,2025,Qantas,QF,Star Air,XX,USD,500,476495.00,28589.70,6835.00,403333.81,24200.00,5804.57,73161.19,4389.70,1030.43,15.35,84.65
2025-08-02,August,Q3,2025,American Airlines,AA,Star Air,XX,USD,245,271795.00,16307.70,4360.00,234176.14,14050.50,3769.21,37618.86,2257.20,590.79,13.84,86.16
2025-08-02,August,Q3,2025,Air Mauritius,MK,Star Air,XX,USD,253,164160.00,9849.60,2830.00,140242.07,8414.54,2402.89,23917.93,1435.06,427.11,14.57,85.43
2025-08-11,August,Q3,2025,Air Mauritius,MK,Star Air,XX,USD,248,166560.00,9993.60,2115.00,142150.94,8529.12,1799.10,24409.06,1464.48,315.90,14.65,85.35
2025-08-02,August,Q3,2025,Air Canada,AC,Star Air,XX,USD,486,151465.00,9087.90,1745.00,128416.93,7704.99,1506.07,23048.07,1382.91,238.93,15.22,84.78
2025-09-05,September,Q3,2025,Air Canada,AC,Star Air,XX,USD,246,73380.00,4402.80,1245.00,61612.61,3696.68,1035.09,11767.39,706.12,209.91,16.04,83.96
2025-08-11,August,Q3,2025,Air India,AI,Star Air,XX,USD,264,79975.00,4798.50,1105.00,68210.38,4092.63,946.71,11764.62,705.87,158.29,14.71,85.29
2025-08-02,August,Q3,2025,Qantas,QF,Star Air,XX,USD,238,307120.00,18427.20,5785.00,258678.10,15520.62,4801.01,48441.90,2906.58,983.99,15.77,84.23
2025-08-02,August,Q3,2025,Emirates,EK,Star Air,XX,USD,499,155765.00,9345.90,2645.00,131753.20,7905.15,2244.52,24011.80,1440.75,400.48,15.42,84.58
2025-09-05,September,Q3,2025,Emirates,EK,Star Air,XX,USD,472,140515.00,8430.90,2070.00,119142.72,7148.59,1724.18,21372.30,1282.31,345.82,15.21,84.79
2025-08-02,August,Q3,2025,SIA,SQ,Star Air,XX,USD,250,114930.00,6895.80,1595.00,96760.69,5805.58,1335.40,18169.31,1090.22,259.60,15.81,84.19
2025-12-16,December,Q4,2025,Thai Airways International,TG,Star Air,XX,USD,240,161235.00,9674.10,1125.00,134508.85,8070.54,2039.38,26726.15,1603.56,-914.38,16.58,83.42
2025-02-07,February,Q1,2025,Air New Zealand,NZ,Star Air,XX,USD,247,180550.00,10833.00,2275.00,151534.59,9092.06,1873.68,29015.41,1740.94,401.32,16.07,83.93
2025-02-07,February,Q1,2025,Thai Airways International,TG,Star Air,XX,USD,246,157170.00,9430.20,2380.00,133794.24,8027.68,2060.38,23375.76,1402.52,319.62,14.87,85.13
2025-02-07,February,Q1,2025,Jet Airways,9W,Star Air,XX,USD,253,66135.00,3968.10,1080.00,55797.81,3347.83,913.03,10337.19,620.27,166.97,15.63,84.37
2025-02-07,February,Q1,2025,Qantas,QF,Star Air,XX,USD,253,146825.00,8809.50,2315.00,124336.77,7460.15,1976.36,22488.23,1349.35,338.64,15.32,84.68
2025-05-15,May,Q2,2025,Thai Airways International,TG,Star Air,XX,USD,243,186565.00,11193.90,2880.00,156272.87,9376.39,2406.30,30292.13,1817.51,473.70,16.24,83.76
2025-02-07,February,Q1,2025,Emirates,EK,Star Air,XX,USD,242,71680.00,4300.80,1295.00,60841.53,3650.51,1057.53,10838.47,650.29,237.47,15.12,84.88
2025-05-15,May,Q2,2025,Qantas,QF,Star Air,XX,USD,480,375045.00,22502.70,5365.00,317839.23,19070.38,4477.85,57205.77,3432.32,887.15,15.25,84.75
2025-04-02,April,Q2,2025,Thai Airways International,TG,Star Air,XX,USD,254,164295.00,9857.70,2705.00,138694.74,8321.76,2282.30,25600.26,1535.94,422.70,15.58,84.42
2025-05-15,May,Q2,2025,Air France,AF,Star Air,XX,USD,235,243790.00,14627.40,5485.00,205485.90,12329.14,4520.29,38304.10,2298.26,964.71,15.71,84.29
2025-05-15,May,Q2,2025,JetBlue,B6,Star Air,XX,USD,226,338885.00,20333.10,4570.00,284873.43,17092.45,3752.19,54011.57,3240.65,817.81,15.94,84.06
2025-04-02,April,Q2,2025,British Airways,BA,Star Air,XX,USD,226,114510.00,6870.60,1735.00,96929.17,5815.70,1482.88,17580.83,1054.90,252.12,15.35,84.65
2025-04-02,April,Q2,2025,American Airlines,AA,Star Air,XX,USD,244,273065.00,16383.90,3315.00,232676.39,13960.61,2906.79,40388.61,2423.29,408.21,14.79,85.21
2025-04-02,April,Q2,2025,Emirates,EK,Star Air,XX,USD,472,142070.00,8524.20,2130.00,120923.93,7255.39,1762.48,21146.08,1268.81,367.52,14.88,85.12
2025-04-02,April,Q2,2025,PIA,PK,Star Air,XX,USD,252,76365.00,4581.90,1240.00,64975.17,4000.77,1081.66,11389.83,581.13,158.34,14.91,85.09
2025-05-15,May,Q2,2025,PIA,PK,Star Air,XX,USD,177,57025.00,3421.50,850.00,47864.45,2869.08,741.82,9160.55,552.42,108.18,16.06,83.94
2025-04-02,April,Q2,2025,Qantas,QF,Star Air,XX,USD,250,190730.00,11443.80,1980.00,160521.39,9631.28,1637.33,30208.61,1812.52,342.67,15.84,84.16
2025-04-02,April,Q2,2025,Air Canada,AC,Star Air,XX,USD,237,71205.00,4272.30,935.00,59606.88,3576.38,799.81,11598.12,695.92,135.19,16.29,83.71
2025-05-15,May,Q2,2025,Air Canada,AC,Star Air,XX,USD,245,87000.00,5220.00,1590.00,73751.78,4425.12,1366.62,13248.22,794.88,223.38,15.23,84.77
2025-08-30,August,Q3,2025,Air India,AI,Star Air,XX,USD,260,93840.00,5630.40,1305.00,80301.24,4818.19,1150.48,13538.77,812.21,154.52,14.43,85.57
2025-08-12,August,Q3,2025,JetBlue,B6,Star Air,XX,USD,255,360095.00,21605.70,5505.00,302538.93,18152.32,4662.68,57556.07,3453.38,842.32,15.98,84.02
2025-08-12,August,Q3,2025,Jet Airways,9W,Star Air,XX,USD,228,69570.00,4174.20,1295.00,58200.93,3492.03,1088.78,11369.07,682.17,206.22,16.34,83.66
2025-08-12,August,Q3,2025,Qantas,QF,Star Air,XX,USD,246,140010.00,8400.60,2300.00,118693.71,7121.65,1957.50,21316.29,1278.95,342.50,15.22,84.78
2025-08-30,August,Q3,2025,Air Mauritius,MK,Star Air,XX,USD,252,164715.00,9882.90,2760.00,139846.04,8390.82,2383.22,24868.96,1492.08,376.78,15.10,84.90
2025-08-12,August,Q3,2025,Emirates,EK,Star Air,XX,USD,244,77950.00,4677.00,1135.00,64885.05,3893.05,954.57,13064.95,783.95,180.43,16.76,83.24
2025-08-12,August,Q3,2025,SIA,SQ,Star Air,XX,USD,247,112910.00,6774.60,1870.00,96173.75,5770.38,1625.10,16736.25,1004.22,244.90,14.82,85.18
2025-08-30,August,Q3,2025,Air Canada,AC,Star Air,XX,USD,255,80360.00,4821.60,1090.00,67732.77,4063.97,922.13,12627.24,757.63,167.87,15.71,84.29
2025-08-30,August,Q3,2025,Emirates,EK,Star Air,XX,USD,229,68925.00,4135.50,1025.00,58952.62,3537.16,862.58,9972.38,598.34,162.42,14.47,85.53
2025-08-30,August,Q3,2025,American Airlines,AA,Star Air,XX,USD,256,289175.00,17350.50,3695.00,246913.67,14814.77,3170.82,42261.33,2535.73,524.18,14.61,85.39
2025-08-12,August,Q3,2025,Air Canada,AC,Star Air,XX,USD,253,75850.00,4551.00,1065.00,64324.49,3859.42,899.46,11525.51,691.58,165.54,15.20,84.80
2025-08-30,August,Q3,2025,Vietnam Airlines,VN,Star Air,XX,USD,1,755.00,45.30,0.00,747.56,44.85,0.00,7.44,0.45,0.00,0.99,99.01
2025-10-14,October,Q4,2025,Thai Airways International,TG,Star Air,XX,USD,231,157190.00,9431.40,1700.00,131722.91,7903.35,2916.33,25467.09,1528.05,-1216.33,16.20,83.80
2025-03-16,March,Q1,2025,Qantas,QF,Star Air,XX,USD,1270,1204975.00,72298.50,17250.00,1013591.05,60815.57,14592.47,191383.96,11482.93,2657.53,15.88,84.12
2025-03-16,March,Q1,2025,Air India,AI,Star Air,XX,USD,190,65060.00,3903.60,1420.00,55121.62,3307.31,1220.46,9938.38,596.29,199.54,15.28,84.72
2025-02-20,February,Q1,2025,Qantas,QF,Star Air,XX,USD,502,473160.00,28389.60,6360.00,400939.97,24056.38,5306.57,72220.03,4333.22,1053.43,15.26,84.74
2025-03-24,March,Q1,2025,Qantas,QF,Star Air,XX,USD,753,540345.00,32420.70,6965.00,457739.37,27464.52,5949.62,82605.63,4956.18,1015.38,15.29,84.71
2025-03-16,March,Q1,2025,Air France,AF,Star Air,XX,USD,249,231155.00,13869.30,4075.00,194549.02,11672.86,3364.58,36605.98,2196.44,710.42,15.84,84.16
2025-02-20,February,Q1,2025,JetBlue,B6,Star Air,XX,USD,253,333325.00,19999.50,4505.00,281766.11,16905.89,3874.65,51558.89,3093.61,630.35,15.47,84.53
2025-02-03,February,Q1,2025,Qantas,QF,Star Air,XX,USD,238,74365.00,4461.90,830.00,62114.73,3726.99,711.91,12250.27,734.91,118.09,16.47,83.53
2025-03-16,March,Q1,2025,Thai Airways International,TG,Star Air,XX,USD,260,168195.00,10091.70,2010.00,144500.11,8669.99,1717.16,23694.89,1421.71,292.84,14.09,85.91
2025-02-20,February,Q1,2025,PIA,PK,Star Air,XX,USD,249,71550.00,4293.00,940.00,60401.68,3624.05,776.61,11148.32,668.95,163.39,15.58,84.42
2025-02-03,February,Q1,2025,Emirates,EK,Star Air,XX,USD,260,70445.00,4226.70,845.00,59488.08,3569.27,705.82,10956.92,657.43,139.18,15.55,84.45
2025-02-20,February,Q1,2025,Air India,AI,Star Air,XX,USD,252,65680.00,3940.80,770.00,54976.14,3298.57,662.82,10703.86,642.23,107.18,16.30,83.70
2025-02-03,February,Q1,2025,Air India,AI,Star Air,XX,USD,262,70750.00,4245.00,1050.00,59403.84,3564.19,891.73,11346.16,680.81,158.27,16.04,83.96
2025-03-16,March,Q1,2025,JetBlue,B6,Star Air,XX,USD,241,309850.00,18591.00,5300.00,264749.19,15884.94,4553.57,45100.81,2706.06,746.43,14.56,85.44
2025-02-20,February,Q1,2025,Blue Panorama,BV,Star Air,XX,USD,262,68230.00,4093.80,1290.00,58044.00,3482.59,1101.53,10186.00,611.21,188.47,14.93,85.07
2025-02-20,February,Q1,2025,Air Mauritius,MK,Star Air,XX,USD,267,167730.00,10063.80,2735.00,143040.33,8582.59,2268.14,24689.67,1481.21,466.86,14.72,85.28
2025-02-20,February,Q1,2025,Siberia Airlines,S7,Star Air,XX,USD,1,765.00,45.90,0.00,566.92,34.02,0.00,198.08,11.88,0.00,25.89,74.11
2025-09-20,September,Q3,2025,Jet Airways,9W,Star Air,XX,USD,254,73830.00,4429.80,1225.00,63136.57,3788.22,1037.92,10693.43,641.58,187.08,14.48,85.52
2025-09-20,September,Q3,2025,PIA,PK,Star Air,XX,USD,226,73200.00,4392.00,925.00,61540.91,3692.45,769.05,11659.10,699.55,155.95,15.93,84.07
2025-09-20,September,Q3,2025,American Airlines,AA,Star Air,XX,USD,252,267090.00,16025.40,4245.00,227612.49,13656.86,3705.81,39477.51,2368.54,539.19,14.78,85.22
2025-09-20,September,Q3,2025,Qantas,QF,Star Air,XX,USD,465,469385.00,28163.10,8485.00,394268.66,23656.07,7070.24,75116.34,4507.03,1414.76,16.00,84.00
2025-09-20,September,Q3,2025,Air Mauritius,MK,Star Air,XX,USD,243,161835.00,9710.10,1900.00,137403.58,8244.16,1595.13,24431.42,1465.94,304.87,15.10,84.90
2025-09-20,September,Q3,2025,Air Canada,AC,Star Air,XX,USD,233,71175.00,4270.50,935.00,59897.40,3593.80,781.93,11277.60,676.70,153.07,15.84,84.16
2025-09-20,September,Q3,2025,Emirates,EK,Star Air,XX,USD,486,144655.00,8679.30,1620.00,122748.50,7364.94,1345.56,21906.51,1314.36,274.44,15.14,84.86
2025-10-30,October,Q4,2025,Thai Airways International,TG,Star Air,XX,USD,246,151335.00,9080.10,995.00,127212.34,7632.76,1712.34,24122.66,1447.34,-717.34,15.94,84.06
2025-12-12,December,Q4,2025,Qantas,QF,Star Air,XX,USD,732,414145.00,24848.70,9955.00,348887.01,20933.25,4868.40,65257.99,3915.45,5086.60,15.76,84.24
2025-12-12,December,Q4,2025,Jet Airways,9W,Star Air,XX,USD,263,69210.00,4152.60,425.00,58532.49,3511.83,880.29,10677.51,640.77,-455.29,15.43,84.57
2025-02-06,February,Q1,2025,Air France,AF,Star Air,XX,USD,245,210310.00,12618.60,3120.00,180025.40,10801.59,2747.67,30284.60,1817.01,372.33,14.40,85.60
2025-01-27,January,Q1,2025,Qantas,QF,Star Air,XX,USD,1008,678730.00,40723.80,10855.00,577506.59,34650.29,9268.30,101223.41,6073.51,1586.70,14.91,85.09
2025-01-27,January,Q1,2025,Jet Airways,9W,Star Air,XX,USD,255,69025.00,4141.50,1135.00,58056.31,3483.44,957.92,10968.69,658.06,177.08,15.89,84.11
2025-02-06,February,Q1,2025,Qantas,QF,Star Air,XX,USD,786,653465.00,39207.90,7190.00,553024.66,33181.48,6060.55,100440.34,6026.42,1129.45,15.37,84.63
2025-02-06,February,Q1,2025,Air India,AI,Star Air,XX,USD,244,64840.00,3890.40,1140.00,54861.65,3291.62,935.80,9978.35,598.78,204.20,15.39,84.61
2025-02-06,February,Q1,2025,PIA,PK,Star Air,XX,USD,270,72820.00,4369.20,1220.00,61479.94,3688.82,1026.17,11340.06,680.38,193.83,15.57,84.43
2025-01-27,January,Q1,2025,Emirates,EK,Star Air,XX,USD,244,71405.00,4284.30,1265.00,60978.67,3658.66,1110.74,10426.33,625.64,154.26,14.60,85.40
2025-02-06,February,Q1,2025,American Airlines,AA,Star Air,XX,USD,267,288160.00,17289.60,3215.00,243669.25,14620.20,2773.78,44490.75,2669.40,441.22,15.44,84.56
2025-02-06,February,Q1,2025,Emirates,EK,Star Air,XX,USD,258,74185.00,4451.10,990.00,62776.40,3766.46,863.72,11408.60,684.64,126.28,15.38,84.62
2025-08-01,August,Q3,2025,Qantas,QF,Star Air,XX,USD,1027,578205.00,34692.30,9295.00,489492.37,29369.52,7841.34,88712.63,5322.78,1453.66,15.34,84.66
2025-08-01,August,Q3,2025,Air New Zealand,NZ,Star Air,XX,USD,500,285255.00,17115.30,4175.00,239286.58,14357.23,3467.46,45968.42,2758.07,707.54,16.11,83.89
2025-08-01,August,Q3,2025,Thai Airways International,TG,Star Air,XX,USD,243,158480.00,9508.80,2505.00,135032.93,8102.05,2159.34,23447.07,1406.75,345.66,14.79,85.21
2025-08-25,August,Q3,2025,Qantas,QF,Star Air,XX,USD,728,580280.00,34816.80,7970.00,490172.53,29410.27,6846.12,90107.47,5406.53,1123.88,15.53,84.47
2025-08-25,August,Q3,2025,Emirates,EK,Star Air,XX,USD,242,75945.00,4556.70,1425.00,63599.34,3816.00,1233.96,12345.66,740.70,191.04,16.26,83.74
2025-08-25,August,Q3,2025,Air India,AI,Star Air,XX,USD,246,73920.00,4435.20,1135.00,62941.59,3776.54,968.11,10978.41,658.66,166.89,14.85,85.15
2025-08-01,August,Q3,2025,Emirates,EK,Star Air,XX,USD,501,160865.00,9651.90,2295.00,136205.55,8172.38,1934.40,24659.45,1479.52,360.60,15.33,84.67
2025-12-04,December,Q4,2025,Qantas,QF,Star Air,XX,USD,686,527745.00,31664.70,4885.00,446885.33,26813.22,5706.22,80859.67,4851.48,-821.22,15.32,84.68
2025-10-09,October,Q4,2025,Qantas,QF,Star Air,XX,USD,733,529575.00,31774.50,7745.00,452189.24,27131.37,6900.85,77385.76,4643.13,844.15,14.61,85.39
2025-12-04,December,Q4,2025,Thai Airways International,TG,Star Air,XX,USD,260,174975.00,10498.50,1200.00,147315.25,8838.90,1953.37,27659.75,1659.60,-753.37,15.81,84.19
2025-12-06,December,Q4,2025,Air India,AI,Star Air,XX,USD,270,89560.00,5373.60,550.00,75649.12,4538.99,967.84,13910.89,834.61,-417.84,15.53,84.47
2025-12-07,December,Q4,2025,Air India,AI,Star Air,XX,USD,264,89080.00,5344.80,530.00,74831.19,4489.88,1183.30,14248.81,854.92,-653.30,16.00,84.00
2025-12-20,December,Q4,2025,Air India,AI,Star Air,XX,USD,255,85480.00,5128.80,470.00,72157.39,4329.50,841.29,13322.61,799.30,-371.29,15.59,84.41
2025-12-20,December,Q4,2025,Jet Airways,9W,Star Air,XX,USD,230,61020.00,3661.20,570.00,51865.47,3111.90,1084.30,9154.53,549.30,-514.30,15.00,85.00
2025-12-08,December,Q4,2025,Jet Airways,9W,Star Air,XX,USD,246,73410.00,4404.60,19100.00,62328.46,3739.67,998.27,11081.54,664.93,18101.73,15.10,84.90
2025-12-07,December,Q4,2025,Blue Panorama,BV,Star Air,XX,USD,231,61925.00,3715.50,9035.00,52372.94,3142.37,646.21,9552.06,573.13,8388.79,15.43,84.57
2025-12-07,December,Q4,2025,Qantas,QF,Star Air,XX,USD,720,605970.00,36358.20,10150.00,510088.85,30605.36,9233.94,95881.15,5752.84,916.06,15.82,84.18
2025-12-08,December,Q4,2025,Qantas,QF,Star Air,XX,USD,979,654045.00,39242.70,8080.00,551980.20,33118.90,9789.79,102064.80,6123.80,-1709.79,15.61,84.39
2025-10-29,October,Q4,2025,Air India,AI,Star Air,XX,USD,234,78400.00,4704.00,8595.00,65808.69,3948.55,762.91,12591.31,755.45,7832.09,16.06,83.94
2025-10-09,October,Q4,2025,Air France,AF,Star Air,XX,USD,250,217990.00,13079.40,2565.00,186415.30,11184.91,3592.23,31574.70,1894.49,-1027.23,14.48,85.52
2025-12-20,December,Q4,2025,PIA,PK,Star Air,XX,USD,228,61200.00,3672.00,33125.00,51668.23,3100.11,708.16,9531.77,571.89,32416.84,15.57,84.43
2025-12-20,December,Q4,2025,JetBlue,B6,Star Air,XX,USD,241,333945.00,20036.70,2530.00,278898.23,16733.91,3459.46,55046.77,3302.79,-929.46,16.48,83.52
2025-10-29,October,Q4,2025,Qantas,QF,Star Air,XX,USD,733,882415.00,52944.90,19980.00,741501.92,44490.15,11452.66,140913.08,8454.75,8527.34,15.97,84.03
2025-10-29,October,Q4,2025,American Airlines,AA,Star Air,XX,USD,498,539070.00,32344.20,10245.00,460256.48,27615.49,5556.36,78813.52,4728.71,4688.64,14.62,85.38
2025-12-04,December,Q4,2025,JetBlue,B6,Star Air,XX,USD,226,311505.00,18690.30,3505.00,261825.60,15709.48,5108.91,49679.40,2980.82,-1603.91,15.95,84.05
2025-12-08,December,Q4,2025,Air Mauritius,MK,Star Air,XX,USD,246,156560.00,9393.60,10620.00,134267.08,8056.16,2107.24,22292.92,1337.44,8512.76,14.24,85.76
2025-10-09,October,Q4,2025,JetBlue,B6,Star Air,XX,USD,239,299775.00,17986.50,2750.00,252230.44,15133.87,4249.51,47544.56,2852.63,-1499.51,15.86,84.14
2025-12-06,December,Q4,2025,PIA,PK,Star Air,XX,USD,253,73420.00,4405.20,30165.00,62391.17,3743.38,791.09,11028.83,661.82,29373.91,15.02,84.98
2025-12-07,December,Q4,2025,PIA,PK,Star Air,XX,USD,220,60000.00,3600.00,40335.00,51166.37,3069.94,828.21,8833.63,530.06,39506.79,14.72,85.28
2025-12-20,December,Q4,2025,Air Mauritius,MK,Star Air,XX,USD,240,145370.00,8722.20,7360.00,124461.33,7467.75,1507.09,20908.67,1254.45,5852.91,14.38,85.62
2025-12-20,December,Q4,2025,British Airways,BA,Star Air,XX,USD,243,109180.00,6550.80,850.00,92092.13,5525.57,1470.61,17087.87,1025.23,-620.61,15.65,84.35
2025-12-06,December,Q4,2025,American Airlines,AA,Star Air,XX,USD,246,248940.00,14936.40,1625.00,211208.69,12672.56,2345.80,37731.31,2263.84,-720.80,15.16,84.84
2025-12-04,December,Q4,2025,Air India,AI,Star Air,XX,USD,228,64020.00,3841.20,5370.00,54151.50,3249.19,498.05,9868.50,592.01,4871.95,15.41,84.59
2025-12-06,December,Q4,2025,Emirates,EK,Star Air,XX,USD,472,131675.00,7900.50,2035.00,111274.35,6676.48,1435.72,20400.65,1224.02,599.28,15.49,84.51
2025-12-06,December,Q4,2025,Qantas,QF,Star Air,XX,USD,471,459340.00,27560.40,10105.00,390179.50,23410.74,5739.43,69160.50,4149.66,4365.57,15.06,84.94
2025-12-07,December,Q4,2025,Emirates,EK,Star Air,XX,USD,242,70230.00,4213.80,805.00,59899.93,3594.00,1077.31,10330.07,619.80,-272.31,14.71,85.29
2025-12-08,December,Q4,2025,Emirates,EK,Star Air,XX,USD,249,65910.00,3954.60,685.00,56392.39,3383.54,858.19,9517.61,571.06,-173.19,14.44,85.56
2025-12-04,December,Q4,2025,PIA,PK,Star Air,XX,USD,247,74565.00,4473.90,510.00,63698.26,3821.91,1067.94,10866.74,651.99,-557.94,14.57,85.43
2025-12-20,December,Q4,2025,Air Canada,AC,Star Air,XX,USD,238,69190.00,4151.40,655.00,58326.42,3499.52,955.38,10863.58,651.88,-300.38,15.70,84.30
2025-10-09,October,Q4,2025,PIA,PK,Star Air,XX,USD,247,76825.00,4609.50,435.00,65551.12,3933.06,849.06,11273.88,676.44,-414.06,14.67,85.33
2025-10-09,October,Q4,2025,Air Mauritius,MK,Star Air,XX,USD,243,156575.00,9394.50,1850.00,131875.77,7912.60,2244.75,24699.23,1481.90,-394.75,15.77,84.23
2025-12-04,December,Q4,2025,Air Canada,AC,Star Air,XX,USD,239,70625.00,4237.50,860.00,59712.74,3582.75,443.23,10912.26,654.75,416.77,15.45,84.55
2025-12-20,December,Q4,2025,American Airlines,AA,Star Air,XX,USD,251,265145.00,15908.70,14995.00,224001.14,13440.09,4151.11,41143.86,2468.61,10843.89,15.52,84.48
2025-12-04,December,Q4,2025,Emirates,EK,Star Air,XX,USD,466,135615.00,8136.90,3420.00,114574.51,6874.39,1465.77,21040.49,1262.51,1954.23,15.51,84.49
2025-12-07,December,Q4,2025,JetBlue,B6,Star Air,XX,USD,240,293590.00,17615.40,9380.00,250126.23,15007.48,3469.95,43463.77,2607.92,5910.05,14.80,85.20
2025-10-09,October,Q4,2025,American Airlines,AA,Star Air,XX,USD,244,328830.00,19729.80,16230.00,274446.38,16466.78,5745.18,54383.62,3263.02,10484.82,16.54,83.46
2025-10-29,October,Q4,2025,British Airways,BA,Star Air,XX,USD,238,110300.00,6618.00,5445.00,92811.09,5568.61,1460.85,17488.91,1049.39,3984.15,15.86,84.14
2025-12-20,December,Q4,2025,Qantas,QF,Star Air,XX,USD,247,307695.00,18461.70,10850.00,260536.36,15632.19,5168.40,47158.64,2829.51,5681.60,15.33,84.67
2025-10-09,October,Q4,2025,Air Canada,AC,Star Air,XX,USD,242,68900.00,4134.00,1795.00,58369.29,3502.18,771.56,10530.71,631.82,1023.44,15.28,84.72
2025-12-08,December,Q4,2025,Air India,AI,Star Air,XX,USD,250,68165.00,4089.90,310.00,57594.01,3455.68,653.55,10570.99,634.22,-343.55,15.51,84.49
2025-12-06,December,Q4,2025,SIA,SQ,Star Air,XX,USD,267,109460.00,6567.60,3025.00,92867.72,5572.04,1386.39,16592.28,995.56,1638.61,15.16,84.84
2025-12-08,December,Q4,2025,Siberia Airlines,S7,Star Air,XX,USD,1,850.00,51.00,0.00,654.29,39.26,0.00,195.71,11.74,0.00,23.02,76.98
2025-10-29,October,Q4,2025,Air Canada,AC,Star Air,XX,USD,471,148910.00,8934.60,4400.00,125362.36,7521.74,1868.24,23547.64,1412.86,2531.76,15.81,84.19
2025-10-29,October,Q4,2025,Emirates,EK,Star Air,XX,USD,232,66770.00,4006.20,2070.00,56505.86,3390.41,971.34,10264.14,615.79,1098.66,15.37,84.63
2026-02-06,February,Q1,2026,Air New Zealand,NZ,Star Air,XX,USD,474,238490.00,14309.40,3370.00,202540.93,12152.42,2830.05,35949.07,2156.98,539.95,15.07,84.93
2026-01-02,January,Q1,2026,Qantas,QF,Star Air,XX,USD,987,532575.00,31954.50,7250.00,450251.74,27015.22,6236.29,82323.26,4939.28,1013.71,15.46,84.54
2026-02-06,February,Q1,2026,Qantas,QF,Star Air,XX,USD,725,433825.00,26029.50,5890.00,365986.12,21959.12,5099.55,67838.88,4070.38,790.45,15.64,84.36
2026-01-02,January,Q1,2026,Jet Airways,9W,Star Air,XX,USD,249,65930.00,3955.80,1160.00,55912.46,3354.79,980.98,10017.54,601.01,179.02,15.19,84.81
2026-02-06,February,Q1,2026,Jet Airways,9W,Star Air,XX,USD,246,64565.00,3873.90,1050.00,54463.66,3267.69,901.37,10101.34,606.21,148.63,15.65,84.35
2026-01-02,January,Q1,2026,Air New Zealand,NZ,Star Air,XX,USD,257,79480.00,4768.80,1160.00,68066.78,4084.03,989.31,11413.22,684.77,170.69,14.36,85.64
2026-01-02,January,Q1,2026,PIA,PK,Star Air,XX,USD,246,69645.00,4178.70,860.00,59001.02,3540.04,705.57,10643.98,638.66,154.43,15.28,84.72
2026-02-06,February,Q1,2026,PIA,PK,Star Air,XX,USD,239,74825.00,4489.50,765.00,63754.94,3825.27,626.05,11070.06,664.23,138.95,14.79,85.21
2026-02-06,February,Q1,2026,SIA,SQ,Star Air,XX,USD,240,100995.00,6059.70,1080.00,86202.80,5172.16,911.87,14792.20,887.54,168.13,14.65,85.35
2026-01-02,January,Q1,2026,Air Canada,AC,Star Air,XX,USD,236,68020.00,4081.20,820.00,57190.73,3431.35,710.75,10829.27,649.85,109.25,15.92,84.08
2026-02-06,February,Q1,2026,Emirates,EK,Star Air,XX,USD,227,65745.00,3944.70,945.00,56168.12,3370.16,782.25,9576.88,574.54,162.75,14.57,85.43
2025-11-22,November,Q4,2025,Jet Airways,9W,Star Air,XX,USD,235,63015.00,3780.90,570.00,52641.69,3158.47,729.18,10373.31,622.43,-159.18,16.46,83.54
2025-11-06,November,Q4,2025,Air India,AI,Star Air,XX,USD,244,72490.00,4349.40,15835.00,60474.95,3628.47,1126.93,12015.05,720.93,14708.07,16.57,83.43
2025-11-22,November,Q4,2025,Thai Airways International,TG,Star Air,XX,USD,240,153675.00,9220.50,6930.00,130853.96,7851.24,1922.67,22821.04,1369.26,5007.33,14.85,85.15
2025-11-22,November,Q4,2025,JetBlue,B6,Star Air,XX,USD,240,340475.00,20428.50,3180.00,288336.71,17300.18,4127.07,52138.29,3128.32,-947.07,15.31,84.69
2025-11-06,November,Q4,2025,JetBlue,B6,Star Air,XX,USD,219,312370.00,18742.20,3200.00,266119.37,15967.13,4283.13,46250.63,2775.07,-1083.13,14.81,85.19
2025-11-22,November,Q4,2025,American Airlines,AA,Star Air,XX,USD,244,265800.00,15948.00,2560.00,226971.43,13618.31,3483.23,38828.57,2329.69,-923.23,14.61,85.39
2025-11-22,November,Q4,2025,British Airways,BA,Star Air,XX,USD,241,117435.00,7046.10,1030.00,99633.94,5977.95,1280.77,17801.06,1068.15,-250.77,15.16,84.84
2025-11-06,November,Q4,2025,Qantas,QF,Star Air,XX,USD,225,176910.00,10614.60,1865.00,148300.15,8898.03,2576.99,28609.85,1716.57,-711.99,16.17,83.83
2025-11-22,November,Q4,2025,Qantas,QF,Star Air,XX,USD,476,454090.00,27245.40,8805.00,385045.81,23102.71,5912.52,69044.19,4142.69,2892.48,15.20,84.80
2025-11-22,November,Q4,2025,Emirates,EK,Star Air,XX,USD,487,146205.00,8772.30,3395.00,123395.18,7403.72,2192.49,22809.82,1368.58,1202.51,15.60,84.40
2025-11-22,November,Q4,2025,Air Canada,AC,Star Air,XX,USD,222,61130.00,3667.80,475.00,51949.04,3116.84,681.17,9180.96,550.96,-206.17,15.02,84.98
2025-11-06,November,Q4,2025,Air Mauritius,MK,Star Air,XX,USD,241,162600.00,9756.00,870.00,138029.23,8281.80,1669.97,24570.77,1474.20,-799.97,15.11,84.89
2025-11-06,November,Q4,2025,Blue Panorama,BV,Star Air,XX,USD,256,70790.00,4247.40,495.00,59935.26,3596.04,768.71,10854.74,651.36,-273.71,15.33,84.67
2026-01-29,January,Q1,2026,Qantas,QF,Star Air,XX,USD,728,486060.00,29163.60,7120.00,409726.15,24583.49,5975.62,76333.85,4580.11,1144.38,15.70,84.30
2026-02-22,February,Q1,2026,Qantas,QF,Star Air,XX,USD,1194,1105915.00,66354.90,18890.00,939498.31,56369.95,16018.94,166416.69,9984.95,2871.06,15.05,84.95
2026-02-22,February,Q1,2026,Air India,AI,Star Air,XX,USD,249,78815.00,4728.90,1135.00,66590.80,3995.53,954.35,12224.20,733.37,180.65,15.51,84.49
2026-02-22,February,Q1,2026,American Airlines,AA,Star Air,XX,USD,479,518255.00,31095.30,8295.00,436880.21,26212.87,7077.98,81374.79,4882.43,1217.02,15.70,84.30
2026-01-29,January,Q1,2026,Air India,AI,Star Air,XX,USD,250,71155.00,4269.30,1650.00,60582.62,3634.91,1406.16,10572.38,634.39,243.84,14.86,85.14
2026-01-29,January,Q1,2026,PIA,PK,Star Air,XX,USD,251,70310.00,4218.60,1190.00,59308.77,3558.49,1019.93,11001.23,660.11,170.07,15.65,84.35
2026-02-22,February,Q1,2026,Emirates,EK,Star Air,XX,USD,715,198685.00,11921.10,3230.00,167274.07,10036.42,2683.35,31410.93,1884.68,546.65,15.81,84.19
2026-01-29,January,Q1,2026,American Airlines,AA,Star Air,XX,USD,251,282695.00,16961.70,4660.00,239045.70,14342.81,3861.52,43649.30,2618.89,798.48,15.44,84.56
2026-02-22,February,Q1,2026,British Airways,BA,Star Air,XX,USD,253,122510.00,7350.60,1770.00,104508.64,6270.57,1545.35,18001.36,1080.03,224.65,14.69,85.31
2026-01-29,January,Q1,2026,Blue Panorama,BV,Star Air,XX,USD,249,71110.00,4266.60,850.00,60132.14,3607.90,742.40,10977.86,658.70,107.60,15.44,84.56
2026-01-29,January,Q1,2026,Air Mauritius,MK,Star Air,XX,USD,243,154225.00,9253.50,2250.00,131889.95,7913.45,1967.99,22335.05,1340.05,282.01,14.48,85.52
2026-01-29,January,Q1,2026,Emirates,EK,Star Air,XX,USD,243,66775.00,4006.50,970.00,57009.26,3420.56,822.06,9765.74,585.94,147.94,14.62,85.38
2025-10-24,October,Q4,2025,Qantas,QF,Star Air,XX,USD,950,490095.00,29405.70,13330.00,415384.62,24923.06,7019.76,74710.38,4482.64,6310.24,15.24,84.76
2025-10-24,October,Q4,2025,Thai Airways International,TG,Star Air,XX,USD,244,158065.00,9483.90,9665.00,135005.69,8100.33,1394.47,23059.31,1383.57,8270.53,14.59,85.41
2025-10-24,October,Q4,2025,Air New Zealand,NZ,Star Air,XX,USD,242,76820.00,4609.20,1580.00,65105.38,3906.34,810.34,11714.62,702.86,769.66,15.25,84.75
2025-10-24,October,Q4,2025,PIA,PK,Star Air,XX,USD,244,82125.00,4927.50,37885.00,68873.84,4132.45,746.12,13251.16,795.05,37138.88,16.14,83.86
2025-10-24,October,Q4,2025,Emirates,EK,Star Air,XX,USD,252,75890.00,4553.40,2400.00,63928.36,3835.66,1052.48,11961.64,717.74,1347.52,15.76,84.24
2026-01-20,January,Q1,2026,Thai Airways International,TG,Star Air,XX,USD,244,153510.00,9210.60,1945.00,131496.16,7889.89,1668.47,22013.84,1320.71,276.53,14.34,85.66
2026-01-20,January,Q1,2026,Jet Airways,9W,Star Air,XX,USD,251,69530.00,4171.80,1075.00,58911.77,3534.70,936.64,10618.23,637.10,138.36,15.27,84.73
2026-01-20,January,Q1,2026,JetBlue,B6,Star Air,XX,USD,245,326265.00,19575.90,5045.00,275668.13,16540.06,4138.71,50596.87,3035.84,906.29,15.51,84.49
2026-01-20,January,Q1,2026,SIA,SQ,Star Air,XX,USD,497,203270.00,12196.20,3180.00,171226.33,10273.50,2737.96,32043.67,1922.70,442.04,15.76,84.24
2026-01-20,January,Q1,2026,Air Mauritius,MK,Star Air,XX,USD,246,144250.00,8655.00,2295.00,120931.03,7255.87,1892.50,23318.97,1399.13,402.50,16.17,83.83
2025-01-22,January,Q1,2025,Air India,AI,Star Air,XX,USD,236,73120.00,4387.20,1010.00,61802.11,3708.29,861.04,11317.89,678.91,148.96,15.48,84.52
2025-01-22,January,Q1,2025,British Airways,BA,Star Air,XX,USD,257,131750.00,7905.00,2365.00,109752.94,6585.13,2004.24,21997.06,1319.87,360.76,16.70,83.30
2025-01-22,January,Q1,2025,Qantas,QF,Star Air,XX,USD,490,468965.00,28137.90,6680.00,398845.77,23930.73,5752.18,70119.23,4207.17,927.82,14.95,85.05
2025-01-22,January,Q1,2025,Emirates,EK,Star Air,XX,USD,482,138570.00,8314.20,1765.00,117008.15,7020.46,1466.87,21561.85,1293.74,298.13,15.56,84.44
2025-04-18,April,Q2,2025,Jet Airways,9W,Star Air,XX,USD,252,76050.00,4563.00,1165.00,64177.49,3850.62,981.70,11872.51,712.38,183.30,15.61,84.39
2025-04-01,April,Q2,2025,Qantas,QF,Star Air,XX,USD,460,276895.00,16613.70,3775.00,232010.75,13920.71,3180.90,44884.25,2692.99,594.10,16.21,83.79
2025-04-01,April,Q2,2025,Air New Zealand,NZ,Star Air,XX,USD,498,273980.00,16438.80,4375.00,232442.15,13946.61,3778.77,41537.85,2492.19,596.23,15.16,84.84
2025-04-01,April,Q2,2025,Jet Airways,9W,Star Air,XX,USD,242,70595.00,4235.70,1120.00,59977.78,3598.68,969.82,10617.22,637.02,150.18,15.04,84.96
2025-04-18,April,Q2,2025,Air New Zealand,NZ,Star Air,XX,USD,236,185545.00,11132.70,2230.00,155797.57,9347.83,1889.85,29747.43,1784.87,340.15,16.03,83.97
2025-04-18,April,Q2,2025,Qantas,QF,Star Air,XX,USD,725,549200.00,32952.00,7775.00,467998.66,28079.85,6621.67,81201.34,4872.15,1153.33,14.79,85.21
2025-04-01,April,Q2,2025,Thai Airways International,TG,Star Air,XX,USD,258,165020.00,9901.20,2770.00,140560.70,8433.67,2340.28,24459.30,1467.53,429.72,14.82,85.18
2025-04-01,April,Q2,2025,Air India,AI,Star Air,XX,USD,227,72085.00,4325.10,850.00,61442.14,3686.55,726.97,10642.86,638.55,123.03,14.76,85.24
2025-04-18,April,Q2,2025,PIA,PK,Star Air,XX,USD,235,80335.00,4820.10,1370.00,67920.75,4075.28,1158.82,12414.25,744.82,211.18,15.45,84.55
2025-04-01,April,Q2,2025,Emirates,EK,Star Air,XX,USD,485,145030.00,8701.80,2480.00,122884.43,7373.04,2082.91,22145.57,1328.76,397.09,15.27,84.73
2025-04-01,April,Q2,2025,PIA,PK,Star Air,XX,USD,264,81735.00,4904.10,920.00,69026.31,4268.95,793.35,12708.69,635.15,126.65,15.55,84.45
2025-04-01,April,Q2,2025,Air Mauritius,MK,Star Air,XX,USD,221,121930.00,7315.80,1450.00,102083.58,6778.45,1260.32,19846.42,537.35,189.68,16.28,83.72
2025-04-01,April,Q2,2025,Air Canada,AC,Star Air,XX,USD,239,72545.00,4352.70,940.00,62448.53,3746.80,799.11,10096.47,605.90,140.89,13.92,86.08
2025-04-18,April,Q2,2025,Emirates,EK,Star Air,XX,USD,252,80665.00,4839.90,1090.00,67796.40,4067.79,933.66,12868.60,772.11,156.34,15.95,84.05
2025-04-01,April,Q2,2025,SIA,SQ,Star Air,XX,USD,256,104445.00,6266.70,845.00,88366.09,4540.36,691.90,16078.91,1726.34,153.10,15.39,84.61
2025-03-14,March,Q1,2025,Qantas,QF,Star Air,XX,USD,741,347145.00,20828.70,4530.00,293949.77,17636.94,3872.43,53195.23,3191.76,657.57,15.32,84.68
2025-03-14,March,Q1,2025,PIA,PK,Star Air,XX,USD,255,72595.00,4355.70,1095.00,61218.85,3673.10,930.67,11376.15,682.60,164.33,15.67,84.33
2025-03-14,March,Q1,2025,Air Canada,AC,Star Air,XX,USD,258,70225.00,4213.50,915.00,59675.91,3580.53,783.05,10549.09,632.97,131.95,15.02,84.98
2025-03-14,March,Q1,2025,SIA,SQ,Star Air,XX,USD,247,104080.00,6244.80,1655.00,88132.70,5287.93,1408.29,15947.30,956.87,246.71,15.32,84.68
2025-04-19,April,Q2,2025,Jet Airways,9W,Star Air,XX,USD,475,151020.00,9061.20,2460.00,127318.30,7639.05,2086.03,23701.70,1422.15,373.97,15.69,84.31
2025-04-19,April,Q2,2025,Air India,AI,Star Air,XX,USD,250,86730.00,5203.80,1495.00,73226.98,4393.66,1287.23,13503.02,810.14,207.77,15.57,84.43
2025-04-19,April,Q2,2025,Air Canada,AC,Star Air,XX,USD,479,158855.00,9531.30,2545.00,134720.65,8083.18,2156.36,24134.35,1448.12,388.64,15.19,84.81
2025-04-19,April,Q2,2025,JetBlue,B6,Star Air,XX,USD,220,324385.00,19463.10,5790.00,276568.87,16594.10,4856.82,47816.14,2869.00,933.18,14.74,85.26
2025-04-19,April,Q2,2025,PIA,PK,Star Air,XX,USD,230,79605.00,4776.30,765.00,68098.99,4085.98,644.87,11506.01,690.32,120.13,14.45,85.55
2025-04-19,April,Q2,2025,Air Mauritius,MK,Star Air,XX,USD,243,187240.00,11234.40,2640.00,160136.34,9608.19,2254.25,27103.66,1626.21,385.75,14.48,85.52
2025-04-19,April,Q2,2025,Qantas,QF,Star Air,XX,USD,247,220505.00,13230.30,4560.00,184732.02,11083.93,3745.42,35772.98,2146.37,814.58,16.22,83.78
2025-04-19,April,Q2,2025,American Airlines,AA,Star Air,XX,USD,246,312290.00,18737.40,4350.00,261891.72,15713.59,3698.94,50398.28,3023.81,651.06,16.14,83.86
2025-04-19,April,Q2,2025,British Airways,BA,Star Air,XX,USD,220,119285.00,7157.10,1320.00,101310.47,6078.66,1132.94,17974.53,1078.44,187.06,15.07,84.93
2025-04-19,April,Q2,2025,Vietnam Airlines,VN,Star Air,XX,USD,2,2630.00,157.80,115.00,2182.24,130.93,108.94,447.76,26.87,6.06,17.03,82.97
2025-04-19,April,Q2,2025,SriLankan,UL,Star Air,XX,USD,1,720.00,43.20,0.00,646.07,38.76,0.00,73.93,4.44,0.00,10.27,89.73
2025-04-19,April,Q2,2025,Emirates,EK,Star Air,XX,USD,239,73375.00,4402.50,1220.00,62203.03,3732.16,1015.86,11171.97,670.34,204.14,15.23,84.77
2025-12-09,December,Q4,2025,JetBlue,B6,Star Air,XX,USD,245,327805.00,19668.30,8830.00,276084.23,16565.02,3218.46,51720.77,3103.28,5611.54,15.78,84.22
2025-12-09,December,Q4,2025,Air New Zealand,NZ,Star Air,XX,USD,478,260130.00,15607.80,2440.00,220213.77,13212.89,2801.41,39916.23,2394.91,-361.41,15.34,84.66
2025-12-09,December,Q4,2025,Jet Airways,9W,Star Air,XX,USD,490,132045.00,7922.70,9970.00,112103.22,6726.23,1505.29,19941.78,1196.47,8464.71,15.10,84.90
2025-12-09,December,Q4,2025,Qantas,QF,Star Air,XX,USD,732,460050.00,27603.00,5165.00,389557.12,23373.49,6501.07,70492.88,4229.51,-1336.07,15.32,84.68
2025-10-27,October,Q4,2025,Qantas,QF,Star Air,XX,USD,494,424495.00,25469.70,4570.00,360019.40,21601.09,5727.00,64475.60,3868.61,-1157.00,15.19,84.81
2025-10-27,October,Q4,2025,Air Mauritius,MK,Star Air,XX,USD,243,168825.00,10129.50,12320.00,144874.66,8692.54,1191.08,23950.34,1436.96,11128.92,14.19,85.81
2025-12-09,December,Q4,2025,SIA,SQ,Star Air,XX,USD,241,93450.00,5607.00,1120.00,80374.96,4822.42,1344.99,13075.04,784.58,-224.99,13.99,86.01
2025-12-09,December,Q4,2025,Emirates,EK,Star Air,XX,USD,235,69110.00,4146.60,530.00,58002.80,3480.14,607.32,11107.20,666.46,-77.32,16.07,83.93
2025-10-27,October,Q4,2025,Air India,AI,Star Air,XX,USD,253,71875.00,4312.50,365.00,61323.44,3679.43,598.33,10551.56,633.07,-233.33,14.68,85.32
2025-10-27,October,Q4,2025,Emirates,EK,Star Air,XX,USD,494,142915.00,8574.90,1890.00,121893.88,7313.62,2240.09,21021.12,1261.28,-350.09,14.71,85.29
2025-11-19,November,Q4,2025,Air India,AI,Star Air,XX,USD,242,73720.00,4423.20,11255.00,63113.64,3786.81,806.08,10606.36,636.39,10448.92,14.39,85.61
2025-11-19,November,Q4,2025,American Airlines,AA,Star Air,XX,USD,491,522875.00,31372.50,11310.00,443734.84,26624.15,6848.05,79140.16,4748.35,4461.95,15.14,84.86
2025-11-19,November,Q4,2025,British Airways,BA,Star Air,XX,USD,451,230405.00,13824.30,5230.00,192179.29,11530.63,2466.48,38225.72,2293.67,2763.52,16.59,83.41
2025-11-19,November,Q4,2025,Emirates,EK,Star Air,XX,USD,472,134320.00,8059.20,2295.00,113145.25,6788.82,1609.25,21174.75,1270.38,685.75,15.76,84.24
2025-11-19,November,Q4,2025,Qantas,QF,Star Air,XX,USD,239,293570.00,17614.20,6380.00,246622.00,14797.36,3302.12,46948.00,2816.84,3077.88,15.99,84.01
2025-11-19,November,Q4,2025,Air Canada,AC,Star Air,XX,USD,495,141480.00,8488.80,3745.00,120408.09,7224.59,1771.84,21071.91,1264.21,1973.16,14.89,85.11
2025-03-15,March,Q1,2025,Air India,AI,Star Air,XX,USD,237,80880.00,4852.80,1230.00,68161.49,4089.71,1021.33,12718.51,763.09,208.67,15.73,84.27
2025-03-15,March,Q1,2025,Jet Airways,9W,Star Air,XX,USD,255,72220.00,4333.20,990.00,61087.93,3665.33,867.60,11132.07,667.87,122.40,15.41,84.59
2025-03-15,March,Q1,2025,PIA,PK,Star Air,XX,USD,252,73245.00,4394.70,940.00,62084.49,3725.04,778.45,11160.51,669.66,161.55,15.24,84.76
2025-03-15,March,Q1,2025,Thai Airways International,TG,Star Air,XX,USD,256,164690.00,9881.40,2820.00,138644.09,8318.67,2402.99,26045.91,1562.73,417.01,15.82,84.18
2025-03-15,March,Q1,2025,British Airways,BA,Star Air,XX,USD,253,121060.00,7263.60,2670.00,102237.75,6134.31,2193.59,18822.25,1129.29,476.41,15.55,84.45
2025-03-15,March,Q1,2025,Emirates,EK,Star Air,XX,USD,500,143335.00,8600.10,2090.00,120822.30,7249.38,1771.43,22512.70,1350.72,318.57,15.71,84.29
2025-03-15,March,Q1,2025,Air Mauritius,MK,Star Air,XX,USD,253,159665.00,9579.90,2630.00,134578.04,8074.72,2283.52,25086.96,1505.18,346.48,15.71,84.29
2025-03-15,March,Q1,2025,Qantas,QF,Star Air,XX,USD,257,191340.00,11480.40,2375.00,161589.04,9695.37,1963.94,29750.96,1785.03,411.06,15.55,84.45
2025-03-15,March,Q1,2025,American Airlines,AA,Star Air,XX,USD,251,278810.00,16728.60,4355.00,238673.86,14320.50,3647.79,40136.14,2408.10,707.21,14.40,85.60
2025-04-17,April,Q2,2025,Thai Airways International,TG,Star Air,XX,USD,243,166115.00,9966.90,2000.00,141859.31,8511.60,1742.95,24255.69,1455.30,257.05,14.60,85.40
2025-05-30,May,Q2,2025,Qantas,QF,Star Air,XX,USD,725,460955.00,27657.30,6670.00,387873.78,23272.31,5617.82,73081.22,4384.99,1052.18,15.85,84.15
2025-05-30,May,Q2,2025,Jet Airways,9W,Star Air,XX,USD,235,72750.00,4365.00,830.00,60811.65,3648.77,707.52,11938.35,716.23,122.48,16.41,83.59
2025-06-24,June,Q2,2025,Jet Airways,9W,Star Air,XX,USD,224,65385.00,3923.10,940.00,55232.25,3313.91,801.32,10152.75,609.19,138.68,15.53,84.47
2025-04-17,April,Q2,2025,Air France,AF,Star Air,XX,USD,220,232880.00,13972.80,4105.00,198079.75,11884.77,3566.10,34800.25,2088.03,538.90,14.94,85.06
2025-06-24,June,Q2,2025,Air New Zealand,NZ,Star Air,XX,USD,468,277540.00,16652.40,3410.00,233129.42,13987.78,2848.83,44410.58,2664.62,561.17,16.00,84.00
2025-04-17,April,Q2,2025,Qantas,QF,Star Air,XX,USD,248,153670.00,9220.20,2430.00,131763.32,7905.85,2128.82,21906.68,1314.35,301.18,14.26,85.74
2025-05-30,May,Q2,2025,Air New Zealand,NZ,Star Air,XX,USD,238,86565.00,5193.90,1640.00,73629.34,4417.82,1384.69,12935.66,776.08,255.31,14.94,85.06
2025-06-24,June,Q2,2025,Emirates,EK,Star Air,XX,USD,494,164160.00,9849.60,2790.00,138487.42,8309.33,2341.13,25672.59,1540.27,448.87,15.64,84.36
2025-06-24,June,Q2,2025,Vietnam Airlines,VN,Star Air,XX,USD,1,850.00,51.00,0.00,691.39,41.48,0.00,158.61,9.52,0.00,18.66,81.34
2025-05-30,May,Q2,2025,Air Canada,AC,Star Air,XX,USD,251,82715.00,4962.90,1025.00,69939.14,4196.31,885.42,12775.86,766.59,139.58,15.45,84.55
2025-04-17,April,Q2,2025,Blue Panorama,BV,Star Air,XX,USD,253,76600.00,4596.00,1080.00,65006.88,4010.26,955.99,11593.12,585.74,124.01,15.13,84.87
2025-06-24,June,Q2,2025,PIA,PK,Star Air,XX,USD,254,82690.00,4961.40,1030.00,69600.46,4206.27,885.53,13089.54,755.13,144.47,15.83,84.17
2025-04-17,April,Q2,2025,Air Mauritius,MK,Star Air,XX,USD,247,144605.00,8676.30,2090.00,122112.22,7352.20,1700.30,22492.78,1324.10,389.70,15.55,84.45
2025-05-30,May,Q2,2025,Emirates,EK,Star Air,XX,USD,485,161910.00,9714.60,2575.00,136841.32,8210.43,2176.46,25068.68,1504.17,398.54,15.48,84.52
2025-04-17,April,Q2,2025,Emirates,EK,Star Air,XX,USD,254,81490.00,4889.40,1195.00,68674.51,4120.48,1016.10,12815.49,768.92,178.90,15.73,84.27
2025-08-24,August,Q3,2025,Qantas,QF,Star Air,XX,USD,995,956800.00,57408.00,13120.00,814651.09,48879.21,11172.79,142148.91,8528.79,1947.21,14.86,85.14
2025-04-17,April,Q2,2025,Siberia Airlines,S7,Star Air,XX,USD,1,720.00,43.20,0.00,608.14,36.49,0.00,111.86,6.71,0.00,15.54,84.46
2025-04-17,April,Q2,2025,American Airlines,AA,Star Air,XX,USD,248,317985.00,19079.10,5105.00,270150.88,13177.45,4562.24,47834.12,5901.65,542.76,15.04,84.96
2025-08-24,August,Q3,2025,Thai Airways International,TG,Star Air,XX,USD,252,187810.00,11268.60,2680.00,159086.63,9545.20,2262.88,28723.37,1723.40,417.12,15.29,84.71
2025-08-24,August,Q3,2025,Blue Panorama,BV,Star Air,XX,USD,228,70415.00,4224.90,1050.00,59488.76,3569.32,895.51,10926.24,655.58,154.49,15.52,84.48
2025-08-24,August,Q3,2025,American Airlines,AA,Star Air,XX,USD,238,263400.00,15804.00,3650.00,223895.04,13433.78,3032.58,39504.96,2370.22,617.42,15.00,85.00
2025-08-24,August,Q3,2025,JetBlue,B6,Star Air,XX,USD,256,357095.00,21425.70,5025.00,303248.28,18194.89,4304.94,53846.73,3230.81,720.06,15.08,84.92
2025-08-24,August,Q3,2025,Air Canada,AC,Star Air,XX,USD,237,69630.00,4177.80,780.00,59079.29,3544.70,655.22,10550.71,633.10,124.78,15.15,84.85
2025-08-24,August,Q3,2025,British Airways,BA,Star Air,XX,USD,254,123610.00,7416.60,1220.00,104680.25,6280.76,1037.65,18929.75,1135.84,182.35,15.31,84.69
2025-02-17,February,Q1,2025,Qantas,QF,Star Air,XX,USD,765,368575.00,22114.50,6030.00,309187.85,18551.33,5064.36,59387.15,3563.17,965.64,16.11,83.89
2025-01-01,January,Q1,2025,Air India,AI,Star Air,XX,USD,243,74255.00,4455.30,1240.00,62821.48,3769.34,1047.72,11433.52,685.96,192.28,15.40,84.60
2025-01-01,January,Q1,2025,Thai Airways International,TG,Star Air,XX,USD,257,165355.00,9921.30,2890.00,140345.86,8420.82,2550.49,25009.14,1500.48,339.51,15.12,84.88
2025-02-17,February,Q1,2025,Jet Airways,9W,Star Air,XX,USD,258,70160.00,4209.60,1345.00,59432.47,3565.92,1145.63,10727.53,643.68,199.37,15.29,84.71
2025-01-01,January,Q1,2025,British Airways,BA,Star Air,XX,USD,475,218110.00,13086.60,4695.00,184394.42,11063.63,3866.80,33715.58,2022.97,828.20,15.46,84.54
2025-01-01,January,Q1,2025,Emirates,EK,Star Air,XX,USD,501,137015.00,8220.90,1910.00,115874.54,6952.40,1588.08,21140.46,1268.50,321.92,15.43,84.57
2025-02-17,February,Q1,2025,Emirates,EK,Star Air,XX,USD,254,71870.00,4312.20,930.00,60814.39,3648.88,788.05,11055.61,663.32,141.95,15.38,84.62
2025-01-01,January,Q1,2025,Qantas,QF,Star Air,XX,USD,477,450575.00,27034.50,6515.00,386975.57,23218.47,5480.92,63599.43,3816.03,1034.08,14.12,85.88
2025-01-01,January,Q1,2025,PIA,PK,Star Air,XX,USD,248,71135.00,4268.10,915.00,60089.52,3605.35,779.25,11045.48,662.75,135.75,15.53,84.47
2025-04-30,April,Q2,2025,Thai Airways International,TG,Star Air,XX,USD,265,196630.00,11797.80,3250.00,165632.85,9937.93,2708.15,30997.15,1859.87,541.85,15.76,84.24
2025-04-30,April,Q2,2025,Qantas,QF,Star Air,XX,USD,496,514800.00,30888.00,6305.00,432181.94,24649.00,5268.93,82618.06,6239.00,1036.07,16.05,83.95
2025-04-09,April,Q2,2025,Qantas,QF,Star Air,XX,USD,494,359475.00,21568.50,5975.00,302361.55,18141.56,5023.83,57113.47,3426.94,951.17,15.89,84.11
2025-04-21,April,Q2,2025,Qantas,QF,Star Air,XX,USD,730,541255.00,32475.30,7850.00,460559.30,27633.61,6646.54,80695.70,4841.69,1203.46,14.91,85.09
2025-04-09,April,Q2,2025,Thai Airways International,TG,Star Air,XX,USD,236,160580.00,9634.80,2795.00,135149.60,8108.98,2395.14,25430.40,1525.82,399.86,15.84,84.16
2025-04-09,April,Q2,2025,Air India,AI,Star Air,XX,USD,229,74865.00,4491.90,1115.00,63565.97,3813.98,949.05,11299.03,677.92,165.95,15.09,84.91
2025-04-30,April,Q2,2025,Air India,AI,Star Air,XX,USD,246,91125.00,5467.50,1480.00,77771.96,4666.28,1246.57,13353.04,801.22,233.43,14.65,85.35
2025-04-30,April,Q2,2025,American Airlines,AA,Star Air,XX,USD,488,555525.00,33331.50,6800.00,465230.39,26094.42,5846.17,90294.61,7237.08,953.83,16.25,83.75
2025-04-21,April,Q2,2025,Emirates,EK,Star Air,XX,USD,241,73605.00,4416.30,1155.00,62740.65,3764.39,975.52,10864.35,651.91,179.48,14.76,85.24
2025-04-09,April,Q2,2025,British Airways,BA,Star Air,XX,USD,448,240155.00,14409.30,3215.00,202978.08,11809.41,2723.77,37176.92,2599.89,491.23,15.48,84.52
2025-04-09,April,Q2,2025,American Airlines,AA,Star Air,XX,USD,257,310270.00,18616.20,4405.00,262114.91,15726.93,3775.54,48155.09,2889.27,629.46,15.52,84.48
2025-04-30,April,Q2,2025,British Airways,BA,Star Air,XX,USD,254,150090.00,9005.40,2315.00,126340.33,7012.48,1978.59,23749.67,1992.92,336.41,15.82,84.18
2025-04-09,April,Q2,2025,PIA,PK,Star Air,XX,USD,245,76270.00,4576.20,1030.00,65343.89,4027.79,881.94,10926.11,548.41,148.06,14.33,85.67
2025-04-21,April,Q2,2025,Air India,AI,Star Air,XX,USD,260,83890.00,5033.40,980.00,70903.90,4264.24,816.21,12986.10,769.16,163.79,15.48,84.52
2025-04-30,April,Q2,2025,Air Canada,AC,Star Air,XX,USD,237,75805.00,4548.30,1240.00,63821.04,3829.21,1040.37,11983.96,719.09,199.63,15.81,84.19
2025-04-09,April,Q2,2025,Air Canada,AC,Star Air,XX,USD,487,157815.00,9468.90,2240.00,134722.78,8083.46,1944.93,23092.22,1385.44,295.07,14.63,85.37
2025-08-21,August,Q3,2025,Thai Airways International,TG,Star Air,XX,USD,248,177155.00,10629.30,2750.00,148736.91,8924.26,2346.73,28418.09,1705.04,403.27,16.04,83.96
2025-08-21,August,Q3,2025,Air France,AF,Star Air,XX,USD,258,236760.00,14205.60,4210.00,197810.15,11868.63,3547.40,38949.85,2336.97,662.60,16.45,83.55
2025-08-21,August,Q3,2025,Qantas,QF,Star Air,XX,USD,249,203475.00,12208.50,2530.00,171968.99,10318.18,2109.19,31506.02,1890.32,420.81,15.48,84.52
2025-08-21,August,Q3,2025,Air India,AI,Star Air,XX,USD,235,70035.00,4202.10,1150.00,59598.89,3575.89,965.64,10436.11,626.21,184.36,14.90,85.10
2025-08-21,August,Q3,2025,American Airlines,AA,Star Air,XX,USD,243,288520.00,17311.20,4935.00,244511.43,14670.69,4168.63,44008.57,2640.51,766.37,15.25,84.75
2025-08-21,August,Q3,2025,Air Canada,AC,Star Air,XX,USD,238,71805.00,4308.30,1000.00,60390.87,3623.42,864.99,11414.13,684.88,135.01,15.90,84.10
2025-08-21,August,Q3,2025,Emirates,EK,Star Air,XX,USD,240,74350.00,4461.00,1120.00,63083.65,3785.04,942.43,11266.35,675.96,177.57,15.15,84.85
2025-11-19,November,Q4,2025,Thai Airways International,TG,Star Air,XX,USD,238,162895.00,9773.70,855.00,136451.66,8187.12,1385.30,26443.34,1586.58,-530.30,16.23,83.77
2025-11-30,November,Q4,2025,Air France,AF,Star Air,XX,USD,235,195155.00,11709.30,6785.00,165390.51,9923.44,2138.98,29764.49,1785.86,4646.02,15.25,84.75
2025-11-30,November,Q4,2025,Siberia Airlines,S7,Star Air,XX,USD,1,1345.00,80.70,0.00,1273.29,76.40,0.00,71.71,4.30,0.00,5.33,94.67
2025-11-30,November,Q4,2025,Qantas,QF,Star Air,XX,USD,971,784645.00,47078.70,13685.00,667402.70,40044.07,10775.06,117242.30,7034.63,2909.94,14.94,85.06
2025-11-30,November,Q4,2025,Thai Airways International,TG,Star Air,XX,USD,238,150380.00,9022.80,12675.00,127196.26,7631.85,1978.56,23183.74,1390.95,10696.44,15.42,84.58
2025-11-30,November,Q4,2025,Air Canada,AC,Star Air,XX,USD,239,66380.00,3982.80,505.00,56128.39,3367.67,638.63,10251.61,615.13,-133.63,15.44,84.56
2025-11-30,November,Q4,2025,Emirates,EK,Star Air,XX,USD,483,138435.00,8306.10,1615.00,116435.13,6986.00,1857.78,21999.87,1320.10,-242.78,15.89,84.11
2025-11-30,November,Q4,2025,Vietnam Airlines,VN,Star Air,XX,USD,1,530.00,31.80,0.00,477.49,28.65,0.00,52.51,3.15,0.00,9.91,90.09
2025-11-30,November,Q4,2025,JetBlue,B6,Star Air,XX,USD,253,323170.00,19390.20,7830.00,273078.17,16384.63,2837.81,50091.84,3005.57,4992.19,15.50,84.50
2026-03-09,March,Q1,2026,Jet Airways,9W,Star Air,XX,USD,487,136560.00,8193.60,1440.00,114586.42,6875.13,1212.45,21973.58,1318.47,227.55,16.09,83.91
2026-01-09,January,Q1,2026,Air New Zealand,NZ,Star Air,XX,USD,235,162205.00,9732.30,2520.00,137003.72,8220.26,2086.12,25201.28,1512.04,433.88,15.54,84.46
2026-01-09,January,Q1,2026,Qantas,QF,Star Air,XX,USD,242,140135.00,8408.10,2035.00,118672.47,7120.28,1703.88,21462.53,1287.82,331.12,15.32,84.68
2026-01-09,January,Q1,2026,Thai Airways International,TG,Star Air,XX,USD,246,158625.00,9517.50,2560.00,135728.55,8143.78,2125.30,22896.45,1373.72,434.70,14.43,85.57
2026-03-09,March,Q1,2026,Air New Zealand,NZ,Star Air,XX,USD,245,77275.00,4636.50,1015.00,65926.99,3955.72,859.24,11348.01,680.78,155.76,14.69,85.31
2026-03-09,March,Q1,2026,Qantas,QF,Star Air,XX,USD,717,448395.00,26903.70,5340.00,378717.51,22722.96,4520.08,69677.49,4180.74,819.92,15.54,84.46
2026-01-09,January,Q1,2026,PIA,PK,Star Air,XX,USD,257,72975.00,4378.50,1165.00,61287.44,3677.15,971.74,11687.56,701.35,193.26,16.02,83.98
2026-01-09,January,Q1,2026,SIA,SQ,Star Air,XX,USD,248,102590.00,6155.40,1535.00,87430.55,5245.83,1270.52,15159.45,909.57,264.48,14.78,85.22
2026-01-09,January,Q1,2026,Air Canada,AC,Star Air,XX,USD,242,66015.00,3960.90,885.00,55439.10,3326.29,709.39,10575.90,634.61,175.61,16.02,83.98
2026-03-09,March,Q1,2026,Emirates,EK,Star Air,XX,USD,241,69160.00,4149.60,965.00,58513.63,3510.79,827.04,10646.37,638.81,137.96,15.39,84.61
2026-03-09,March,Q1,2026,Air Canada,AC,Star Air,XX,USD,243,67070.00,4024.20,1095.00,56545.06,3392.72,913.88,10524.94,631.48,181.12,15.69,84.31
2026-01-09,January,Q1,2026,Emirates,EK,Star Air,XX,USD,226,64090.00,3845.40,805.00,54627.96,3277.62,673.92,9462.04,567.78,131.08,14.76,85.24
2026-03-09,March,Q1,2026,SIA,SQ,Star Air,XX,USD,255,106095.00,6365.70,1330.00,89962.03,5397.62,1138.55,16132.97,968.08,191.45,15.21,84.79
2026-03-09,March,Q1,2026,PIA,PK,Star Air,XX,USD,253,70540.00,4232.40,910.00,59906.36,3594.36,779.55,10633.64,638.04,130.45,15.07,84.93
2026-03-09,March,Q1,2026,Air Mauritius,MK,Star Air,XX,USD,237,144230.00,8653.80,2425.00,121305.22,7278.35,2029.97,22924.78,1375.45,395.03,15.89,84.11
2025-10-05,October,Q4,2025,Air France,AF,Star Air,XX,USD,239,216570.00,12994.20,8220.00,184360.04,11061.55,2593.85,32209.96,1932.65,5626.15,14.87,85.13
2025-10-05,October,Q4,2025,Air India,AI,Star Air,XX,USD,269,87370.00,5242.20,715.00,74296.90,4457.85,1277.93,13073.10,784.35,-562.93,14.96,85.04
2025-10-05,October,Q4,2025,Thai Airways International,TG,Star Air,XX,USD,247,158105.00,9486.30,15335.00,131984.71,7919.10,1801.90,26120.29,1567.20,13533.10,16.52,83.48
2025-10-05,October,Q4,2025,Qantas,QF,Star Air,XX,USD,943,917830.00,55069.80,13565.00,777253.35,46635.02,12217.08,140576.65,8434.78,1347.92,15.32,84.68
2025-11-17,November,Q4,2025,Qantas,QF,Star Air,XX,USD,724,506860.00,30411.60,5260.00,429883.88,25792.98,6416.29,76976.12,4618.62,-1156.29,15.19,84.81
2025-10-05,October,Q4,2025,American Airlines,AA,Star Air,XX,USD,223,237130.00,14227.80,2130.00,200508.65,12030.47,2782.03,36621.35,2197.33,-652.03,15.44,84.56
2025-10-05,October,Q4,2025,Emirates,EK,Star Air,XX,USD,479,144555.00,8673.30,1735.00,122548.53,7352.87,2195.09,22006.47,1320.43,-460.09,15.22,84.78
2025-11-17,November,Q4,2025,Air Mauritius,MK,Star Air,XX,USD,236,163370.00,9802.20,11080.00,139613.37,8376.83,1517.08,23756.63,1425.37,9562.92,14.54,85.46
2025-10-05,October,Q4,2025,Blue Panorama,BV,Star Air,XX,USD,223,63410.00,3804.60,10390.00,53372.70,3202.40,875.36,10037.30,602.20,9514.64,15.83,84.17
2025-11-17,November,Q4,2025,Emirates,EK,Star Air,XX,USD,489,136445.00,8186.70,1565.00,116566.37,6993.86,1940.61,19878.63,1192.84,-375.61,14.57,85.43
2025-11-17,November,Q4,2025,Air India,AI,Star Air,XX,USD,257,68940.00,4136.40,395.00,58736.58,3524.24,676.67,10203.42,612.16,-281.67,14.80,85.20
2026-02-04,February,Q1,2026,Thai Airways International,TG,Star Air,XX,USD,245,153320.00,9199.20,2080.00,129724.00,7783.44,1786.46,23596.00,1415.76,293.54,15.39,84.61
2026-03-24,March,Q1,2026,American Airlines,AA,Star Air,XX,USD,497,586015.00,35160.90,10525.00,493933.59,29635.97,8815.05,92081.41,5524.93,1709.95,15.71,84.29
2026-03-24,March,Q1,2026,British Airways,BA,Star Air,XX,USD,247,130490.00,7829.40,1525.00,109450.40,6566.97,1314.60,21039.60,1262.43,210.40,16.12,83.88
2026-03-24,March,Q1,2026,Air India,AI,Star Air,XX,USD,237,76840.00,4610.40,1315.00,64900.57,3894.07,1098.05,11939.43,716.33,216.95,15.54,84.46
2026-03-24,March,Q1,2026,Qantas,QF,Star Air,XX,USD,488,511260.00,30675.60,7865.00,436872.94,26212.30,6645.94,74387.06,4463.30,1219.06,14.55,85.45
2026-02-04,February,Q1,2026,American Airlines,AA,Star Air,XX,USD,254,291790.00,17507.40,5730.00,248667.64,14920.10,4848.05,43122.36,2587.30,881.95,14.78,85.22
2026-02-04,February,Q1,2026,Emirates,EK,Star Air,XX,USD,240,67360.00,4041.60,925.00,57243.63,3434.57,766.39,10116.37,607.03,158.61,15.02,84.98
2026-02-04,February,Q1,2026,British Airways,BA,Star Air,XX,USD,242,116225.00,6973.50,1515.00,99040.90,5942.32,1300.25,17184.10,1031.18,214.75,14.79,85.21
2026-03-24,March,Q1,2026,Emirates,EK,Star Air,XX,USD,244,70445.00,4226.70,1180.00,59287.22,3557.28,963.19,11157.78,669.42,216.81,15.84,84.16
2026-02-04,February,Q1,2026,PIA,PK,Star Air,XX,USD,243,71130.00,4267.80,1045.00,60314.94,3618.87,921.57,10815.06,648.93,123.43,15.20,84.80
2026-02-04,February,Q1,2026,Air Canada,AC,Star Air,XX,USD,236,71070.00,4264.20,1130.00,59584.69,3575.13,963.32,11485.31,689.07,166.68,16.16,83.84
2026-03-24,March,Q1,2026,Air Canada,AC,Star Air,XX,USD,249,70175.00,4210.50,1275.00,59394.79,3563.69,1060.10,10780.21,646.81,214.90,15.36,84.64
2025-07-03,July,Q3,2025,Qantas,QF,Star Air,XX,USD,1219,1106130.00,66367.80,15165.00,933051.60,55983.03,12785.72,173078.40,10384.77,2379.28,15.65,84.35
2025-08-07,August,Q3,2025,Thai Airways International,TG,Star Air,XX,USD,240,163535.00,9812.10,3035.00,138632.22,8318.02,2577.81,24902.78,1494.08,457.19,15.23,84.77
2025-08-07,August,Q3,2025,Qantas,QF,Star Air,XX,USD,254,208290.00,12497.40,2660.00,176191.11,10571.43,2234.31,32098.89,1925.97,425.69,15.41,84.59
2025-08-07,August,Q3,2025,JetBlue,B6,Star Air,XX,USD,218,303885.00,18233.10,2930.00,258686.58,15521.23,2506.60,45198.42,2711.87,423.40,14.87,85.13
2025-07-07,July,Q3,2025,Emirates,EK,Star Air,XX,USD,493,159795.00,9587.70,2850.00,135669.73,8140.18,2392.73,24125.27,1447.52,457.27,15.10,84.90
2025-08-07,August,Q3,2025,Air India,AI,Star Air,XX,USD,247,72485.00,4349.10,1180.00,60981.56,3658.89,980.35,11503.44,690.21,199.65,15.87,84.13
2025-07-07,July,Q3,2025,Air India,AI,Star Air,XX,USD,253,76845.00,4610.70,770.00,65202.64,3912.17,656.05,11642.36,698.53,113.95,15.15,84.85
2025-08-07,August,Q3,2025,Air Mauritius,MK,Star Air,XX,USD,212,148615.00,8916.90,2350.00,125102.44,7506.06,2011.09,23512.56,1410.84,338.91,15.82,84.18
2025-07-03,July,Q3,2025,Blue Panorama,BV,Star Air,XX,USD,255,74960.00,4497.60,1180.00,63907.18,3834.38,1017.13,11052.82,663.22,162.87,14.74,85.26
2025-07-03,July,Q3,2025,Air Canada,AC,Star Air,XX,USD,244,77105.00,4626.30,1260.00,64790.39,3887.34,1042.06,12314.61,738.96,217.94,15.97,84.03
2025-07-03,July,Q3,2025,American Airlines,AA,Star Air,XX,USD,270,332885.00,19973.10,5215.00,285726.06,17143.73,4308.14,47158.94,2829.37,906.86,14.17,85.83
2025-07-03,July,Q3,2025,Emirates,EK,Star Air,XX,USD,483,151740.00,9104.40,2370.00,128448.09,7706.97,2028.44,23291.91,1397.43,341.56,15.35,84.65
2025-08-07,August,Q3,2025,Emirates,EK,Star Air,XX,USD,249,77700.00,4662.00,840.00,65904.11,3954.35,710.98,11795.89,707.65,129.02,15.18,84.82
2025-01-06,January,Q1,2025,Qantas,QF,Star Air,XX,USD,259,138500.00,8310.00,1915.00,115948.47,6956.93,1574.27,22551.53,1353.07,340.73,16.28,83.72
2025-02-10,February,Q1,2025,Qantas,QF,Star Air,XX,USD,485,418275.00,25096.50,6405.00,348873.01,20932.41,5402.08,69401.99,4164.09,1002.92,16.59,83.41
2025-01-06,January,Q1,2025,Emirates,EK,Star Air,XX,USD,516,142895.00,8573.70,2280.00,121230.73,7273.74,1930.01,21664.27,1299.96,349.99,15.16,84.84
2025-01-06,January,Q1,2025,Air Mauritius,MK,Star Air,XX,USD,253,160640.00,9638.40,1835.00,135724.72,8143.50,1585.35,24915.28,1494.90,249.65,15.51,84.49
2025-02-10,February,Q1,2025,Air Mauritius,MK,Star Air,XX,USD,239,141140.00,8468.40,1915.00,118544.56,7112.73,1612.23,22595.44,1355.67,302.77,16.01,83.99
2025-05-06,May,Q2,2025,JetBlue,B6,Star Air,XX,USD,244,370185.00,22211.10,5040.00,313597.90,18815.86,4327.68,56587.10,3395.24,712.32,15.29,84.71
2025-05-06,May,Q2,2025,Jet Airways,9W,Star Air,XX,USD,230,75585.00,4535.10,825.00,63541.48,3812.49,728.14,12043.52,722.61,96.86,15.93,84.07
2025-05-06,May,Q2,2025,Qantas,QF,Star Air,XX,USD,443,325310.00,19518.60,4945.00,275999.86,16559.89,4201.25,49310.14,2958.71,743.75,15.16,84.84
2025-05-06,May,Q2,2025,Thai Airways International,TG,Star Air,XX,USD,240,172515.00,10350.90,2415.00,147613.45,8856.79,2070.30,24901.55,1494.11,344.70,14.43,85.57
2025-05-06,May,Q2,2025,Air India,AI,Star Air,XX,USD,230,84625.00,5077.50,1330.00,71037.98,4262.31,1127.79,13587.02,815.19,202.21,16.06,83.94
2025-05-06,May,Q2,2025,Air New Zealand,NZ,Star Air,XX,USD,241,86695.00,5201.70,1585.00,72843.03,4370.56,1295.68,13851.97,831.14,289.32,15.98,84.02
2025-05-06,May,Q2,2025,Emirates,EK,Star Air,XX,USD,235,77555.00,4653.30,1205.00,65624.94,3937.42,995.84,11930.06,715.88,209.16,15.38,84.62
2025-05-06,May,Q2,2025,SIA,SQ,Star Air,XX,USD,247,110485.00,6629.10,1600.00,94078.12,5644.56,1348.19,16406.88,984.54,251.81,14.85,85.15
2025-05-06,May,Q2,2025,Air Mauritius,MK,Star Air,XX,USD,224,141920.00,8515.20,1785.00,120887.68,7080.06,1535.31,21032.32,1435.14,249.69,14.82,85.18
2025-05-06,May,Q2,2025,Air Canada,AC,Star Air,XX,USD,251,78395.00,4703.70,1035.00,66775.21,4006.53,895.33,11619.79,697.17,139.67,14.82,85.18
2025-08-13,August,Q3,2025,Thai Airways International,TG,Star Air,XX,USD,248,164445.00,9866.70,3380.00,138730.64,8323.84,2810.50,25714.36,1542.86,569.50,15.64,84.36
2025-07-25,July,Q3,2025,Jet Airways,9W,Star Air,XX,USD,250,73620.00,4417.20,1025.00,62129.87,3727.76,898.25,11490.13,689.44,126.75,15.61,84.39
2025-07-25,July,Q3,2025,Qantas,QF,Star Air,XX,USD,1277,772240.00,46334.40,12165.00,653343.77,39200.55,10242.95,118896.23,7133.85,1922.05,15.40,84.60
2025-07-25,July,Q3,2025,Air New Zealand,NZ,Star Air,XX,USD,265,89165.00,5349.90,1350.00,74909.94,4494.56,1139.61,14255.07,855.34,210.39,15.99,84.01
2025-08-13,August,Q3,2025,Air India,AI,Star Air,XX,USD,230,75580.00,4534.80,1235.00,64394.24,3863.68,1056.50,11185.76,671.12,178.50,14.80,85.20
2025-08-13,August,Q3,2025,British Airways,BA,Star Air,XX,USD,464,266840.00,16010.40,4340.00,227336.64,13640.05,3721.43,39503.36,2370.35,618.57,14.80,85.20
2025-08-13,August,Q3,2025,Emirates,EK,Star Air,XX,USD,226,71485.00,4289.10,850.00,60302.20,3618.08,745.46,11182.80,671.02,104.54,15.64,84.36
2025-07-25,July,Q3,2025,SIA,SQ,Star Air,XX,USD,232,104445.00,6266.70,1820.00,87084.82,5225.13,1552.24,17360.18,1041.57,267.76,16.62,83.38
2025-08-13,August,Q3,2025,Qantas,QF,Star Air,XX,USD,236,292080.00,17524.80,5425.00,247890.74,14873.44,4524.65,44189.26,2651.36,900.35,15.13,84.87
2025-08-13,August,Q3,2025,Air Canada,AC,Star Air,XX,USD,253,84310.00,5058.60,960.00,70889.37,4253.34,815.51,13420.64,805.26,144.49,15.92,84.08
2025-07-25,July,Q3,2025,Emirates,EK,Star Air,XX,USD,482,155945.00,9356.70,2150.00,130476.23,7828.55,1786.14,25468.77,1528.15,363.86,16.33,83.67
2025-10-07,October,Q4,2025,JetBlue,B6,Star Air,XX,USD,247,355505.00,21330.30,14460.00,303901.96,18234.12,5090.27,51603.04,3096.18,9369.73,14.52,85.48
2025-10-07,October,Q4,2025,Air New Zealand,NZ,Star Air,XX,USD,245,192220.00,11533.20,2180.00,160650.67,9639.13,2215.69,31569.33,1894.07,-35.69,16.42,83.58
2025-10-07,October,Q4,2025,Qantas,QF,Star Air,XX,USD,692,446760.00,26805.60,4175.00,379499.14,22769.94,5233.25,67260.86,4035.66,-1058.25,15.06,84.94
2025-10-07,October,Q4,2025,Jet Airways,9W,Star Air,XX,USD,238,68390.00,4103.40,6325.00,57354.42,3441.24,664.92,11035.58,662.16,5660.08,16.14,83.86
2025-10-07,October,Q4,2025,PIA,PK,Star Air,XX,USD,254,77905.00,4674.30,565.00,65042.48,3902.58,860.67,12862.52,771.72,-295.67,16.51,83.49
2025-10-07,October,Q4,2025,Air Canada,AC,Star Air,XX,USD,247,74550.00,4473.00,2140.00,62500.07,3749.98,927.48,12049.93,723.02,1212.52,16.16,83.84
2025-10-07,October,Q4,2025,SIA,SQ,Star Air,XX,USD,264,114855.00,6891.30,4265.00,96880.51,5812.83,1531.49,17974.49,1078.47,2733.51,15.65,84.35
2026-03-29,March,Q1,2026,Qantas,QF,Star Air,XX,USD,729,609510.00,36570.60,8965.00,515540.30,30932.51,7633.53,93969.70,5638.09,1331.47,15.42,84.58
2026-03-29,March,Q1,2026,Jet Airways,9W,Star Air,XX,USD,250,71090.00,4265.40,1290.00,59976.53,3598.51,1064.16,11113.47,666.89,225.84,15.63,84.37
2026-03-29,March,Q1,2026,Air Mauritius,MK,Star Air,XX,USD,234,155020.00,9301.20,2180.00,131765.27,7905.84,1868.90,23254.73,1395.36,311.10,15.00,85.00
2026-03-29,March,Q1,2026,Emirates,EK,Star Air,XX,USD,244,73645.00,4418.70,1330.00,62241.98,3734.47,1117.33,11403.02,684.23,212.67,15.48,84.52
2025-01-29,January,Q1,2025,American Airlines,AA,Star Air,XX,USD,467,485355.00,29121.30,7915.00,408993.66,24539.68,6589.13,76361.34,4581.62,1325.87,15.73,84.27
2025-01-29,January,Q1,2025,Thai Airways International,TG,Star Air,XX,USD,255,163430.00,9805.80,2175.00,139418.59,8365.17,1864.45,24011.41,1440.63,310.55,14.69,85.31
2025-01-29,January,Q1,2025,Qantas,QF,Star Air,XX,USD,771,738625.00,44317.50,11465.00,620525.40,37231.56,9575.39,118099.60,7085.94,1889.61,15.99,84.01
2025-01-29,January,Q1,2025,British Airways,BA,Star Air,XX,USD,504,233400.00,14004.00,3940.00,198045.60,11882.72,3421.89,35354.40,2121.28,518.11,15.15,84.85
2025-01-29,January,Q1,2025,Emirates,EK,Star Air,XX,USD,256,74365.00,4461.90,1250.00,62610.57,3756.57,1022.43,11754.43,705.33,227.57,15.81,84.19
2025-06-05,June,Q2,2025,Qantas,QF,Star Air,XX,USD,690,693170.00,41590.20,9360.00,587127.49,35224.62,8003.95,106042.51,6365.58,1356.05,15.30,84.70
2025-06-13,June,Q2,2025,Air New Zealand,NZ,Star Air,XX,USD,464,277125.00,16627.50,4140.00,234740.44,14084.46,3525.08,42384.56,2543.04,614.92,15.29,84.71
2025-04-20,April,Q2,2025,Air France,AF,Star Air,XX,USD,234,240365.00,14421.90,4430.00,202265.40,12136.03,3802.40,38099.60,2285.87,627.60,15.85,84.15
2025-06-13,June,Q2,2025,Qantas,QF,Star Air,XX,USD,1183,813570.00,48814.20,13000.00,688280.24,41296.85,11059.00,125289.76,7517.35,1941.00,15.40,84.60
2025-06-13,June,Q2,2025,Jet Airways,9W,Star Air,XX,USD,248,80255.00,4815.30,1475.00,67585.63,4055.13,1185.43,12669.37,760.17,289.57,15.79,84.21
2025-06-05,June,Q2,2025,Air France,AF,Star Air,XX,USD,242,253585.00,15215.10,4000.00,213157.15,12789.48,3346.94,40427.85,2425.62,653.06,15.94,84.06
2025-06-05,June,Q2,2025,Air India,AI,Star Air,XX,USD,237,75545.00,4532.70,1135.00,64425.08,3865.51,951.63,11119.92,667.19,183.37,14.72,85.28
2025-04-20,April,Q2,2025,Blue Panorama,BV,Star Air,XX,USD,245,73070.00,4384.20,1290.00,61629.16,3697.80,1065.80,11440.84,686.40,224.20,15.66,84.34
2025-04-20,April,Q2,2025,American Airlines,AA,Star Air,XX,USD,470,560745.00,33644.70,9300.00,476764.44,28605.88,8118.74,83980.56,5038.82,1181.26,14.98,85.02
2025-04-20,April,Q2,2025,Air Canada,AC,Star Air,XX,USD,250,79890.00,4793.40,890.00,68407.92,4104.49,747.73,11482.08,688.91,142.27,14.37,85.63
2025-06-05,June,Q2,2025,JetBlue,B6,Star Air,XX,USD,242,347295.00,20837.70,5725.00,295479.31,17728.73,4883.30,51815.70,3108.97,841.70,14.92,85.08
2025-04-20,April,Q2,2025,Qantas,QF,Star Air,XX,USD,232,345580.00,20734.80,4250.00,291478.06,17488.68,3662.07,54101.94,3246.12,587.93,15.66,84.34
2025-06-13,June,Q2,2025,Air Canada,AC,Star Air,XX,USD,243,83280.00,4996.80,1085.00,70062.03,4203.76,912.40,13217.97,793.04,172.60,15.87,84.13
2025-06-13,June,Q2,2025,SIA,SQ,Star Air,XX,USD,222,106100.00,6366.00,2170.00,89804.40,5388.27,1877.44,16295.60,977.73,292.56,15.36,84.64
2025-04-20,April,Q2,2025,British Airways,BA,Star Air,XX,USD,255,136910.00,8214.60,2100.00,116008.26,6380.11,1795.50,20901.74,1834.49,304.50,15.27,84.73
2025-06-05,June,Q2,2025,Blue Panorama,BV,Star Air,XX,USD,254,76255.00,4575.30,1075.00,64453.51,3967.33,898.03,11801.49,607.97,176.97,15.48,84.52
2025-06-05,June,Q2,2025,PIA,PK,Star Air,XX,USD,255,77505.00,4650.30,1310.00,65858.68,4031.27,1106.16,11646.32,619.03,203.84,15.03,84.97
2025-06-05,June,Q2,2025,American Airlines,AA,Star Air,XX,USD,249,345125.00,20707.50,4595.00,291324.86,14895.38,3843.62,53800.14,5812.12,751.38,15.59,84.41
2025-06-13,June,Q2,2025,Emirates,EK,Star Air,XX,USD,251,78450.00,4707.00,1420.00,66617.97,3996.98,1222.03,11832.03,710.02,197.97,15.08,84.92
2025-09-06,September,Q3,2025,Air India,AI,Star Air,XX,USD,246,94645.00,5678.70,1410.00,80434.20,4826.12,1234.50,14210.80,852.58,175.50,15.01,84.99
2025-06-05,June,Q2,2025,Emirates,EK,Star Air,XX,USD,481,165710.00,9942.60,1650.00,139982.10,8398.83,1408.50,25727.90,1543.77,241.50,15.53,84.47
2025-04-20,April,Q2,2025,Emirates,EK,Star Air,XX,USD,229,71015.00,4260.90,945.00,60329.74,3619.78,811.49,10685.26,641.12,133.51,15.05,84.95
2025-09-06,September,Q3,2025,Jet Airways,9W,Star Air,XX,USD,236,66700.00,4002.00,755.00,56487.24,3389.14,637.90,10212.76,612.86,117.10,15.31,84.69
2025-07-28,July,Q3,2025,Qantas,QF,Star Air,XX,USD,492,481055.00,28863.30,6740.00,404485.88,24269.15,5647.84,76569.12,4594.15,1092.16,15.92,84.08
2025-09-06,September,Q3,2025,American Airlines,AA,Star Air,XX,USD,255,275855.00,16551.30,4720.00,232670.19,13960.13,4027.38,43184.81,2591.17,692.62,15.65,84.35
2025-09-06,September,Q3,2025,Air Canada,AC,Star Air,XX,USD,435,130990.00,7859.40,1860.00,111411.34,6684.65,1583.62,19578.67,1174.75,276.38,14.95,85.05
2025-09-06,September,Q3,2025,Emirates,EK,Star Air,XX,USD,472,138580.00,8314.80,1735.00,116800.41,7008.08,1480.44,21779.59,1306.72,254.56,15.72,84.28
2025-09-06,September,Q3,2025,PIA,PK,Star Air,XX,USD,220,66475.00,3988.50,940.00,56898.07,3413.83,788.22,9576.93,574.67,151.78,14.41,85.59
2025-07-28,July,Q3,2025,Emirates,EK,Star Air,XX,USD,249,76215.00,4572.90,830.00,64334.83,3860.13,715.15,11880.17,712.77,114.85,15.59,84.41
2025-07-28,July,Q3,2025,Air India,AI,Star Air,XX,USD,250,72370.00,4342.20,1235.00,61077.29,3664.63,1051.79,11292.71,677.57,183.21,15.60,84.40
2025-09-06,September,Q3,2025,Qantas,QF,Star Air,XX,USD,241,309900.00,18594.00,3690.00,263433.07,15805.98,3071.89,46466.93,2788.02,618.11,14.99,85.01
2025-09-06,September,Q3,2025,SIA,SQ,Star Air,XX,USD,239,106840.00,6410.40,1555.00,90694.93,5441.65,1338.96,16145.07,968.75,216.04,15.11,84.89
2025-10-07,October,Q4,2025,Thai Airways International,TG,Star Air,XX,USD,237,149065.00,8943.90,1270.00,125339.90,7520.42,1736.78,23725.10,1423.48,-466.78,15.92,84.08
2025-01-26,January,Q1,2025,Qantas,QF,Star Air,XX,USD,1035,960070.00,57604.20,12895.00,816685.01,49001.16,10935.83,143384.99,8603.04,1959.17,14.93,85.07
2025-01-26,January,Q1,2025,Air India,AI,Star Air,XX,USD,248,86120.00,5167.20,1410.00,72041.39,4322.55,1180.32,14078.61,844.65,229.68,16.35,83.65
2025-01-16,January,Q1,2025,Qantas,QF,Star Air,XX,USD,252,148940.00,8936.40,2020.00,127564.06,7653.88,1678.39,21375.94,1282.52,341.61,14.35,85.65
2025-01-16,January,Q1,2025,Air France,AF,Star Air,XX,USD,259,213165.00,12789.90,2755.00,179669.48,10780.18,2303.46,33495.52,2009.72,451.54,15.71,84.29
2025-01-16,January,Q1,2025,Vietnam Airlines,VN,Star Air,XX,USD,2,965.00,57.90,0.00,835.17,50.11,0.00,129.83,7.79,0.00,13.45,86.55
2025-01-26,January,Q1,2025,British Airways,BA,Star Air,XX,USD,268,127690.00,7661.40,1455.00,109731.63,6583.92,1223.46,17958.37,1077.48,231.54,14.06,85.94
2025-01-26,January,Q1,2025,JetBlue,B6,Star Air,XX,USD,245,325790.00,19547.40,5865.00,273491.72,16409.45,4913.50,52298.28,3137.95,951.50,16.05,83.95
2025-01-16,January,Q1,2025,Blue Panorama,BV,Star Air,XX,USD,264,65530.00,3931.80,925.00,55756.55,3345.33,804.96,9773.45,586.47,120.04,14.91,85.09
2025-01-26,January,Q1,2025,Emirates,EK,Star Air,XX,USD,510,141300.00,8478.00,2135.00,119708.88,7182.49,1797.42,21591.12,1295.51,337.58,15.28,84.72
2025-01-26,January,Q1,2025,Air Canada,AC,Star Air,XX,USD,259,72315.00,4338.90,1100.00,61031.14,3661.78,898.20,11283.86,677.12,201.80,15.60,84.40
2025-01-16,January,Q1,2025,PIA,PK,Star Air,XX,USD,259,75390.00,4523.40,1655.00,63793.28,3827.56,1414.52,11596.72,695.84,240.48,15.38,84.62
2025-01-16,January,Q1,2025,Siberia Airlines,S7,Star Air,XX,USD,1,1495.00,89.70,0.00,1126.74,67.60,0.00,368.26,22.10,0.00,24.63,75.37
2025-01-16,January,Q1,2025,Emirates,EK,Star Air,XX,USD,248,66895.00,4013.70,1095.00,56463.97,3387.88,919.08,10431.03,625.82,175.92,15.59,84.41
2025-01-16,January,Q1,2025,Air Canada,AC,Star Air,XX,USD,261,76490.00,4589.40,1340.00,64266.85,3856.03,1141.85,12223.15,733.37,198.15,15.98,84.02
2025-07-01,July,Q3,2025,Air New Zealand,NZ,Star Air,XX,USD,505,292750.00,17565.00,6325.00,245654.03,14739.13,5256.49,47095.97,2825.87,1068.51,16.09,83.91
2025-07-01,July,Q3,2025,Thai Airways International,TG,Star Air,XX,USD,260,176805.00,10608.30,2580.00,150777.50,9046.64,2159.29,26027.50,1561.66,420.71,14.72,85.28
2025-07-01,July,Q3,2025,JetBlue,B6,Star Air,XX,USD,253,375165.00,22509.90,5650.00,314987.07,18899.25,4577.92,60177.94,3610.65,1072.08,16.04,83.96
2025-07-01,July,Q3,2025,Qantas,QF,Star Air,XX,USD,239,148545.00,8912.70,1815.00,125560.97,7533.64,1514.14,22984.03,1379.06,300.86,15.47,84.53
2025-09-01,September,Q3,2025,Qantas,QF,Star Air,XX,USD,485,227000.00,13620.00,2860.00,190933.11,11456.01,2418.43,36066.89,2163.99,441.57,15.89,84.11
2025-07-01,July,Q3,2025,Air India,AI,Star Air,XX,USD,247,87730.00,5263.80,1390.00,74540.28,4472.38,1174.16,13189.72,791.42,215.84,15.03,84.97
2025-09-01,September,Q3,2025,Emirates,EK,Star Air,XX,USD,247,75595.00,4535.70,905.00,63952.79,3837.12,785.66,11642.21,698.58,119.34,15.40,84.60
2025-07-01,July,Q3,2025,Vietnam Airlines,VN,Star Air,XX,USD,1,285.00,17.10,0.00,243.58,14.61,0.00,41.42,2.49,0.00,14.53,85.47
2025-07-01,July,Q3,2025,Siberia Airlines,S7,Star Air,XX,USD,1,705.00,42.30,0.00,647.02,38.82,0.00,57.98,3.48,0.00,8.22,91.78
2025-07-01,July,Q3,2025,Air Canada,AC,Star Air,XX,USD,247,76740.00,4604.40,1000.00,64849.45,3890.92,855.22,11890.55,713.48,144.78,15.49,84.51
2025-07-01,July,Q3,2025,SIA,SQ,Star Air,XX,USD,237,110700.00,6642.00,2025.00,93681.47,5620.91,1687.20,17018.53,1021.09,337.80,15.37,84.63
2025-02-01,February,Q1,2025,PIA,PK,Star Air,XX,USD,256,71340.00,4280.40,1135.00,60827.98,3649.70,945.51,10512.02,630.70,189.49,14.74,85.26
2025-02-01,February,Q1,2025,Thai Airways International,TG,Star Air,XX,USD,261,168305.00,10098.30,2950.00,142965.92,8578.07,2552.79,25339.08,1520.23,397.21,15.06,84.94
2025-02-01,February,Q1,2025,Jet Airways,9W,Star Air,XX,USD,247,66015.00,3960.90,810.00,55409.36,3324.64,686.08,10605.64,636.26,123.92,16.07,83.93
2025-02-01,February,Q1,2025,JetBlue,B6,Star Air,XX,USD,259,324995.00,19499.70,4050.00,274986.93,16499.25,3426.79,50008.07,3000.45,623.21,15.39,84.61
2025-02-01,February,Q1,2025,Emirates,EK,Star Air,XX,USD,519,144550.00,8673.00,2360.00,122421.91,7345.25,1985.58,22128.09,1327.75,374.42,15.31,84.69
2025-02-01,February,Q1,2025,American Airlines,AA,Star Air,XX,USD,511,569195.00,34151.70,10735.00,480451.89,28827.26,9043.27,88743.11,5324.44,1691.73,15.59,84.41
2025-02-01,February,Q1,2025,Qantas,QF,Star Air,XX,USD,249,292855.00,17571.30,3490.00,246841.12,14810.44,2949.27,46013.88,2760.86,540.73,15.71,84.29
2025-02-01,February,Q1,2025,SIA,SQ,Star Air,XX,USD,255,99735.00,5984.10,1410.00,85153.85,5109.23,1193.23,14581.15,874.87,216.77,14.62,85.38
2025-04-29,April,Q2,2025,Jet Airways,9W,Star Air,XX,USD,238,70670.00,4240.20,1025.00,60132.54,3607.98,877.69,10537.46,632.22,147.31,14.91,85.09
2025-04-29,April,Q2,2025,Air New Zealand,NZ,Star Air,XX,USD,250,202045.00,12122.70,1760.00,170988.23,10259.37,1462.60,31056.77,1863.33,297.40,15.37,84.63
2025-04-29,April,Q2,2025,Qantas,QF,Star Air,XX,USD,722,530715.00,31842.90,8820.00,447691.23,26861.40,7438.00,83023.77,4981.50,1382.00,15.64,84.36
2025-05-12,May,Q2,2025,Jet Airways,9W,Star Air,XX,USD,248,76935.00,4616.10,1245.00,65266.21,3916.04,1080.40,11668.79,700.06,164.60,15.17,84.83
2025-05-12,May,Q2,2025,Qantas,QF,Star Air,XX,USD,250,96760.00,5805.60,1580.00,81150.64,4869.05,1344.35,15609.36,936.55,235.65,16.13,83.87
2025-04-29,April,Q2,2025,SIA,SQ,Star Air,XX,USD,489,221330.00,13279.80,3145.00,187562.84,10279.59,2620.47,33767.16,3000.21,524.53,15.26,84.74
2025-05-12,May,Q2,2025,Air Mauritius,MK,Star Air,XX,USD,231,158675.00,9520.50,3310.00,134332.34,8060.01,2797.61,24342.66,1460.49,512.39,15.34,84.66
2025-04-29,April,Q2,2025,Emirates,EK,Star Air,XX,USD,243,76430.00,4585.80,1055.00,64990.62,3899.38,890.08,11439.38,686.42,164.92,14.97,85.03
2025-05-12,May,Q2,2025,Air India,AI,Star Air,XX,USD,248,81100.00,4866.00,1300.00,67610.21,3984.99,1111.51,13489.79,881.01,188.49,16.63,83.37
2025-04-29,April,Q2,2025,Air Canada,AC,Star Air,XX,USD,252,81135.00,4868.10,1160.00,69213.77,4152.70,1020.77,11921.23,715.40,139.23,14.69,85.31
2025-10-16,October,Q4,2025,Thai Airways International,TG,Star Air,XX,USD,242,167700.00,10062.00,1265.00,142409.24,8544.56,1784.58,25290.76,1517.44,-519.58,15.08,84.92
2025-05-05,May,Q2,2025,Qantas,QF,Star Air,XX,USD,478,245720.00,14743.20,3620.00,207956.86,12477.38,3028.97,37763.14,2265.82,591.03,15.37,84.63
2025-06-12,June,Q2,2025,Thai Airways International,TG,Star Air,XX,USD,245,170870.00,10252.20,2435.00,145377.78,8722.65,2102.21,25492.23,1529.55,332.79,14.92,85.08
2025-06-12,June,Q2,2025,JetBlue,B6,Star Air,XX,USD,243,329290.00,19757.40,4145.00,281598.66,16895.88,3579.05,47691.35,2861.52,565.95,14.48,85.52
2025-06-12,June,Q2,2025,Air France,AF,Star Air,XX,USD,241,262190.00,15731.40,4640.00,224390.17,13463.50,3994.99,37799.83,2267.90,645.01,14.42,85.58
2025-06-12,June,Q2,2025,Air India,AI,Star Air,XX,USD,242,72930.00,4375.80,1210.00,61289.12,3677.41,1008.59,11640.88,698.39,201.41,15.96,84.04
2025-05-05,May,Q2,2025,Emirates,EK,Star Air,XX,USD,489,162910.00,9774.60,2015.00,138494.99,8309.67,1679.51,24415.01,1464.93,335.49,14.99,85.01
2025-06-12,June,Q2,2025,Qantas,QF,Star Air,XX,USD,211,176525.00,10591.50,2295.00,149548.76,8972.89,1902.51,26976.24,1618.61,392.49,15.28,84.72
2025-06-12,June,Q2,2025,Blue Panorama,BV,Star Air,XX,USD,250,73915.00,4434.90,1125.00,63293.38,3901.91,948.32,10621.62,532.99,176.68,14.37,85.63
2025-06-12,June,Q2,2025,PIA,PK,Star Air,XX,USD,245,81875.00,4912.50,945.00,69375.87,4055.99,795.08,12499.13,856.51,149.92,15.27,84.73
2025-08-09,August,Q3,2025,Air India,AI,Star Air,XX,USD,267,92835.00,5570.10,1550.00,78999.38,4739.92,1326.66,13835.62,830.18,223.34,14.90,85.10
2025-06-12,June,Q2,2025,Air Canada,AC,Star Air,XX,USD,240,73440.00,4406.40,1255.00,62272.85,3736.37,1084.11,11167.15,670.03,170.89,15.21,84.79
2025-06-12,June,Q2,2025,Emirates,EK,Star Air,XX,USD,476,157145.00,9428.70,2225.00,133309.63,7998.60,1923.56,23835.37,1430.10,301.44,15.17,84.83
2025-08-09,August,Q3,2025,Thai Airways International,TG,Star Air,XX,USD,243,185820.00,11149.20,3255.00,155988.58,9359.31,2708.95,29831.42,1789.89,546.05,16.05,83.95
2025-08-09,August,Q3,2025,Jet Airways,9W,Star Air,XX,USD,247,76620.00,4597.20,1040.00,64561.99,3873.70,867.15,12058.01,723.50,172.85,15.74,84.26
2025-08-09,August,Q3,2025,PIA,PK,Star Air,XX,USD,250,76750.00,4605.00,1575.00,65085.45,3905.08,1287.97,11664.56,699.92,287.03,15.20,84.80
2025-08-09,August,Q3,2025,American Airlines,AA,Star Air,XX,USD,508,588750.00,35325.00,8135.00,497969.50,29878.26,6903.74,90780.50,5446.74,1231.26,15.42,84.58
2025-08-09,August,Q3,2025,Qantas,QF,Star Air,XX,USD,247,193195.00,11591.70,2735.00,163334.46,9800.00,2334.17,29860.54,1791.70,400.83,15.46,84.54
2025-10-04,October,Q4,2025,JetBlue,B6,Star Air,XX,USD,234,317865.00,19071.90,3650.00,271265.72,16275.94,5369.04,46599.28,2795.96,-1719.04,14.66,85.34
2025-08-09,August,Q3,2025,SIA,SQ,Star Air,XX,USD,258,122400.00,7344.00,1590.00,103226.83,6193.60,1373.22,19173.17,1150.40,216.78,15.66,84.34
2025-01-17,January,Q1,2025,Qantas,QF,Star Air,XX,USD,773,412910.00,24774.60,4950.00,351139.23,21068.12,4200.24,61770.77,3706.48,749.76,14.96,85.04
2025-01-17,January,Q1,2025,Thai Airways International,TG,Star Air,XX,USD,252,153570.00,9214.20,2695.00,128459.08,7707.59,2309.62,25110.92,1506.61,385.38,16.35,83.65
2025-01-17,January,Q1,2025,SIA,SQ,Star Air,XX,USD,255,105085.00,6305.10,1920.00,89196.79,5351.72,1658.89,15888.21,953.38,261.11,15.12,84.88
2025-01-17,January,Q1,2025,Emirates,EK,Star Air,XX,USD,246,73545.00,4412.70,1370.00,61944.12,3716.65,1124.56,11600.88,696.05,245.44,15.77,84.23
2025-09-16,September,Q3,2025,Air New Zealand,NZ,Star Air,XX,USD,237,169405.00,10164.30,2560.00,143585.33,8615.14,2197.47,25819.67,1549.16,362.53,15.24,84.76
2025-09-16,September,Q3,2025,Jet Airways,9W,Star Air,XX,USD,243,66725.00,4003.50,1160.00,56440.28,3386.40,1000.25,10284.72,617.10,159.75,15.41,84.59
2025-09-16,September,Q3,2025,Thai Airways International,TG,Star Air,XX,USD,233,162185.00,9731.10,2805.00,135422.44,8125.30,2290.98,26762.57,1605.80,514.02,16.50,83.50
2025-09-16,September,Q3,2025,JetBlue,B6,Star Air,XX,USD,240,347350.00,20841.00,4560.00,298085.67,17885.19,3892.18,49264.33,2955.81,667.82,14.18,85.82
2025-09-16,September,Q3,2025,Qantas,QF,Star Air,XX,USD,686,435770.00,26146.20,6370.00,366266.69,21975.92,5343.19,69503.31,4170.28,1026.81,15.95,84.05
2025-09-16,September,Q3,2025,SIA,SQ,Star Air,XX,USD,241,112080.00,6724.80,1890.00,93747.42,5624.77,1542.79,18332.58,1100.03,347.21,16.36,83.64
2025-09-16,September,Q3,2025,Air Mauritius,MK,Star Air,XX,USD,217,146110.00,8766.60,3125.00,124206.27,7452.50,2716.86,21903.73,1314.10,408.14,14.99,85.01
2025-09-16,September,Q3,2025,Air Canada,AC,Star Air,XX,USD,252,76280.00,4576.80,920.00,64323.23,3859.46,746.08,11956.77,717.34,173.92,15.67,84.33
2025-10-16,October,Q4,2025,Qantas,QF,Star Air,XX,USD,238,185790.00,11147.40,1450.00,158235.27,9494.14,1655.38,27554.73,1653.26,-205.38,14.83,85.17
2025-10-16,October,Q4,2025,Air Mauritius,MK,Star Air,XX,USD,256,166200.00,9972.00,1850.00,140596.63,8435.82,2362.92,25603.37,1536.18,-512.92,15.41,84.59
2025-10-16,October,Q4,2025,Blue Panorama,BV,Star Air,XX,USD,251,72125.00,4327.50,505.00,60692.60,3641.55,817.38,11432.40,685.95,-312.38,15.85,84.15
2025-10-16,October,Q4,2025,Air Canada,AC,Star Air,XX,USD,249,70720.00,4243.20,2095.00,59826.26,3589.57,1022.92,10893.74,653.63,1072.08,15.40,84.60
2026-01-16,January,Q1,2026,Qantas,QF,Star Air,XX,USD,980,455835.00,27350.10,5820.00,385248.26,23114.92,4963.17,70586.74,4235.18,856.83,15.49,84.51
2026-01-16,January,Q1,2026,Air New Zealand,NZ,Star Air,XX,USD,237,169995.00,10199.70,2870.00,142748.90,8564.97,2404.48,27246.10,1634.73,465.52,16.03,83.97
2026-01-16,January,Q1,2026,Thai Airways International,TG,Star Air,XX,USD,257,154975.00,9298.50,2050.00,131185.70,7871.12,1760.31,23789.30,1427.38,289.69,15.35,84.65
2026-01-16,January,Q1,2026,PIA,PK,Star Air,XX,USD,243,66730.00,4003.80,905.00,55615.03,3336.87,747.24,11114.97,666.93,157.76,16.66,83.34
2026-01-16,January,Q1,2026,Air Canada,AC,Star Air,XX,USD,245,72340.00,4340.40,850.00,61067.60,3664.00,724.14,11272.40,676.40,125.86,15.58,84.42
2025-10-04,October,Q4,2025,Air Mauritius,MK,Star Air,XX,USD,250,165045.00,9902.70,15195.00,140670.47,8440.26,1950.60,24374.53,1462.44,13244.40,14.77,85.23
2025-10-04,October,Q4,2025,PIA,PK,Star Air,XX,USD,243,70985.00,4259.10,38025.00,59704.66,3582.34,718.63,11280.34,676.76,37306.37,15.89,84.11
2025-10-04,October,Q4,2025,Air Canada,AC,Star Air,XX,USD,237,68060.00,4083.60,520.00,58131.93,3487.87,693.74,9928.07,595.73,-173.74,14.59,85.41
2025-10-04,October,Q4,2025,American Airlines,AA,Star Air,XX,USD,254,274295.00,16457.70,6750.00,231864.35,13911.88,2903.06,42430.65,2545.82,3846.94,15.47,84.53
2025-10-04,October,Q4,2025,Emirates,EK,Star Air,XX,USD,234,66930.00,4015.80,1710.00,56873.86,3412.48,889.22,10056.14,603.32,820.78,15.02,84.98
2026-03-20,March,Q1,2026,Jet Airways,9W,Star Air,XX,USD,241,64425.00,3865.50,1110.00,54992.35,3299.52,956.56,9432.65,565.98,153.44,14.64,85.36
2026-03-20,March,Q1,2026,British Airways,BA,Star Air,XX,USD,243,119215.00,7152.90,1930.00,100501.29,6029.95,1668.06,18713.71,1122.95,261.94,15.70,84.30
2026-03-20,March,Q1,2026,PIA,PK,Star Air,XX,USD,220,62345.00,3740.70,1090.00,53039.93,3182.48,958.19,9305.07,558.22,131.81,14.93,85.07
2026-03-20,March,Q1,2026,Air Mauritius,MK,Star Air,XX,USD,251,170995.00,10259.70,3160.00,143822.56,8629.34,2688.35,27172.44,1630.36,471.65,15.89,84.11
2026-03-20,March,Q1,2026,Air Canada,AC,Star Air,XX,USD,236,67785.00,4067.10,1065.00,57343.52,3440.54,913.40,10441.48,626.56,151.60,15.40,84.60
2026-03-20,March,Q1,2026,American Airlines,AA,Star Air,XX,USD,255,262905.00,15774.30,4185.00,222327.98,13339.66,3500.05,40577.02,2434.64,684.95,15.43,84.57
2026-03-20,March,Q1,2026,SIA,SQ,Star Air,XX,USD,263,101385.00,6083.10,1820.00,86436.89,5186.19,1569.74,14948.11,896.91,250.26,14.74,85.26
2026-03-20,March,Q1,2026,Emirates,EK,Star Air,XX,USD,509,165225.00,9913.50,2060.00,139660.29,8379.68,1775.45,25564.71,1533.82,284.55,15.47,84.53
2025-11-05,November,Q4,2025,Air India,AI,Star Air,XX,USD,241,75460.00,4527.60,11005.00,63470.31,3808.26,967.64,11989.69,719.34,10037.36,15.89,84.11
2025-11-05,November,Q4,2025,Emirates,EK,Star Air,XX,USD,458,138245.00,8294.70,2000.00,117806.45,7068.27,1379.87,20438.56,1226.43,620.13,14.78,85.22
2025-11-05,November,Q4,2025,Vietnam Airlines,VN,Star Air,XX,USD,1,730.00,43.80,0.00,654.32,39.26,0.00,75.68,4.54,0.00,10.37,89.63
2025-11-05,November,Q4,2025,American Airlines,AA,Star Air,XX,USD,497,553390.00,33203.40,19380.00,468853.54,28131.20,6993.27,84536.46,5072.20,12386.73,15.28,84.72
2025-11-05,November,Q4,2025,Qantas,QF,Star Air,XX,USD,239,292065.00,17523.90,7215.00,249987.58,14999.21,3484.52,42077.42,2524.69,3730.48,14.41,85.59
2026-02-05,February,Q1,2026,Qantas,QF,Star Air,XX,USD,723,615150.00,36909.00,7830.00,517304.61,31038.37,6611.40,97845.39,5870.63,1218.60,15.91,84.09
2026-02-05,February,Q1,2026,JetBlue,B6,Star Air,XX,USD,209,268215.00,16092.90,3655.00,224981.92,13498.86,3209.07,43233.08,2594.04,445.93,16.12,83.88
2026-02-05,February,Q1,2026,Blue Panorama,BV,Star Air,XX,USD,251,66560.00,3993.60,985.00,56302.27,3378.06,825.60,10257.73,615.54,159.40,15.41,84.59
2026-02-05,February,Q1,2026,Air Canada,AC,Star Air,XX,USD,235,67030.00,4021.80,880.00,57618.13,3457.03,754.76,9411.87,564.77,125.24,14.04,85.96
2026-02-05,February,Q1,2026,Emirates,EK,Star Air,XX,USD,247,71100.00,4266.00,1145.00,60562.14,3633.75,950.72,10537.86,632.25,194.28,14.82,85.18
2026-02-05,February,Q1,2026,American Airlines,AA,Star Air,XX,USD,244,240115.00,14406.90,3685.00,201677.34,12100.67,3131.44,38437.66,2306.23,553.56,16.01,83.99
2025-10-12,October,Q4,2025,Siberia Airlines,S7,Star Air,XX,USD,2,2690.00,161.40,0.00,2331.05,139.87,0.00,358.95,21.53,0.00,13.34,86.66
2025-10-13,October,Q4,2025,Qantas,QF,Star Air,XX,USD,466,365210.00,21912.60,4995.00,310592.89,18635.63,5596.43,54617.11,3276.97,-601.43,14.95,85.05
2025-10-12,October,Q4,2025,Qantas,QF,Star Air,XX,USD,732,821985.00,49319.10,14080.00,691859.14,41511.62,12843.80,130125.86,7807.48,1236.20,15.83,84.17
2025-10-13,October,Q4,2025,Air Mauritius,MK,Star Air,XX,USD,240,147755.00,8865.30,20425.00,125503.39,7530.18,1933.94,22251.61,1335.12,18491.06,15.06,84.94
2025-10-12,October,Q4,2025,Air Canada,AC,Star Air,XX,USD,246,71845.00,4310.70,870.00,60802.78,3648.15,944.97,11042.22,662.55,-74.97,15.37,84.63
2025-10-12,October,Q4,2025,Emirates,EK,Star Air,XX,USD,242,72400.00,4344.00,1005.00,61799.39,3707.89,1199.51,10600.61,636.11,-194.51,14.64,85.36
2025-10-13,October,Q4,2025,Emirates,EK,Star Air,XX,USD,489,141055.00,8463.30,1275.00,119254.82,7155.27,1643.58,21800.18,1308.03,-368.58,15.46,84.54
2025-10-12,October,Q4,2025,JetBlue,B6,Star Air,XX,USD,236,321800.00,19308.00,11960.00,271495.42,16289.72,3615.29,50304.59,3018.28,8344.71,15.63,84.37
2025-10-13,October,Q4,2025,Air India,AI,Star Air,XX,USD,257,76410.00,4584.60,590.00,64654.85,3879.29,1068.35,11755.15,705.31,-478.35,15.38,84.62
2026-01-07,January,Q1,2026,Thai Airways International,TG,Star Air,XX,USD,227,137930.00,8275.80,1905.00,116125.14,6967.60,1559.44,21804.86,1308.20,345.56,15.81,84.19
2026-03-10,March,Q1,2026,Thai Airways International,TG,Star Air,XX,USD,252,159615.00,9576.90,2720.00,134720.82,8083.25,2265.34,24894.18,1493.65,454.66,15.60,84.40
2026-03-10,March,Q1,2026,American Airlines,AA,Star Air,XX,USD,486,528260.00,31695.60,9085.00,448964.56,26937.87,7794.65,79295.44,4757.73,1290.35,15.01,84.99
2026-01-07,January,Q1,2026,British Airways,BA,Star Air,XX,USD,251,111565.00,6693.90,1430.00,95243.73,5714.56,1205.16,16321.27,979.34,224.84,14.63,85.37
2026-03-10,March,Q1,2026,British Airways,BA,Star Air,XX,USD,458,228420.00,13705.20,4720.00,193958.86,11637.38,3940.69,34461.14,2067.82,779.31,15.09,84.91
2026-01-07,January,Q1,2026,Air India,AI,Star Air,XX,USD,235,76795.00,4607.70,1055.00,64849.64,3891.00,872.87,11945.36,716.70,182.13,15.55,84.45
2026-02-11,February,Q1,2026,Air India,AI,Star Air,XX,USD,224,66775.00,4006.50,1155.00,56985.14,3419.15,998.31,9789.86,587.35,156.69,14.66,85.34
2026-03-10,March,Q1,2026,Qantas,QF,Star Air,XX,USD,456,447395.00,26843.70,7155.00,379337.16,22760.19,6072.75,68057.84,4083.51,1082.25,15.21,84.79
2026-02-11,February,Q1,2026,Qantas,QF,Star Air,XX,USD,235,315560.00,18933.60,4395.00,268643.14,16118.64,3631.40,46916.86,2814.96,763.60,14.87,85.13
2026-03-10,March,Q1,2026,Emirates,EK,Star Air,XX,USD,480,139315.00,8358.90,2190.00,117052.73,7023.16,1836.66,22262.27,1335.74,353.34,15.98,84.02
2026-01-07,January,Q1,2026,Qantas,QF,Star Air,XX,USD,262,314910.00,18894.60,4035.00,263800.71,15827.99,3409.86,51109.29,3066.61,625.14,16.23,83.77
2026-02-11,February,Q1,2026,American Airlines,AA,Star Air,XX,USD,244,258805.00,15528.30,2985.00,219265.04,13155.91,2477.69,39539.96,2372.39,507.31,15.28,84.72
2026-01-07,January,Q1,2026,Emirates,EK,Star Air,XX,USD,229,64140.00,3848.40,1415.00,54699.99,3282.00,1196.25,9440.01,566.40,218.75,14.72,85.28
2026-01-07,January,Q1,2026,PIA,PK,Star Air,XX,USD,251,67455.00,4047.30,1150.00,56803.38,3408.22,945.81,10651.62,639.08,204.19,15.79,84.21
2026-03-10,March,Q1,2026,Air Canada,AC,Star Air,XX,USD,474,136350.00,8181.00,1670.00,114909.42,6894.63,1378.78,21440.58,1286.37,291.22,15.72,84.28
2026-03-10,March,Q1,2026,PIA,PK,Star Air,XX,USD,243,67735.00,4064.10,715.00,57145.12,3428.73,587.00,10589.88,635.37,128.00,15.63,84.37
2026-02-11,February,Q1,2026,Air Canada,AC,Star Air,XX,USD,476,141770.00,8506.20,2390.00,120551.09,7233.03,2060.53,21218.91,1273.17,329.47,14.97,85.03
2026-02-11,February,Q1,2026,Emirates,EK,Star Air,XX,USD,233,65530.00,3931.80,900.00,55531.22,3331.93,794.28,9998.78,599.87,105.72,15.26,84.74
2026-01-07,January,Q1,2026,Air Canada,AC,Star Air,XX,USD,231,61410.00,3684.60,925.00,51730.18,3103.77,780.81,9679.82,580.83,144.19,15.76,84.24
2025-05-28,May,Q2,2025,Thai Airways International,TG,Star Air,XX,USD,249,175060.00,10503.60,3275.00,148291.27,8897.49,2828.83,26768.73,1606.11,446.17,15.29,84.71
2025-05-02,May,Q2,2025,Vietnam Airlines,VN,Star Air,XX,USD,1,150.00,9.00,15.00,149.83,8.99,14.98,0.17,0.01,0.02,0.11,99.89
2025-05-02,May,Q2,2025,Qantas,QF,Star Air,XX,USD,254,158115.00,9486.90,2455.00,134020.80,8041.27,2097.05,24094.20,1445.63,357.95,15.24,84.76
2025-05-02,May,Q2,2025,Air New Zealand,NZ,Star Air,XX,USD,464,283100.00,16986.00,5345.00,236688.67,14201.29,4495.36,46411.33,2784.71,849.64,16.39,83.61
2025-05-02,May,Q2,2025,Thai Airways International,TG,Star Air,XX,USD,250,172560.00,10353.60,2860.00,145998.81,8759.91,2471.57,26561.19,1593.69,388.43,15.39,84.61
2025-05-02,May,Q2,2025,Jet Airways,9W,Star Air,XX,USD,265,82860.00,4971.60,1165.00,70324.06,4219.48,1011.51,12535.94,752.12,153.49,15.13,84.87
2025-05-02,May,Q2,2025,PIA,PK,Star Air,XX,USD,240,77080.00,4624.80,1305.00,65204.24,3912.24,1107.23,11875.76,712.56,197.77,15.41,84.59
2025-05-28,May,Q2,2025,American Airlines,AA,Star Air,XX,USD,462,541390.00,32483.40,8035.00,455220.12,24547.40,6901.25,86169.88,7936.00,1133.75,15.92,84.08
2025-05-28,May,Q2,2025,British Airways,BA,Star Air,XX,USD,455,254285.00,15257.10,3455.00,212592.75,12257.34,2935.09,41692.25,2999.76,519.91,16.40,83.60
2025-05-28,May,Q2,2025,Qantas,QF,Star Air,XX,USD,734,854380.00,51262.80,14765.00,728139.82,43569.10,12567.30,126240.18,7693.70,2197.70,14.78,85.22
2025-05-28,May,Q2,2025,Emirates,EK,Star Air,XX,USD,459,158495.00,9509.70,2175.00,133273.33,7996.35,1793.26,25221.67,1513.35,381.74,15.91,84.09
2025-05-28,May,Q2,2025,PIA,PK,Star Air,XX,USD,256,83985.00,5039.10,1315.00,71124.27,4253.50,1140.79,12860.73,785.60,174.21,15.31,84.69
2025-05-02,May,Q2,2025,Emirates,EK,Star Air,XX,USD,248,79290.00,4757.40,1155.00,67705.28,4062.32,987.23,11584.72,695.08,167.77,14.61,85.39
2025-08-19,August,Q3,2025,JetBlue,B6,Star Air,XX,USD,252,359770.00,21586.20,3985.00,303164.22,18189.83,3353.95,56605.79,3396.37,631.05,15.73,84.27
2025-08-19,August,Q3,2025,Jet Airways,9W,Star Air,XX,USD,252,76640.00,4598.40,1060.00,64606.75,3876.44,897.23,12033.25,721.96,162.77,15.70,84.30
2025-08-19,August,Q3,2025,Thai Airways International,TG,Star Air,XX,USD,242,159860.00,9591.60,2570.00,135601.84,8136.14,2182.47,24258.16,1455.46,387.53,15.17,84.83
2025-05-28,May,Q2,2025,Air Canada,AC,Star Air,XX,USD,496,161940.00,9716.40,1970.00,137400.16,8244.01,1680.38,24539.84,1472.39,289.62,15.15,84.85
2025-08-19,August,Q3,2025,Air New Zealand,NZ,Star Air,XX,USD,233,76995.00,4619.70,975.00,65345.05,3920.73,851.28,11649.96,698.97,123.72,15.13,84.87
2025-08-19,August,Q3,2025,Air India,AI,Star Air,XX,USD,236,81210.00,4872.60,1115.00,68011.15,4080.67,947.78,13198.85,791.93,167.22,16.25,83.75
2025-08-19,August,Q3,2025,Qantas,QF,Star Air,XX,USD,490,312260.00,18735.60,4645.00,262992.25,15779.63,3943.57,49267.75,2955.97,701.43,15.78,84.22
2025-08-19,August,Q3,2025,SIA,SQ,Star Air,XX,USD,493,223955.00,13437.30,2840.00,187760.63,11265.72,2391.46,36194.37,2171.58,448.54,16.16,83.84
2025-08-19,August,Q3,2025,Emirates,EK,Star Air,XX,USD,468,154030.00,9241.80,2245.00,131642.13,7898.53,1933.63,22387.87,1343.27,311.37,14.53,85.47
2025-08-19,August,Q3,2025,PIA,PK,Star Air,XX,USD,253,77045.00,4622.70,890.00,64943.54,3896.67,754.19,12101.46,726.03,135.81,15.71,84.29
2025-08-19,August,Q3,2025,Vietnam Airlines,VN,Star Air,XX,USD,2,1110.00,66.60,0.00,897.11,53.82,0.00,212.89,12.78,0.00,19.18,80.82
2025-10-12,October,Q4,2025,Air India,AI,Star Air,XX,USD,259,82400.00,4944.00,755.00,69173.91,4150.43,1104.71,13226.09,793.57,-349.71,16.05,83.95
2025-03-22,March,Q1,2025,Air India,AI,Star Air,XX,USD,241,73850.00,4431.00,1035.00,62856.62,3771.43,875.60,10993.38,659.57,159.40,14.89,85.11
2025-02-19,February,Q1,2025,American Airlines,AA,Star Air,XX,USD,524,549995.00,32999.70,9455.00,465470.85,27928.31,8073.19,84524.15,5071.39,1381.81,15.37,84.63
2025-01-23,January,Q1,2025,JetBlue,B6,Star Air,XX,USD,222,287500.00,17250.00,3160.00,242875.87,14572.53,2627.20,44624.13,2677.47,532.80,15.52,84.48
2025-02-19,February,Q1,2025,Air India,AI,Star Air,XX,USD,258,90875.00,5452.50,990.00,77381.10,4642.89,849.44,13493.90,809.61,140.56,14.85,85.15
2025-02-19,February,Q1,2025,Thai Airways International,TG,Star Air,XX,USD,265,155205.00,9312.30,2860.00,132870.14,7972.23,2433.96,22334.86,1340.07,426.04,14.39,85.61
2025-01-23,January,Q1,2025,Thai Airways International,TG,Star Air,XX,USD,256,170435.00,10226.10,2810.00,144015.24,8640.95,2365.62,26419.76,1585.15,444.38,15.50,84.50
2025-03-22,March,Q1,2025,Jet Airways,9W,Star Air,XX,USD,260,71655.00,4299.30,1185.00,59960.17,3597.58,1001.19,11694.83,701.72,183.81,16.32,83.68
2025-03-22,March,Q1,2025,PIA,PK,Star Air,XX,USD,241,72610.00,4356.60,1120.00,61184.10,3671.00,924.33,11425.90,685.60,195.67,15.74,84.26
2025-03-22,March,Q1,2025,JetBlue,B6,Star Air,XX,USD,255,328900.00,19734.00,5570.00,278229.27,16693.85,4705.03,50670.73,3040.15,864.97,15.41,84.59
2025-03-22,March,Q1,2025,Thai Airways International,TG,Star Air,XX,USD,258,163335.00,9800.10,2530.00,139394.48,8363.66,2106.06,23940.52,1436.44,423.94,14.66,85.34
2025-02-19,February,Q1,2025,British Airways,BA,Star Air,XX,USD,265,130710.00,7842.60,2155.00,112262.73,6735.70,1823.24,18447.27,1106.90,331.76,14.11,85.89
2025-02-19,February,Q1,2025,Qantas,QF,Star Air,XX,USD,786,814465.00,48867.90,9425.00,688048.73,41282.79,8126.11,126416.27,7585.11,1298.89,15.52,84.48
2025-01-23,January,Q1,2025,PIA,PK,Star Air,XX,USD,237,65560.00,3933.60,975.00,55906.90,3354.41,796.83,9653.10,579.19,178.17,14.72,85.28
2025-01-23,January,Q1,2025,Air India,AI,Star Air,XX,USD,259,70830.00,4249.80,975.00,59488.30,3569.30,818.21,11341.70,680.50,156.79,16.01,83.99
2025-02-19,February,Q1,2025,Emirates,EK,Star Air,XX,USD,493,143975.00,8638.50,2380.00,122193.44,7331.55,2043.21,21781.56,1306.95,336.79,15.13,84.87
2025-03-22,March,Q1,2025,Qantas,QF,Star Air,XX,USD,251,297645.00,17858.70,5145.00,252265.57,15135.87,4423.28,45379.43,2722.83,721.72,15.25,84.75
2025-03-22,March,Q1,2025,American Airlines,AA,Star Air,XX,USD,520,562815.00,33768.90,10460.00,475853.83,28551.29,8715.28,86961.17,5217.61,1744.72,15.45,84.55
2025-01-23,January,Q1,2025,Qantas,QF,Star Air,XX,USD,206,149290.00,8957.40,1985.00,124603.67,7476.24,1646.04,24686.33,1481.16,338.96,16.54,83.46
2025-03-22,March,Q1,2025,Air Canada,AC,Star Air,XX,USD,460,141525.00,8491.50,1955.00,118633.22,7117.88,1640.91,22891.78,1373.62,314.09,16.18,83.82
2025-01-23,January,Q1,2025,Blue Panorama,BV,Star Air,XX,USD,260,70755.00,4245.30,1030.00,59017.28,3541.04,864.17,11737.72,704.26,165.83,16.59,83.41
2025-01-23,January,Q1,2025,Air Mauritius,MK,Star Air,XX,USD,255,149890.00,8993.40,1760.00,126662.65,7599.73,1531.58,23227.35,1393.67,228.42,15.50,84.50
2025-02-19,February,Q1,2025,PIA,PK,Star Air,XX,USD,253,68765.00,4125.90,860.00,57454.83,3447.30,723.82,11310.17,678.60,136.18,16.45,83.55
2025-03-22,March,Q1,2025,SIA,SQ,Star Air,XX,USD,265,116765.00,7005.90,1535.00,100118.56,6007.08,1310.72,16646.44,998.82,224.28,14.26,85.74
2025-06-03,June,Q2,2025,Air New Zealand,NZ,Star Air,XX,USD,241,184040.00,11042.40,3180.00,155062.84,9303.70,2666.56,28977.16,1738.70,513.44,15.75,84.25
2025-06-03,June,Q2,2025,Jet Airways,9W,Star Air,XX,USD,246,75480.00,4528.80,1025.00,63912.74,3834.74,867.87,11567.26,694.06,157.13,15.32,84.68
2025-06-03,June,Q2,2025,Qantas,QF,Star Air,XX,USD,927,656845.00,39410.70,7870.00,556543.82,33392.52,6815.43,100301.18,6018.18,1054.57,15.27,84.73
2025-02-19,February,Q1,2025,Air Canada,AC,Star Air,XX,USD,249,66590.00,3995.40,825.00,56772.08,3406.25,690.75,9817.92,589.15,134.25,14.74,85.26
2025-03-22,March,Q1,2025,Emirates,EK,Star Air,XX,USD,261,72605.00,4356.30,1180.00,61325.63,3679.55,1020.03,11279.37,676.75,159.97,15.54,84.46
2025-01-23,January,Q1,2025,Air Canada,AC,Star Air,XX,USD,253,71155.00,4269.30,1010.00,59577.68,3574.60,845.84,11577.32,694.70,164.16,16.27,83.73
2025-01-23,January,Q1,2025,Emirates,EK,Star Air,XX,USD,247,70895.00,4253.70,1075.00,59852.40,3591.13,933.99,11042.60,662.57,141.01,15.58,84.42
2025-06-03,June,Q2,2025,Thai Airways International,TG,Star Air,XX,USD,243,176045.00,10562.70,2840.00,148573.87,8914.38,2400.85,27471.13,1648.32,439.15,15.60,84.40
2025-06-03,June,Q2,2025,Emirates,EK,Star Air,XX,USD,245,78440.00,4706.40,955.00,66536.87,3992.19,815.00,11903.13,714.21,140.00,15.17,84.83
2025-05-01,May,Q2,2025,Qantas,QF,Star Air,XX,USD,232,198555.00,11913.30,2775.00,167705.89,10062.37,2389.33,30849.11,1850.93,385.67,15.54,84.46
2025-05-01,May,Q2,2025,JetBlue,B6,Star Air,XX,USD,154,237160.00,14229.60,3600.00,202467.72,12148.01,2938.28,34692.28,2081.59,661.72,14.63,85.37
2025-06-03,June,Q2,2025,SIA,SQ,Star Air,XX,USD,499,216920.00,13015.20,3065.00,183430.26,10893.87,2563.29,33489.74,2121.33,501.71,15.44,84.56
2025-05-01,May,Q2,2025,PIA,PK,Star Air,XX,USD,240,86205.00,5172.30,1625.00,73312.55,4157.54,1359.96,12892.45,1014.76,265.04,14.96,85.04
2025-06-03,June,Q2,2025,PIA,PK,Star Air,XX,USD,262,84135.00,5048.10,1205.00,71636.73,4357.20,1001.38,12498.27,690.90,203.62,14.86,85.14
2025-05-01,May,Q2,2025,Blue Panorama,BV,Star Air,XX,USD,248,79695.00,4781.70,1040.00,67574.27,4164.95,883.94,12120.73,616.75,156.06,15.21,84.79
2025-05-01,May,Q2,2025,Air Mauritius,MK,Star Air,XX,USD,251,153530.00,9211.80,1800.00,130880.86,8471.93,1496.91,22649.14,739.87,303.09,14.75,85.25
2025-05-01,May,Q2,2025,Emirates,EK,Star Air,XX,USD,483,162640.00,9758.40,2905.00,138929.05,8335.79,2511.76,23710.95,1422.61,393.24,14.58,85.42
2025-05-01,May,Q2,2025,Air Canada,AC,Star Air,XX,USD,248,78775.00,4726.50,1445.00,66899.63,4013.98,1237.70,11875.37,712.52,207.30,15.08,84.92
2025-06-03,June,Q2,2025,Air Canada,AC,Star Air,XX,USD,251,92235.00,5534.10,1410.00,77653.85,4659.32,1167.73,14581.15,874.78,242.27,15.81,84.19
2025-12-26,December,Q4,2025,Air New Zealand,NZ,Star Air,XX,USD,488,249440.00,14966.40,7715.00,210780.95,12647.04,4014.71,38659.05,2319.36,3700.29,15.50,84.50
2025-11-25,November,Q4,2025,Air New Zealand,NZ,Star Air,XX,USD,258,204250.00,12255.00,2465.00,172004.89,10320.27,2561.90,32245.11,1934.73,-96.90,15.79,84.21
2025-01-15,January,Q1,2025,British Airways,BA,Star Air,XX,USD,259,122235.00,7334.10,2705.00,103832.09,6229.86,2275.36,18402.91,1104.24,429.64,15.06,84.94
2025-01-15,January,Q1,2025,PIA,PK,Star Air,XX,USD,257,73280.00,4396.80,1210.00,62639.46,3758.37,1059.27,10640.54,638.43,150.73,14.52,85.48
2025-01-15,January,Q1,2025,American Airlines,AA,Star Air,XX,USD,272,292180.00,17530.80,6195.00,251769.45,15106.11,5405.54,40410.55,2424.69,789.46,13.83,86.17
2025-01-15,January,Q1,2025,Air Canada,AC,Star Air,XX,USD,507,151000.00,9060.00,2190.00,126324.70,7579.47,1823.09,24675.30,1480.53,366.91,16.34,83.66
2025-10-26,October,Q4,2025,Qantas,QF,Star Air,XX,USD,938,849180.00,50950.80,18790.00,717685.98,43061.26,11731.47,131494.03,7889.54,7058.53,15.48,84.52
2025-12-26,December,Q4,2025,Qantas,QF,Star Air,XX,USD,491,208605.00,12516.30,5080.00,176156.36,10569.35,2679.19,32448.64,1946.95,2400.81,15.56,84.44
2025-11-25,November,Q4,2025,JetBlue,B6,Star Air,XX,USD,241,310330.00,18619.80,9470.00,262740.04,15764.40,3548.66,47589.96,2855.40,5921.34,15.34,84.66
2025-12-26,December,Q4,2025,Thai Airways International,TG,Star Air,XX,USD,242,150135.00,9008.10,9640.00,127951.56,7677.13,1883.66,22183.44,1330.97,7756.34,14.78,85.22
2025-11-25,November,Q4,2025,Air India,AI,Star Air,XX,USD,248,76990.00,4619.40,10560.00,65576.89,3934.70,723.28,11413.11,684.70,9836.72,14.82,85.18
2025-12-26,December,Q4,2025,PIA,PK,Star Air,XX,USD,248,70485.00,4229.10,33850.00,59778.81,3586.69,971.03,10706.19,642.41,32878.97,15.19,84.81
2025-12-26,December,Q4,2025,SIA,SQ,Star Air,XX,USD,220,99270.00,5956.20,470.00,82061.35,4923.70,705.52,17208.65,1032.50,-235.52,17.34,82.66
2025-11-25,November,Q4,2025,Emirates,EK,Star Air,XX,USD,482,141175.00,8470.50,1395.00,118946.44,7136.81,1647.90,22228.56,1333.69,-252.90,15.75,84.25
2025-11-25,November,Q4,2025,PIA,PK,Star Air,XX,USD,256,68150.00,4089.00,580.00,57197.29,3431.81,927.22,10952.71,657.19,-347.22,16.07,83.93
2025-12-26,December,Q4,2025,Air Canada,AC,Star Air,XX,USD,248,68145.00,4088.70,680.00,57225.28,3433.40,978.39,10919.72,655.30,-298.39,16.02,83.98
2025-11-25,November,Q4,2025,Air Canada,AC,Star Air,XX,USD,259,73250.00,4395.00,2600.00,61686.44,3701.19,1163.57,11563.56,693.81,1436.43,15.79,84.21
2025-12-26,December,Q4,2025,Emirates,EK,Star Air,XX,USD,246,73855.00,4431.30,1900.00,62815.59,3768.99,868.94,11039.41,662.31,1031.06,14.95,85.05
2026-03-23,March,Q1,2026,Air New Zealand,NZ,Star Air,XX,USD,480,254020.00,15241.20,3940.00,216234.45,12974.10,3347.75,37785.55,2267.10,592.25,14.88,85.12
2026-02-10,February,Q1,2026,Thai Airways International,TG,Star Air,XX,USD,239,141230.00,8473.80,2140.00,119189.81,7151.34,1806.20,22040.19,1322.46,333.80,15.61,84.39
2026-03-19,March,Q1,2026,Qantas,QF,Star Air,XX,USD,740,458255.00,27495.30,8040.00,386579.84,23194.77,6806.47,71675.16,4300.53,1233.53,15.64,84.36
2026-03-23,March,Q1,2026,Thai Airways International,TG,Star Air,XX,USD,257,160375.00,9622.50,2170.00,136197.72,8171.86,1807.82,24177.28,1450.64,362.18,15.08,84.92
2026-03-19,March,Q1,2026,Air New Zealand,NZ,Star Air,XX,USD,256,84680.00,5080.80,945.00,71112.49,4266.75,796.29,13567.51,814.05,148.71,16.02,83.98
2026-03-19,March,Q1,2026,Jet Airways,9W,Star Air,XX,USD,250,70265.00,4215.90,1000.00,59466.81,3568.01,841.32,10798.19,647.89,158.68,15.37,84.63
2026-03-23,March,Q1,2026,Qantas,QF,Star Air,XX,USD,746,492855.00,29571.30,6960.00,415742.02,24944.66,5845.04,77112.99,4626.64,1114.96,15.65,84.35
2026-03-19,March,Q1,2026,Thai Airways International,TG,Star Air,XX,USD,242,152400.00,9144.00,2655.00,127681.29,7660.96,2244.13,24718.71,1483.04,410.87,16.22,83.78
2026-03-23,March,Q1,2026,Jet Airways,9W,Star Air,XX,USD,247,70480.00,4228.80,965.00,60152.54,3609.18,847.63,10327.46,619.62,117.37,14.65,85.35
2026-02-10,February,Q1,2026,Air New Zealand,NZ,Star Air,XX,USD,235,69525.00,4171.50,800.00,59572.03,3574.36,704.86,9952.97,597.14,95.14,14.32,85.68
2026-02-10,February,Q1,2026,JetBlue,B6,Star Air,XX,USD,246,307055.00,18423.30,3975.00,259482.43,15568.86,3420.77,47572.57,2854.44,554.23,15.49,84.51
2026-02-10,February,Q1,2026,Air India,AI,Star Air,XX,USD,239,74190.00,4451.40,1555.00,62903.05,3774.19,1321.31,11286.95,677.21,233.69,15.21,84.79
2026-03-25,March,Q1,2026,Air India,AI,Star Air,XX,USD,250,72720.00,4363.20,1340.00,60909.64,3654.54,1099.39,11810.36,708.66,240.61,16.24,83.76
2026-02-10,February,Q1,2026,SIA,SQ,Star Air,XX,USD,503,208575.00,12514.50,4045.00,178027.83,10681.53,3422.09,30547.17,1832.97,622.91,14.65,85.35
2026-03-19,March,Q1,2026,SIA,SQ,Star Air,XX,USD,247,105845.00,6350.70,2215.00,90723.10,5443.33,1905.94,15121.90,907.37,309.06,14.29,85.71
2026-03-23,March,Q1,2026,SIA,SQ,Star Air,XX,USD,240,106020.00,6361.20,1315.00,90012.33,5400.75,1090.80,16007.67,960.45,224.20,15.10,84.90
2026-03-19,March,Q1,2026,Air Canada,AC,Star Air,XX,USD,247,67845.00,4070.70,1095.00,57351.93,3441.10,922.87,10493.07,629.60,172.13,15.47,84.53
2026-03-25,March,Q1,2026,PIA,PK,Star Air,XX,USD,257,74465.00,4467.90,925.00,63002.69,3780.19,784.73,11462.31,687.71,140.27,15.39,84.61
2026-02-10,February,Q1,2026,Emirates,EK,Star Air,XX,USD,242,65870.00,3952.20,1095.00,55307.52,3318.41,919.28,10562.48,633.79,175.72,16.04,83.96
2026-02-10,February,Q1,2026,PIA,PK,Star Air,XX,USD,241,64505.00,3870.30,1070.00,54267.64,3255.94,905.49,10237.36,614.36,164.51,15.87,84.13
2026-03-23,March,Q1,2026,PIA,PK,Star Air,XX,USD,257,72470.00,4348.20,1230.00,61927.12,3715.65,1065.70,10542.88,632.55,164.30,14.55,85.45
2026-02-10,February,Q1,2026,Air Mauritius,MK,Star Air,XX,USD,247,160075.00,9604.50,2535.00,134696.21,8081.81,2143.89,25378.79,1522.69,391.11,15.85,84.15
2026-03-25,March,Q1,2026,Air Mauritius,MK,Star Air,XX,USD,247,169425.00,10165.50,1880.00,143108.84,8586.53,1613.27,26316.16,1578.97,266.73,15.53,84.47
2026-03-19,March,Q1,2026,Emirates,EK,Star Air,XX,USD,231,68635.00,4118.10,1085.00,58075.66,3484.53,920.72,10559.34,633.57,164.28,15.38,84.62
2026-03-23,March,Q1,2026,Air Canada,AC,Star Air,XX,USD,241,78740.00,4724.40,730.00,66744.98,4004.60,617.72,11995.02,719.80,112.28,15.23,84.77
2026-03-25,March,Q1,2026,Emirates,EK,Star Air,XX,USD,487,144120.00,8647.20,1960.00,121631.38,7297.95,1647.86,22488.63,1349.25,312.14,15.60,84.40
2025-10-26,October,Q4,2025,Air France,AF,Star Air,XX,USD,233,218960.00,13137.60,8205.00,184654.35,11079.24,3121.17,34305.65,2058.36,5083.83,15.67,84.33
2025-10-26,October,Q4,2025,PIA,PK,Star Air,XX,USD,241,72725.00,4363.50,31710.00,61364.86,3681.86,853.27,11360.14,681.64,30856.73,15.62,84.38
2025-10-26,October,Q4,2025,Blue Panorama,BV,Star Air,XX,USD,241,65180.00,3910.80,15590.00,55230.91,3313.77,848.91,9949.09,597.03,14741.09,15.26,84.74
2025-10-26,October,Q4,2025,American Airlines,AA,Star Air,XX,USD,236,262165.00,15729.90,2340.00,220729.78,13243.77,2766.22,41435.22,2486.13,-426.22,15.81,84.19
2025-10-26,October,Q4,2025,Emirates,EK,Star Air,XX,USD,479,148925.00,8935.50,1765.00,125351.53,7521.01,2342.66,23573.47,1414.49,-577.66,15.83,84.17
2025-10-26,October,Q4,2025,JetBlue,B6,Star Air,XX,USD,239,318920.00,19135.20,11615.00,269845.29,16190.66,3953.54,49074.71,2944.54,7661.46,15.39,84.61
2025-10-26,October,Q4,2025,Vietnam Airlines,VN,Star Air,XX,USD,1,955.00,57.30,255.00,740.95,44.46,74.09,214.05,12.84,180.91,22.41,77.59
