Route,Carrier_Name,Carrier_Code,month_num,month_name,quarter_label,year,Total_Tickets_Sold,Revenue_AED,Net_Revenue_AED,Total_Commission_AED,Total_Discount_AED,Total_Tax_AED,Avg_Fare_AED,Revenue_Rank
DXB-MEL,Star Air,XX,7,July,Q3,2024,975,3544906.0,3279765.64,212694.36,52446.0,658996.86,3635.8,1
BNE-DXB,Star Air,XX,7,July,Q3,2024,1896,3158468.58155,2922499.3570818,189508.114893,46461.109546,575513.70486173,1665.86,2
DXB-BNE,Star Air,XX,7,July,Q3,2024,1893,3134389.0,2896060.66,188063.34,50265.0,566973.25,1655.78,3
DXB-SYD,Star Air,XX,7,July,Q3,2024,1323,2941829.0,2721256.26,176509.74,44063.0,540895.39,2223.6,4
MEL-DXB,Star Air,XX,7,July,Q3,2024,686,2608713.56718,2418216.7733012,156522.8140308,33973.979851,479923.109138,3802.79,5
SYD-DXB,Star Air,XX,7,July,Q3,2024,1040,2366209.963558,2191035.5525824,141972.59781348,33201.813157,424445.40742869,2275.2,6
DXB-ORD,Star Air,XX,7,July,Q3,2024,660,2099916.0,1940257.04,125994.96,33664.0,229995.11,3181.69,7
DXB-YUL,Star Air,XX,7,July,Q3,2024,2352,2025164.0,1874215.16,121509.84,29439.0,200847.78,861.04,8
YUL-DXB,Star Air,XX,7,July,Q3,2024,2278,1963027.607509,1812602.3289772,117781.65645054,32643.62212,198485.3677133,861.73,9
BKK-DXB,Star Air,XX,7,July,Q3,2024,680,1230909.718679,1136735.4573216,73854.58312074,20319.678236,247288.50651877,1810.16,10
SIN-DXB,Star Air,XX,7,July,Q3,2024,958,1207700.875319,1116828.0373489,72462.05251914,18410.78544,142317.14806246,1260.65,11
DXB-BKK,Star Air,XX,7,July,Q3,2024,631,1206582.0,1120012.08,72394.92,14175.0,239442.95,1912.17,12
YYZ-DXB,Star Air,XX,7,July,Q3,2024,293,1196969.888645,1109568.5565066,71818.1933187,15583.138818,131668.64520447,4085.22,13
DXB-SIN,Star Air,XX,7,July,Q3,2024,897,1105441.0,1023930.54,66326.46,15184.0,127469.55,1232.38,14
DXB-DFW,Star Air,XX,7,July,Q3,2024,267,1029374.0,954627.56,61762.44,12984.0,100758.1,3855.33,15
ORD-DXB,Star Air,XX,7,July,Q3,2024,315,1017874.432798,944544.2437352,61072.46596788,12257.723093,109551.84430937,3231.35,16
DXB-IAH,Star Air,XX,7,July,Q3,2024,321,1004239.0,926660.66,60254.34,17324.0,99121.65,3128.47,17
MIL-DXB,Star Air,XX,7,July,Q3,2024,723,885614.644771,818041.5383639,53136.87868626,14436.22772,80006.8458756,1224.92,18
IAH-DXB,Star Air,XX,7,July,Q3,2024,280,856408.839604,792307.5754967,51384.53037624,12716.733729,87171.34454679,3058.6,19
DXB-MIL,Star Air,XX,7,July,Q3,2024,755,845216.0,781671.04,50712.96,12832.0,75255.5,1119.49,20
CPT-DXB,Star Air,XX,7,July,Q3,2024,371,780627.569644,722003.5431056,46837.65417864,11786.372361,75099.62113267,2104.12,21
DXB-CPT,Star Air,XX,7,July,Q3,2024,376,767181.0,710710.14,46030.86,10440.0,77538.28,2040.38,22
DXB-CCU,Star Air,XX,7,July,Q3,2024,808,760427.0,701437.38,45625.62,13364.0,62981.86,941.12,23
COK-DXB,Star Air,XX,7,July,Q3,2024,933,720143.38339,665926.3144768,43208.6030034,11008.46591,73255.29400816,771.86,24
DXB-JFK,Star Air,XX,7,July,Q3,2024,191,667714.0,617508.16,40062.84,10143.0,66316.44,3495.88,25
LHE-DXB,Star Air,XX,7,July,Q3,2024,806,661090.110585,611869.1435869,39665.4066351,9555.560363,59700.86326885,820.21,26
CCU-DXB,Star Air,XX,7,July,Q3,2024,693,648146.057646,597795.5324801,38888.76345876,11461.761706,54316.34730804,935.28,27
DXB-YYZ,Star Air,XX,7,July,Q3,2024,162,613491.0,570816.54,36809.46,5865.0,67483.83,3786.98,28
DXB-COK,Star Air,XX,7,July,Q3,2024,762,598911.0,555406.34,35934.66,7570.0,58724.67,785.97,29
ZRH-DXB,Star Air,XX,7,July,Q3,2024,217,585372.462707,540696.344492,35122.34776242,9553.770455,46283.88357434,2697.57,30
DXB-LHR,Star Air,XX,7,July,Q3,2024,407,585063.0,538990.22,35103.78,10969.0,45638.35,1437.5,31
MRU-DXB,Star Air,XX,7,July,Q3,2024,327,582911.572218,536138.7129175,34974.69433308,11798.164968,56728.83175446,1782.6,32
DXB-MRU,Star Air,XX,7,July,Q3,2024,289,549100.0,506752.0,32946.0,9402.0,47206.53,1900.0,33
DFW-DXB,Star Air,XX,7,July,Q3,2024,147,539674.816519,497535.2651949,32380.48899114,9759.06233,53789.21530551,3671.26,34
DXB-LHE,Star Air,XX,7,July,Q3,2024,589,511460.0,471034.4,30687.6,9738.0,45415.35,868.35,35
AKL-DXB,Star Air,XX,7,July,Q3,2024,235,509833.711882,470036.6970642,30590.02271292,9206.992104,75860.20773499,2169.51,36
PEW-DXB,Star Air,XX,7,July,Q3,2024,384,504518.659075,466396.8627306,30271.1195445,7850.676801,38012.63987371,1313.85,37
DXB-CDG,Star Air,XX,7,July,Q3,2024,211,502680.0,466836.2,30160.8,5683.0,48313.69,2382.37,38
MEL-SIN,Star Air,XX,7,July,Q3,2024,117,437392.409891,404861.288118,26243.54459346,6287.57718,78730.74174742,3738.4,39
CHC-DXB,Star Air,XX,7,July,Q3,2024,421,400325.930562,368902.2168003,24019.55583372,7404.157927,64158.409246,950.89,40
LHR-DXB,Star Air,XX,7,July,Q3,2024,271,377440.58883,347453.5326269,22646.4353298,7340.620874,29422.41247319,1392.77,41
JFK-DXB,Star Air,XX,7,July,Q3,2024,102,371664.617987,342974.1301433,22299.87707922,6390.610765,33697.03728115,3643.77,42
DXB-MAA,Star Air,XX,7,July,Q3,2024,408,336376.0,310933.44,20182.56,5260.0,37001.03,824.45,43
DXB-GVA,Star Air,XX,7,July,Q3,2024,164,331975.0,307416.5,19918.5,4640.0,36517.19,2024.24,44
FRA-DXB,Star Air,XX,7,July,Q3,2024,139,320853.502465,297540.4524465,19251.2101479,4061.83987,32085.17238665,2308.3,45
DXB-CHC,Star Air,XX,7,July,Q3,2024,337,311193.0,288405.42,18671.58,4116.0,48401.73,923.42,46
DXB-ZRH,Star Air,XX,7,July,Q3,2024,114,302419.0,277831.86,18145.14,6442.0,27218.05,2652.8,47
GVA-DXB,Star Air,XX,7,July,Q3,2024,142,282726.851724,261778.7773835,16963.61110344,3984.463236,37841.98633684,1991.03,48
CDG-DXB,Star Air,XX,7,July,Q3,2024,103,240758.57307,222346.3726559,14445.5143842,3966.686031,20915.26097869,2337.46,49
DXB-FRA,Star Air,XX,7,July,Q3,2024,97,229512.0,213113.28,13770.72,2628.0,22951.55,2366.1,50
DXB-DUB,Star Air,XX,7,July,Q3,2024,50,218401.0,202676.94,13104.06,2620.0,39311.9,4368.02,51
SIN-MEL,Star Air,XX,7,July,Q3,2024,57,210481.926664,194964.8171589,12628.91559984,2888.193906,89305.0809896,3692.67,52
DXB-KHI,Star Air,XX,7,July,Q3,2024,231,209923.0,194577.62,12595.38,2750.0,22194.88,908.76,53
KHI-DXB,Star Air,XX,7,July,Q3,2024,200,167279.550665,154670.9868272,10036.7730399,2571.790798,17337.34537763,836.4,54
DXB-CMB,Star Air,XX,7,July,Q3,2024,146,138115.0,127985.1,8286.9,1843.0,8286.66,945.99,55
DXB-BOM,Star Air,XX,7,July,Q3,2024,174,137177.0,127445.38,8230.62,1501.0,15089.18,788.37,56
DEL-DXB,Star Air,XX,7,July,Q3,2024,171,135203.137011,124344.6958977,8112.18822066,2746.252892,14872.38347758,790.66,57
DXB-HYD,Star Air,XX,7,July,Q3,2024,142,131825.0,122414.5,7909.5,1501.0,6591.27,928.35,58
DXB-AKL,Star Air,XX,7,July,Q3,2024,56,131556.0,122283.64,7893.36,1379.0,19243.92,2349.21,59
DXB-HAN,Star Air,XX,7,July,Q3,2024,76,125039.0,114387.66,7502.34,3149.0,20006.35,1645.25,60
BOM-DXB,Star Air,XX,7,July,Q3,2024,143,123057.919697,114277.6574458,7383.47518182,1396.787069,11802.97873708,860.54,61
MAA-DXB,Star Air,XX,7,July,Q3,2024,156,120853.717573,112173.3218208,7251.22305438,1429.172698,13293.7824954,774.7,62
LGW-DXB,Star Air,XX,7,July,Q3,2024,141,109715.284882,100780.3006366,6582.91709292,2352.067152,14548.6199706,778.12,63
JNB-DXB,Star Air,XX,7,July,Q3,2024,107,99017.537103,91425.0304836,5941.05222618,1651.454393,12392.89167565,925.4,64
JFK-MIL,Star Air,XX,7,July,Q3,2024,127,96525.904707,89637.3600653,5791.55428242,1096.99036,13464.27059326,760.05,65
KUL-DXB,Star Air,XX,7,July,Q3,2024,98,91917.491241,85700.5628634,5515.04947446,701.878903,12452.66697621,937.93,66
DXB-DEL,Star Air,XX,7,July,Q3,2024,101,90019.0,83472.86,5401.14,1145.0,9902.23,891.28,67
DXB-PEW,Star Air,XX,7,July,Q3,2024,77,88592.0,82184.48,5315.52,1092.0,5676.15,1150.55,68
BHX-DXB,Star Air,XX,7,July,Q3,2024,112,87257.457731,80470.76153,5235.44746386,1551.248736,11519.17913884,779.08,69
DXB-JNB,Star Air,XX,7,July,Q3,2024,109,85906.0,80040.64,5154.36,711.0,5154.62,788.13,70
DXB-ADD,Star Air,XX,7,July,Q3,2024,91,77876.0,72097.44,4672.56,1106.0,4672.64,855.78,71
DXB-BHX,Star Air,XX,7,July,Q3,2024,95,72841.0,66981.54,4370.46,1489.0,7284.28,766.75,72
DXB-MUC,Star Air,XX,7,July,Q3,2024,77,72030.0,66964.2,4321.8,744.0,7202.82,935.45,73
DXB-LGW,Star Air,XX,7,July,Q3,2024,72,53618.0,49880.92,3217.08,520.0,3216.75,744.69,74
HYD-DXB,Star Air,XX,7,July,Q3,2024,63,48729.233826,44480.8771496,2923.75402956,1324.602647,2436.46724717,773.48,75
HAN-DXB,Star Air,XX,7,July,Q3,2024,36,48336.054399,45303.107721,2900.16326394,132.783414,7733.76871631,1342.67,76
DXB-KUL,Star Air,XX,7,July,Q3,2024,48,44001.0,40921.94,2640.06,439.0,2640.11,916.69,77
DXB-SVO,Star Air,XX,7,July,Q3,2024,31,41359.0,38129.46,2481.54,748.0,3722.38,1334.16,78
MIL-JFK,Star Air,XX,7,July,Q3,2024,51,38892.083658,36169.8780519,2333.52501948,388.680587,5211.84439194,762.59,79
MUC-DXB,Star Air,XX,7,July,Q3,2024,43,37986.965384,35324.8746994,2279.21792304,382.872762,5322.78688957,883.42,80
SVO-DXB,Star Air,XX,7,July,Q3,2024,25,36532.59688,33692.7989895,2191.9558128,647.842078,3287.93105381,1461.3,81
KUL-SYD,Star Air,XX,7,July,Q3,2024,3,10497.873063,9868.0006792,629.87238378,0.0,1627.70741066,3499.29,82
HAN-BKK,Star Air,XX,7,July,Q3,2024,1,422.739588,397.3752127,25.36437528,0.0,59.18355066,422.74,83
DXB-MEL,Star Air,XX,8,August,Q3,2024,4359,15844731.0,14665904.14,950683.86,228143.0,2971325.77,3634.95,1
MEL-DXB,Star Air,XX,8,August,Q3,2024,3852,13539991.053206,12520061.9298783,812399.46319236,207529.660125,2506374.94175668,3515.05,2
DXB-BNE,Star Air,XX,8,August,Q3,2024,8027,13512799.0,12514396.06,810767.94,187635.0,2448789.83,1683.42,3
BNE-DXB,Star Air,XX,8,August,Q3,2024,7329,12032122.575262,11141001.4488367,721927.35451572,169193.77196,2198905.56861732,1641.71,4
DXB-SYD,Star Air,XX,8,August,Q3,2024,4608,10485845.0,9700609.3,629150.7,156085.0,1950185.94,2275.57,5
SYD-DXB,Star Air,XX,8,August,Q3,2024,4655,10162329.554091,9391740.5950337,609739.77324546,160849.185825,1867130.73985483,2183.1,6
DXB-YUL,Star Air,XX,8,August,Q3,2024,9383,8094515.0,7485179.1,485670.9,123665.0,808628.28,862.68,7
DXB-ORD,Star Air,XX,8,August,Q3,2024,2448,7860081.0,7272109.14,471604.86,116367.0,859234.63,3210.82,8
YUL-DXB,Star Air,XX,8,August,Q3,2024,8792,7438940.767902,6881594.3635715,446336.44607412,111009.958132,754512.76082523,846.1,9
DXB-BKK,Star Air,XX,8,August,Q3,2024,2962,5503226.0,5090792.44,330193.56,82240.0,1074267.19,1857.94,10
BKK-DXB,Star Air,XX,8,August,Q3,2024,2840,5332134.106256,4927269.8117646,319928.04637536,84936.248118,1053300.52893759,1877.51,11
ORD-DXB,Star Air,XX,8,August,Q3,2024,1486,4734159.198533,4386724.7590407,284049.55191198,63384.887593,520069.81960872,3185.84,12
DXB-DFW,Star Air,XX,8,August,Q3,2024,1173,4619461.0,4266379.34,277167.66,75914.0,463407.94,3938.16,13
DXB-SIN,Star Air,XX,8,August,Q3,2024,3533,4244010.0,3925381.4,254640.6,63988.0,492754.84,1201.25,14
JFK-DXB,Star Air,XX,8,August,Q3,2024,1032,4095390.762858,3794223.3583718,245723.44577148,55443.958708,403205.18330266,3968.4,15
IAH-DXB,Star Air,XX,8,August,Q3,2024,1255,4043750.439251,3743284.4134905,242625.02635506,57840.999416,405982.45321756,3222.11,16
SIN-DXB,Star Air,XX,8,August,Q3,2024,3251,4019953.598393,3721385.6442585,241197.21590358,57370.738269,473328.21298453,1236.53,17
DXB-IAH,Star Air,XX,8,August,Q3,2024,1300,3925371.0,3630428.74,235522.26,59420.0,386310.07,3019.52,18
DFW-DXB,Star Air,XX,8,August,Q3,2024,965,3864603.066046,3580211.9719992,231876.18396276,52514.910102,395657.88542455,4004.77,19
DXB-CCU,Star Air,XX,8,August,Q3,2024,3543,3380465.0,3127898.1,202827.9,49739.0,277468.06,954.13,20
CPT-DXB,Star Air,XX,8,August,Q3,2024,1589,3293409.577401,3045652.5711688,197604.57464406,50152.431589,324227.89642398,2072.63,21
MIL-DXB,Star Air,XX,8,August,Q3,2024,2646,3143339.690298,2905284.9117371,188600.38141788,49454.397165,277066.30604862,1187.96,22
COK-DXB,Star Air,XX,8,August,Q3,2024,3777,3095789.191355,2865381.8587777,185747.3514813,44659.981098,299897.22301752,819.64,23
DXB-CPT,Star Air,XX,8,August,Q3,2024,1482,3067137.0,2833627.78,184028.22,49481.0,315598.87,2069.59,24
DXB-MIL,Star Air,XX,8,August,Q3,2024,2571,2998118.0,2772100.92,179887.08,46130.0,264341.96,1166.13,25
LHE-DXB,Star Air,XX,8,August,Q3,2024,3343,2884765.084895,2670714.5076899,173085.9050937,40964.672109,264441.6524356,862.93,26
DXB-COK,Star Air,XX,8,August,Q3,2024,3512,2835664.0,2622199.16,170139.84,43325.0,277965.3,807.42,27
YYZ-DXB,Star Air,XX,8,August,Q3,2024,753,2822751.439272,2613191.5863932,169365.08635632,40194.766521,310512.25142694,3748.67,28
MRU-DXB,Star Air,XX,8,August,Q3,2024,1525,2766677.418842,2559371.8757555,166000.64513052,41304.897957,233932.3667494,1814.21,29
CCU-DXB,Star Air,XX,8,August,Q3,2024,2791,2669631.094168,2469252.7172269,160177.86565008,40200.511293,220260.16725473,956.51,30
DXB-MRU,Star Air,XX,8,August,Q3,2024,1270,2413973.0,2234752.62,144838.38,34382.0,192371.86,1900.77,31
DXB-JFK,Star Air,XX,8,August,Q3,2024,627,2345519.0,2166329.86,140731.14,38458.0,242066.07,3740.86,32
DXB-LHR,Star Air,XX,8,August,Q3,2024,1549,2344530.0,2169287.2,140671.8,34571.0,160804.42,1513.58,33
DXB-LHE,Star Air,XX,8,August,Q3,2024,2725,2344344.0,2170057.36,140660.64,33626.0,216039.87,860.31,34
DXB-CDG,Star Air,XX,8,August,Q3,2024,851,2197669.0,2031217.86,131860.14,34591.0,204259.36,2582.45,35
LHR-DXB,Star Air,XX,8,August,Q3,2024,1391,2134046.988869,1970300.9339991,128042.81933214,35703.23554,154073.98750391,1534.18,36
DXB-YYZ,Star Air,XX,8,August,Q3,2024,533,2119383.0,1949260.02,127162.98,42960.0,233131.19,3976.33,37
ZRH-DXB,Star Air,XX,8,August,Q3,2024,698,1955288.756386,1808322.799903,117317.32538316,29648.631104,154158.76648128,2801.27,38
DXB-ZRH,Star Air,XX,8,August,Q3,2024,640,1663722.0,1538665.68,99823.32,25233.0,132158.71,2599.57,39
CHC-DXB,Star Air,XX,8,August,Q3,2024,1653,1569825.589204,1453070.4460596,94189.53535224,22565.607789,248488.9408588,949.68,40
MEL-SIN,Star Air,XX,8,August,Q3,2024,425,1513947.570199,1404537.8367649,90836.85421194,18572.879222,272508.47915287,3562.23,41
PEW-DXB,Star Air,XX,8,August,Q3,2024,1148,1466146.134116,1356131.3586617,87968.76804696,22046.007407,103746.75131393,1277.13,42
DXB-MAA,Star Air,XX,8,August,Q3,2024,1765,1435043.0,1327085.42,86102.58,21855.0,157852.23,813.06,43
DXB-AKL,Star Air,XX,8,August,Q3,2024,621,1319831.0,1220993.14,79189.86,19648.0,208315.2,2125.33,44
SIN-MEL,Star Air,XX,8,August,Q3,2024,355,1288813.865948,1190800.9707114,77328.83195688,20684.063277,531785.43029471,3630.46,45
CDG-DXB,Star Air,XX,8,August,Q3,2024,506,1273461.537841,1176568.4351134,76407.69227046,20485.410456,115672.42611101,2516.72,46
DXB-CHC,Star Air,XX,8,August,Q3,2024,1329,1269261.0,1173576.34,76155.66,19529.0,197964.72,955.05,47
GVA-DXB,Star Air,XX,8,August,Q3,2024,534,1127967.261912,1040265.8466928,67678.03571472,20023.3795,152847.58633283,2112.3,48
AKL-DXB,Star Air,XX,8,August,Q3,2024,521,1116862.28398,1035231.1187774,67011.7370388,14619.428162,166177.64659724,2143.69,49
MAA-DXB,Star Air,XX,8,August,Q3,2024,1331,1088161.079336,1006548.4005818,65289.66476016,16323.013993,119696.55431684,817.55,50
DXB-DUB,Star Air,XX,8,August,Q3,2024,300,1067991.0,989162.54,64079.46,14749.0,192240.02,3559.97,51
DUB-DXB,Star Air,XX,8,August,Q3,2024,292,1022312.58108,944879.418922,61338.7548648,16094.407295,298439.0593009,3501.07,52
FRA-DXB,Star Air,XX,8,August,Q3,2024,388,976843.083207,903813.7195401,58610.58499242,14418.778675,97679.9906986,2517.64,53
DXB-HAN,Star Air,XX,8,August,Q3,2024,609,910210.0,841977.4,54612.6,13620.0,145635.09,1494.6,54
KHI-DXB,Star Air,XX,8,August,Q3,2024,933,868563.303166,804927.1078808,52113.79818996,11522.397093,91615.86196509,930.94,55
DXB-PEW,Star Air,XX,8,August,Q3,2024,670,815862.0,754677.28,48951.72,12233.0,53982.42,1217.7,56
DXB-FRA,Star Air,XX,8,August,Q3,2024,320,815334.0,747609.96,48920.04,18804.0,81533.59,2547.92,57
BOM-DXB,Star Air,XX,8,August,Q3,2024,895,733144.982406,678090.0055578,43988.69894436,11066.277903,73069.77033838,819.16,58
DXB-GVA,Star Air,XX,8,August,Q3,2024,355,711041.0,654873.54,42662.46,13505.0,78213.63,2002.93,59
DXB-KHI,Star Air,XX,8,August,Q3,2024,743,695760.0,643645.4,41745.6,10369.0,73854.61,936.42,60
DXB-DEL,Star Air,XX,8,August,Q3,2024,703,617571.0,569625.74,37054.26,10891.0,67931.82,878.48,61
DXB-BOM,Star Air,XX,8,August,Q3,2024,660,562153.0,520239.82,33729.18,8184.0,59791.76,851.75,62
JNB-DXB,Star Air,XX,8,August,Q3,2024,511,487915.277174,448916.2672071,29274.91663044,9724.093337,65950.59777807,954.82,63
DEL-DXB,Star Air,XX,8,August,Q3,2024,586,486368.504347,450120.1814933,29182.11026082,7066.212592,53500.67518382,829.98,64
DXB-HYD,Star Air,XX,8,August,Q3,2024,542,480059.0,443778.46,28803.54,7477.0,24003.1,885.72,65
HAN-DXB,Star Air,XX,8,August,Q3,2024,315,476343.326916,440366.8675899,28580.59961496,7395.859711,76214.9321738,1512.2,66
DXB-SVO,Star Air,XX,8,August,Q3,2024,317,431476.0,400597.44,25888.56,4990.0,38832.66,1361.12,67
KUL-DXB,Star Air,XX,8,August,Q3,2024,434,395965.696808,366954.2877246,23757.94180848,5253.467275,53997.04845808,912.36,68
DXB-CMB,Star Air,XX,8,August,Q3,2024,369,347642.0,321320.48,20858.52,5463.0,20858.23,942.12,69
DXB-JNB,Star Air,XX,8,August,Q3,2024,333,310590.0,286675.6,18635.4,5279.0,18635.78,932.7,70
BHX-DXB,Star Air,XX,8,August,Q3,2024,361,284058.822901,263106.2999419,17043.52937406,3908.993584,37954.54941588,786.87,71
MUC-DXB,Star Air,XX,8,August,Q3,2024,350,281339.920338,260752.6557481,16880.39522028,3706.869369,38164.39458574,803.83,72
LGW-DXB,Star Air,XX,8,August,Q3,2024,342,273944.062162,253036.0796579,16436.64372972,4471.338773,37074.15453232,801.01,73
DXB-MUC,Star Air,XX,8,August,Q3,2024,320,261390.0,242281.6,15683.4,3425.0,26138.78,816.84,74
JFK-MIL,Star Air,XX,8,August,Q3,2024,306,251352.070876,232248.0990611,15081.12425256,4022.84756,34073.08663491,821.41,75
MIL-JFK,Star Air,XX,8,August,Q3,2024,312,249046.475542,230505.905735,14942.78853252,3597.781271,34075.65322436,798.23,76
DXB-BHX,Star Air,XX,8,August,Q3,2024,288,237557.0,219828.58,14253.42,3475.0,23756.1,824.85,77
DXB-ADD,Star Air,XX,8,August,Q3,2024,274,226234.0,210084.96,13574.04,2575.0,13574.09,825.67,78
DXB-LGW,Star Air,XX,8,August,Q3,2024,278,216465.0,199990.1,12987.9,3487.0,12987.82,778.65,79
DXB-KUL,Star Air,XX,8,August,Q3,2024,220,208822.0,193135.68,12529.32,3157.0,12529.0,949.19,80
KUL-SYD,Star Air,XX,8,August,Q3,2024,229,207560.111541,192080.7192355,12453.60669246,3025.785613,32182.91331179,906.38,81
ADD-DXB,Star Air,XX,8,August,Q3,2024,176,168947.72619,157076.3141086,10136.8635714,1734.54851,22296.9579506,959.93,82
SVO-DXB,Star Air,XX,8,August,Q3,2024,98,125731.866398,116437.1761944,7543.91198388,1750.77822,11315.86445932,1282.98,83
HYD-DXB,Star Air,XX,8,August,Q3,2024,131,114493.144909,105521.4173396,6869.58869454,2102.138875,5724.66823111,873.99,84
CMB-DXB,Star Air,XX,8,August,Q3,2024,43,41337.234836,38217.297426,2480.23409016,639.70332,711.88233024,961.33,85
SYD-KUL,Star Air,XX,8,August,Q3,2024,43,37893.54366,35027.5102882,2273.6126196,592.420752,8570.83984995,881.25,86
HAN-BKK,Star Air,XX,8,August,Q3,2024,1,439.19137,368.9206928,26.3514822,43.919195,61.4868005,439.19,87
DXB-MEL,Star Air,XX,9,September,Q3,2024,10440,38035054.0,35203941.76,2282103.24,549009.0,7107174.88,3643.2,1
BNE-DXB,Star Air,XX,9,September,Q3,2024,16018,27152021.43422,25123759.2898354,1629121.2860532,399140.858389,4934924.15369047,1695.09,2
MEL-DXB,Star Air,XX,9,September,Q3,2024,7286,26561143.034507,24578781.6031227,1593668.58207042,388692.849317,4939257.32541618,3645.5,3
DXB-BNE,Star Air,XX,9,September,Q3,2024,15237,25497743.0,23582600.42,1529864.58,385278.0,4627955.61,1673.41,4
DXB-SYD,Star Air,XX,9,September,Q3,2024,10459,23647901.0,21876102.94,1418874.06,352924.0,4396284.25,2261.01,5
SYD-DXB,Star Air,XX,9,September,Q3,2024,10333,23371083.958073,21619905.9418917,1402265.03748438,348912.97869,4281267.00548866,2261.79,6
DXB-YUL,Star Air,XX,9,September,Q3,2024,19722,16801848.0,15543889.12,1008110.88,249848.0,1677076.88,851.93,7
DXB-ORD,Star Air,XX,9,September,Q3,2024,5129,16382296.0,15150743.24,982937.76,248615.0,1797064.14,3194.05,8
YUL-DXB,Star Air,XX,9,September,Q3,2024,18745,16138220.870324,14931714.8522089,968293.25221944,238212.765996,1608661.66450493,860.93,9
BKK-DXB,Star Air,XX,9,September,Q3,2024,6752,12806053.673752,11853506.1310453,768363.22042512,184184.322282,2551723.69458773,1896.63,10
DXB-BKK,Star Air,XX,9,September,Q3,2024,6759,12709793.0,11765429.42,762587.58,181776.0,2551468.98,1880.43,11
ORD-DXB,Star Air,XX,9,September,Q3,2024,3878,12042586.492386,11140133.6816735,722555.18954316,179897.621151,1323445.27708264,3105.36,12
DXB-IAH,Star Air,XX,9,September,Q3,2024,3073,10044865.0,9283189.1,602691.9,158984.0,1002422.96,3268.75,13
IAH-DXB,Star Air,XX,9,September,Q3,2024,2999,9129411.779561,8448898.6015205,547764.70677366,132748.471257,916916.05577931,3044.15,14
SIN-DXB,Star Air,XX,9,September,Q3,2024,7075,8919574.258591,8246247.8669121,535174.45551546,138151.936126,1043818.75601193,1260.72,15
JFK-DXB,Star Air,XX,9,September,Q3,2024,2313,8647040.456298,7989028.4365175,518822.42737788,139189.592425,852924.21594213,3738.45,16
DXB-SIN,Star Air,XX,9,September,Q3,2024,6771,8401866.0,7774344.04,504111.96,123410.0,980713.33,1240.86,17
DXB-CPT,Star Air,XX,9,September,Q3,2024,3827,7938318.0,7334956.92,476299.08,127062.0,803965.46,2074.29,18
DXB-JFK,Star Air,XX,9,September,Q3,2024,1977,7547310.0,6971833.4,452838.6,122638.0,758787.72,3817.56,19
MIL-DXB,Star Air,XX,9,September,Q3,2024,5745,7313115.9641,6773210.2467775,438786.957846,101118.759449,652009.64595554,1272.95,20
CPT-DXB,Star Air,XX,9,September,Q3,2024,3425,7230811.567291,6684363.6885472,433848.69403746,112599.184706,715893.29104386,2111.19,21
DXB-CCU,Star Air,XX,9,September,Q3,2024,7322,7029503.0,6504857.82,421770.18,102875.0,572576.58,960.05,22
COK-DXB,Star Air,XX,9,September,Q3,2024,8353,6976628.602616,6449096.4300834,418597.71615696,108934.456372,670721.75978044,835.22,23
DXB-DFW,Star Air,XX,9,September,Q3,2024,1770,6956003.0,6434579.82,417360.18,104063.0,699406.29,3929.95,24
DFW-DXB,Star Air,XX,9,September,Q3,2024,1813,6829410.455179,6308010.3927722,409764.62731074,111635.435128,679939.08210438,3766.91,25
LHE-DXB,Star Air,XX,9,September,Q3,2024,7731,6593288.191035,6097093.1907053,395597.2914621,100597.708865,607607.33728791,852.84,26
DXB-COK,Star Air,XX,9,September,Q3,2024,7796,6404341.0,5919543.54,384260.46,100537.0,622943.87,821.49,27
CCU-DXB,Star Air,XX,9,September,Q3,2024,6493,6379814.645298,5900919.120964,382788.87871788,96106.645612,504340.63585478,982.57,28
DXB-MIL,Star Air,XX,9,September,Q3,2024,5127,6306371.0,5835374.74,378382.26,92614.0,570922.1,1230.03,29
MRU-DXB,Star Air,XX,9,September,Q3,2024,3393,6200050.048294,5736499.9214567,372003.00289764,91547.123941,512060.81695631,1827.31,30
DXB-LHE,Star Air,XX,9,September,Q3,2024,6876,5873336.0,5433057.84,352400.16,87878.0,554292.45,854.18,31
DXB-MRU,Star Air,XX,9,September,Q3,2024,3110,5778995.0,5346035.3,346739.7,86220.0,454493.63,1858.2,32
YYZ-DXB,Star Air,XX,9,September,Q3,2024,1332,5109532.601948,4731987.6894073,306571.95611688,70972.956421,562062.11375359,3835.99,33
DXB-CDG,Star Air,XX,9,September,Q3,2024,1899,4899252.0,4539369.88,293955.12,65927.0,465009.79,2579.91,34
DXB-YYZ,Star Air,XX,9,September,Q3,2024,1181,4538688.0,4199871.72,272321.28,66495.0,499254.57,3843.09,35
LHR-DXB,Star Air,XX,9,September,Q3,2024,2909,4256140.120841,3932458.8658678,255368.40725046,68312.84771,314338.94104725,1463.09,36
ZRH-DXB,Star Air,XX,9,September,Q3,2024,1499,4181000.967121,3871163.3132908,250860.05802726,58977.595805,336034.15545131,2789.19,37
DXB-LHR,Star Air,XX,9,September,Q3,2024,2733,3989305.0,3682698.7,239358.3,67248.0,286099.51,1459.68,38
CDG-DXB,Star Air,XX,9,September,Q3,2024,1514,3897366.590248,3604180.7555457,233841.99541488,59343.839269,364695.60680856,2574.22,39
DXB-ZRH,Star Air,XX,9,September,Q3,2024,1276,3602014.0,3341875.16,216120.84,44018.0,274657.53,2822.89,40
PEW-DXB,Star Air,XX,9,September,Q3,2024,2616,3224741.985538,2985440.4253333,193484.51913228,45817.041072,228988.17314848,1232.7,41
DUB-DXB,Star Air,XX,9,September,Q3,2024,855,3211574.627993,2969367.5529857,192694.47767958,49512.597329,937536.289542,3756.23,42
CHC-DXB,Star Air,XX,9,September,Q3,2024,3352,3128872.004916,2896244.1177587,187732.32029496,44895.566858,493954.83456966,933.43,43
MEL-SIN,Star Air,XX,9,September,Q3,2024,849,3128131.749081,2894946.4415306,187687.90494486,45497.402605,563059.66635371,3684.49,44
DXB-MAA,Star Air,XX,9,September,Q3,2024,3863,3107890.0,2876626.6,186473.4,44790.0,341864.72,804.53,45
DXB-CHC,Star Air,XX,9,September,Q3,2024,3210,3062271.0,2833913.74,183736.26,44621.0,477091.53,953.98,46
DXB-PEW,Star Air,XX,9,September,Q3,2024,2073,2635213.0,2433934.22,158112.78,43166.0,184526.22,1271.21,47
DXB-AKL,Star Air,XX,9,September,Q3,2024,1168,2466843.0,2280364.42,148010.58,38468.0,394379.22,2112.02,48
FRA-DXB,Star Air,XX,9,September,Q3,2024,1017,2454629.852504,2270156.9630749,147277.79115024,37195.098289,245457.41594915,2413.6,49
MAA-DXB,Star Air,XX,9,September,Q3,2024,2844,2366388.887096,2187694.4594787,141983.33322576,36711.094392,260300.39015078,832.06,50
AKL-DXB,Star Air,XX,9,September,Q3,2024,1073,2284069.104163,2114955.7558367,137044.14624978,32069.202076,348102.67537087,2128.68,51
SIN-MEL,Star Air,XX,9,September,Q3,2024,608,2201867.251473,2036627.2658361,132112.03508838,33127.950552,912768.59799065,3621.49,52
HAN-DXB,Star Air,XX,9,September,Q3,2024,1324,1960592.620825,1809977.0164211,117635.5572495,32980.047156,313694.81921467,1480.81,53
DXB-FRA,Star Air,XX,9,September,Q3,2024,749,1854763.0,1717820.22,111285.78,25657.0,185475.94,2476.32,54
DXB-DUB,Star Air,XX,9,September,Q3,2024,501,1745387.0,1613890.78,104723.22,26773.0,314169.7,3483.81,55
DXB-HAN,Star Air,XX,9,September,Q3,2024,1148,1739620.0,1611867.8,104377.2,23375.0,278339.53,1515.35,56
KHI-DXB,Star Air,XX,9,September,Q3,2024,1910,1664411.606018,1539518.4521336,99864.69636108,25028.457524,176747.33294734,871.42,57
GVA-DXB,Star Air,XX,9,September,Q3,2024,757,1589427.20808,1471385.3850868,95365.6324848,22676.190513,216491.04764188,2099.64,58
BOM-DXB,Star Air,XX,9,September,Q3,2024,1655,1428756.083394,1322798.952638,85725.36500364,20231.765754,144428.1008816,863.3,59
DXB-KHI,Star Air,XX,9,September,Q3,2024,1630,1427928.0,1320247.32,85675.68,22005.0,153744.2,876.03,60
DXB-DEL,Star Air,XX,9,September,Q3,2024,1691,1426506.0,1320743.64,85590.36,20172.0,156913.55,843.59,61
DXB-HYD,Star Air,XX,9,September,Q3,2024,1265,1072118.0,995161.92,64327.08,12629.0,53605.21,847.52,62
DXB-BOM,Star Air,XX,9,September,Q3,2024,1238,1055550.0,977138.0,63333.0,15079.0,108336.93,852.63,63
DXB-GVA,Star Air,XX,9,September,Q3,2024,470,1000952.0,926365.88,60057.12,14529.0,110105.66,2129.69,64
DXB-SVO,Star Air,XX,9,September,Q3,2024,740,998924.0,923686.56,59935.44,15302.0,89904.3,1349.9,65
DEL-DXB,Star Air,XX,9,September,Q3,2024,1121,982331.965614,908110.8717508,58939.91793684,15281.175926,108056.6750622,876.3,66
KUL-DXB,Star Air,XX,9,September,Q3,2024,887,861401.404433,795799.5929064,51684.08426598,13917.727261,115853.98677117,971.14,67
JNB-DXB,Star Air,XX,9,September,Q3,2024,835,803008.183179,741566.9398744,48180.49099074,13260.752313,109942.83869841,961.69,68
KUL-SYD,Star Air,XX,9,September,Q3,2024,780,722616.106689,669328.1790787,43356.96640134,9930.961209,112045.68475964,926.43,69
MUC-DXB,Star Air,XX,9,September,Q3,2024,842,709774.875602,657373.2488657,42586.49253612,9815.134202,96164.04177787,842.96,70
DXB-JNB,Star Air,XX,9,September,Q3,2024,767,705641.0,655388.54,42338.46,7914.0,42337.53,920.0,71
DXB-LGW,Star Air,XX,9,September,Q3,2024,859,686087.0,634722.78,41165.22,10199.0,41164.33,798.7,72
DXB-CMB,Star Air,XX,9,September,Q3,2024,685,680013.0,631023.22,40800.78,8189.0,40800.72,992.72,73
JFK-MIL,Star Air,XX,9,September,Q3,2024,858,664107.165501,614914.4440661,39846.42993006,9346.291498,90650.05998767,774.02,74
LGW-DXB,Star Air,XX,9,September,Q3,2024,775,653428.656175,604846.2471531,39205.7193705,9376.68966,88165.09861333,843.13,75
SYD-KUL,Star Air,XX,9,September,Q3,2024,673,627940.546745,578829.4157189,37676.4328047,11434.69822,142046.47605516,933.05,76
DXB-MUC,Star Air,XX,9,September,Q3,2024,752,601990.0,557157.6,36119.4,8713.0,60197.41,800.52,77
MIL-JFK,Star Air,XX,9,September,Q3,2024,677,557326.03529,515241.841079,33439.5621174,8644.632096,74298.66787456,823.23,78
BHX-DXB,Star Air,XX,9,September,Q3,2024,693,552788.730492,511720.7175113,33167.32382952,7900.689158,75628.8505148,797.67,79
SVO-DXB,Star Air,XX,9,September,Q3,2024,441,550679.772472,509574.5638969,33040.78634832,8064.422227,49561.16585382,1248.71,80
DXB-KUL,Star Air,XX,9,September,Q3,2024,574,540046.0,497674.24,32402.76,9969.0,32402.19,940.85,81
DXB-ADD,Star Air,XX,9,September,Q3,2024,567,490157.0,453788.58,29409.42,6959.0,29409.53,864.47,82
ADD-DXB,Star Air,XX,9,September,Q3,2024,642,434207.56392,400907.4926448,26052.4538352,7247.61744,57304.7536848,676.34,83
DXB-BHX,Star Air,XX,9,September,Q3,2024,431,352105.0,325042.7,21126.3,5936.0,35210.98,816.95,84
HYD-DXB,Star Air,XX,9,September,Q3,2024,354,317650.123602,293136.451112,19059.00741612,5454.665074,15882.51634232,897.32,85
CMB-DXB,Star Air,XX,9,September,Q3,2024,277,259622.000098,239953.3130168,15577.32000588,4091.367075,4471.03463542,937.26,86
SVO-DFW,Star Air,XX,9,September,Q3,2024,1,4144.037046,3895.3948232,248.64222276,0.0,455.84591401,4144.04,87
LHE-HAN,Star Air,XX,9,September,Q3,2024,2,3021.199331,2839.9273712,181.27195986,0.0,422.96881067,1510.6,88
HAN-GVA,Star Air,XX,9,September,Q3,2024,1,2133.524439,2005.5129727,128.01146634,0.0,128.01146211,2133.52,89
MUC-SVO,Star Air,XX,9,September,Q3,2024,1,2094.55302,1968.8798388,125.6731812,0.0,251.5600923,2094.55,90
HYD-HAN,Star Air,XX,9,September,Q3,2024,1,840.994494,790.5348244,50.45966964,0.0,109.32663138,840.99,91
SYD-AKL,Star Air,XX,9,September,Q3,2024,1,490.753424,461.3082186,29.44520544,0.0,88.33561632,490.75,92
DXB-MEL,Star Air,XX,10,October,Q4,2024,1997,7189359.0,6642830.46,431361.54,115167.0,1330607.3,3600.08,1
BNE-DXB,Star Air,XX,10,October,Q4,2024,3179,5562562.224764,5141106.9595854,333753.73348584,87701.531702,1014037.69654902,1749.78,2
DXB-BNE,Star Air,XX,10,October,Q4,2024,3113,5297901.0,4908833.94,317874.06,71193.0,960688.42,1701.86,3
DXB-SYD,Star Air,XX,10,October,Q4,2024,2223,5097334.0,4716862.96,305840.04,74631.0,943507.11,2293.0,4
MEL-DXB,Star Air,XX,10,October,Q4,2024,1361,5042112.52288,4670344.2485692,302526.7513728,69241.522935,938112.94101919,3704.71,5
SYD-DXB,Star Air,XX,10,October,Q4,2024,2112,4858320.579426,4492615.0783398,291499.23476556,74206.266327,892930.74336116,2300.34,6
DXB-YUL,Star Air,XX,10,October,Q4,2024,3922,3410678.0,3157499.32,204640.68,48538.0,341984.43,869.63,7
YUL-DXB,Star Air,XX,10,October,Q4,2024,3671,3237303.623008,2989753.784502,194238.21738048,53311.621118,319699.79297369,881.86,8
ORD-DXB,Star Air,XX,10,October,Q4,2024,907,2847923.90302,2636109.2030285,170875.4341812,40939.265815,311142.26113579,3139.94,9
DXB-ORD,Star Air,XX,10,October,Q4,2024,844,2835006.0,2622764.64,170100.36,42141.0,312383.63,3359.01,10
DXB-BKK,Star Air,XX,10,October,Q4,2024,1461,2683318.0,2479924.92,160999.08,42394.0,544230.44,1836.63,11
BKK-DXB,Star Air,XX,10,October,Q4,2024,1366,2535017.608646,2347288.2184669,152101.05651876,35628.333659,509184.77388051,1855.8,12
DXB-IAH,Star Air,XX,10,October,Q4,2024,614,1922315.0,1780968.1,115338.9,26008.0,194515.91,3130.81,13
IAH-DXB,Star Air,XX,10,October,Q4,2024,569,1815440.659248,1681028.2787059,108926.43955488,25485.940989,183495.05490857,3190.58,14
SIN-DXB,Star Air,XX,10,October,Q4,2024,1413,1801280.52139,1665446.2540059,108076.8312834,27757.4361,211608.43053029,1274.79,15
DXB-JFK,Star Air,XX,10,October,Q4,2024,426,1679335.0,1547477.9,100760.1,31097.0,168469.81,3942.1,16
DXB-SIN,Star Air,XX,10,October,Q4,2024,1356,1678826.0,1553845.44,100729.56,24251.0,195721.45,1238.07,17
JFK-DXB,Star Air,XX,10,October,Q4,2024,436,1601033.253128,1479362.8461843,96061.99518768,25608.411754,161373.54373874,3672.09,18
DXB-CPT,Star Air,XX,10,October,Q4,2024,736,1542765.0,1426356.1,92565.9,23843.0,152327.21,2096.15,19
DXB-CCU,Star Air,XX,10,October,Q4,2024,1461,1394229.0,1290263.26,83653.74,20312.0,112318.06,954.3,20
DXB-MRU,Star Air,XX,10,October,Q4,2024,724,1393159.0,1287074.46,83589.54,22495.0,109471.53,1924.25,21
COK-DXB,Star Air,XX,10,October,Q4,2024,1689,1390468.285451,1286024.7533151,83428.09712706,21015.435009,136288.21428648,823.25,22
DXB-DFW,Star Air,XX,10,October,Q4,2024,342,1381975.0,1278902.5,82918.5,20154.0,138458.7,4040.86,23
CPT-DXB,Star Air,XX,10,October,Q4,2024,627,1355735.611225,1253736.4849662,81344.1366735,20654.989585,129027.11744034,2162.26,24
DXB-COK,Star Air,XX,10,October,Q4,2024,1667,1352216.0,1249979.04,81132.96,21104.0,132366.42,811.17,25
LHE-DXB,Star Air,XX,10,October,Q4,2024,1502,1345352.351792,1243753.1679903,80721.14110752,20878.042693,126355.75974611,895.71,26
MRU-DXB,Star Air,XX,10,October,Q4,2024,708,1325362.247423,1227589.3412928,79521.73484538,18251.171284,107894.78650492,1871.98,27
DFW-DXB,Star Air,XX,10,October,Q4,2024,329,1271451.681521,1175361.6434468,76287.10089126,19802.937184,125622.02279586,3864.59,28
CCU-DXB,Star Air,XX,10,October,Q4,2024,1233,1267705.31696,1173287.2457712,76062.3190176,18355.752171,102967.47301427,1028.15,29
DXB-LHE,Star Air,XX,10,October,Q4,2024,1358,1161497.0,1073198.18,69689.82,18609.0,108891.48,855.3,30
MIL-DXB,Star Air,XX,10,October,Q4,2024,993,1138118.858583,1053638.8962183,68287.13151498,16192.830853,100981.85794008,1146.14,31
DXB-MIL,Star Air,XX,10,October,Q4,2024,870,1100469.0,1016860.86,66028.14,17580.0,99434.53,1264.91,32
DXB-CDG,Star Air,XX,10,October,Q4,2024,388,1024017.0,948759.98,61441.02,13816.0,96911.71,2639.22,33
CDG-DXB,Star Air,XX,10,October,Q4,2024,401,1008568.793974,933758.6740167,60514.12763844,14295.992314,93310.50024477,2515.13,34
LHR-DXB,Star Air,XX,10,October,Q4,2024,587,890609.163796,825072.6370821,53436.54982776,12099.976887,63229.79337506,1517.22,35
DXB-YYZ,Star Air,XX,10,October,Q4,2024,233,857450.0,788166.0,51447.0,17837.0,94318.95,3680.04,36
YYZ-DXB,Star Air,XX,10,October,Q4,2024,227,857141.110682,792888.7846685,51428.46664092,12823.859373,94287.65585987,3775.95,37
DXB-LHR,Star Air,XX,10,October,Q4,2024,574,855742.0,791891.48,51344.52,12506.0,63228.74,1490.84,38
ZRH-DXB,Star Air,XX,10,October,Q4,2024,300,840547.18677,774046.8040878,50432.8312062,16067.551473,65196.09726035,2801.82,39
DXB-AKL,Star Air,XX,10,October,Q4,2024,346,806514.0,745312.16,48390.84,12811.0,126391.86,2330.97,40
PEW-DXB,Star Air,XX,10,October,Q4,2024,588,752683.430474,695522.786696,45161.00582844,11999.637949,53023.12547224,1280.07,41
DXB-CHC,Star Air,XX,10,October,Q4,2024,703,687450.0,636105.0,41247.0,10098.0,106276.01,977.88,42
DXB-ZRH,Star Air,XX,10,October,Q4,2024,236,670280.0,619935.2,40216.8,10128.0,50952.23,2840.17,43
DUB-DXB,Star Air,XX,10,October,Q4,2024,179,645192.967095,598125.7593253,38711.5780257,8355.629745,188352.51570436,3604.43,44
SIN-MEL,Star Air,XX,10,October,Q4,2024,153,585704.405827,543098.404181,35142.26434962,7463.737296,240584.91599266,3828.13,45
MEL-SIN,Star Air,XX,10,October,Q4,2024,148,573055.175057,531553.6196851,34383.31050342,7118.244868,103151.07466016,3871.99,46
MAA-DXB,Star Air,XX,10,October,Q4,2024,674,563685.504744,521430.9038265,33821.13028464,8433.470633,62004.85752044,836.33,47
CHC-DXB,Star Air,XX,10,October,Q4,2024,562,552300.630222,511580.8637015,33138.03781332,7581.728708,85557.25340747,982.74,48
DXB-MAA,Star Air,XX,10,October,Q4,2024,685,545315.0,505673.1,32718.9,6923.0,59985.75,796.08,49
AKL-DXB,Star Air,XX,10,October,Q4,2024,240,540101.106335,498317.5313741,32406.0663801,9377.508581,81811.38383533,2250.42,50
FRA-DXB,Star Air,XX,10,October,Q4,2024,212,482550.229273,444794.8454863,28953.01375638,8802.370032,48251.59977704,2276.18,51
DXB-PEW,Star Air,XX,10,October,Q4,2024,382,474051.0,438250.94,28443.06,7357.0,32103.77,1240.97,52
GVA-DXB,Star Air,XX,10,October,Q4,2024,196,449400.563623,418361.9224932,26964.03381738,4074.607315,63125.28332753,2292.86,53
HAN-DXB,Star Air,XX,10,October,Q4,2024,276,444956.195525,410746.5751308,26697.3717315,7512.248663,71192.99133261,1612.16,54
DXB-DUB,Star Air,XX,10,October,Q4,2024,96,378242.0,351208.48,22694.52,4339.0,68083.06,3940.02,55
KHI-DXB,Star Air,XX,10,October,Q4,2024,400,375293.756254,347910.6351678,22517.62537524,4865.495711,39647.35912926,938.23,56
DXB-KHI,Star Air,XX,10,October,Q4,2024,422,362592.0,336831.48,21755.52,4005.0,38714.45,859.22,57
DXB-FRA,Star Air,XX,10,October,Q4,2024,132,309579.0,285007.26,18574.74,5997.0,30958.36,2345.3,58
BOM-DXB,Star Air,XX,10,October,Q4,2024,348,309468.551273,284699.6999954,18568.11307638,6200.738202,31026.97054081,889.28,59
DXB-DEL,Star Air,XX,10,October,Q4,2024,323,280186.0,258846.84,16811.16,4528.0,30819.37,867.45,60
DXB-HAN,Star Air,XX,10,October,Q4,2024,169,256148.0,237795.12,15368.88,2984.0,40983.11,1515.67,61
DEL-DXB,Star Air,XX,10,October,Q4,2024,265,217114.839443,200950.6015054,13026.89036658,3137.347571,23882.66849561,819.3,62
DXB-SVO,Star Air,XX,10,October,Q4,2024,141,197925.0,183264.5,11875.5,2785.0,17813.33,1403.72,63
DXB-HYD,Star Air,XX,10,October,Q4,2024,214,178864.0,165266.16,10731.84,2866.0,8943.46,835.81,64
SVO-DXB,Star Air,XX,10,October,Q4,2024,140,171853.935118,159241.9483382,10311.23610708,2300.750673,15466.86147786,1227.53,65
DXB-BOM,Star Air,XX,10,October,Q4,2024,183,170069.0,157555.86,10204.14,2309.0,17648.5,929.34,66
KUL-SYD,Star Air,XX,10,October,Q4,2024,183,165901.492959,153265.9649011,9954.08957754,2681.43848,25723.37648769,906.57,67
MIL-JFK,Star Air,XX,10,October,Q4,2024,179,158157.874892,145942.0873716,9489.47249352,2726.315027,21645.52447714,883.56,68
KUL-DXB,Star Air,XX,10,October,Q4,2024,158,147596.058359,135114.764663,8855.76350154,3625.530194,20862.7509315,934.15,69
DXB-KUL,Star Air,XX,10,October,Q4,2024,134,137343.0,126852.42,8240.58,2250.0,8240.12,1024.95,70
DXB-GVA,Star Air,XX,10,October,Q4,2024,58,136923.0,126386.62,8215.38,2321.0,15061.75,2360.74,71
JFK-MIL,Star Air,XX,10,October,Q4,2024,165,136231.734988,126296.9078491,8173.90409928,1760.92304,17523.72262152,825.65,72
DXB-MUC,Star Air,XX,10,October,Q4,2024,155,128484.0,118617.96,7709.04,2157.0,12848.5,828.93,73
DXB-JNB,Star Air,XX,10,October,Q4,2024,154,126336.0,116689.84,7580.16,2066.0,7580.47,820.36,74
DXB-LGW,Star Air,XX,10,October,Q4,2024,150,116896.0,108457.24,7013.76,1425.0,7014.07,779.31,75
LGW-DXB,Star Air,XX,10,October,Q4,2024,143,113463.307643,104411.9011947,6807.79845858,2243.607989,15547.00110197,793.45,76
DXB-CMB,Star Air,XX,10,October,Q4,2024,108,105273.0,97150.62,6316.38,1806.0,6316.39,974.75,77
SYD-KUL,Star Air,XX,10,October,Q4,2024,106,100423.701084,93503.491351,6025.42206504,894.787668,22715.15152301,947.39,78
ADD-DXB,Star Air,XX,10,October,Q4,2024,146,96494.28048,89334.0515712,5789.6568288,1370.57208,12734.889444,660.92,79
MUC-DXB,Star Air,XX,10,October,Q4,2024,105,90421.668096,83257.4272578,5425.30008576,1738.940752,11658.39977863,861.16,80
DXB-BHX,Star Air,XX,10,October,Q4,2024,98,80413.0,74399.22,4824.78,1189.0,8041.32,820.54,81
DXB-ADD,Star Air,XX,10,October,Q4,2024,81,74166.0,68747.04,4449.96,969.0,4449.95,915.63,82
JNB-DXB,Star Air,XX,10,October,Q4,2024,86,73371.774399,68002.7296169,4402.30646394,966.738318,8696.09271404,853.16,83
HYD-DXB,Star Air,XX,10,October,Q4,2024,67,61451.141403,56212.2398451,3687.06848418,1551.833074,3072.5605246,917.18,84
BHX-DXB,Star Air,XX,10,October,Q4,2024,77,60030.548636,55385.78923,3601.83291816,1042.926488,8229.73980502,779.62,85
CMB-DXB,Star Air,XX,10,October,Q4,2024,53,48460.705532,44496.4874248,2907.64233192,1056.575775,834.55830404,914.35,86
YUL-DFW,Star Air,XX,10,October,Q4,2024,1,1149.007713,1080.0672502,68.94046278,0.0,114.78948726,1149.01,87
AKL-MEL,Star Air,XX,10,October,Q4,2024,1,112.041954,105.3194368,6.72251724,0.0,19.0886292,112.04,88
DXB-MEL,Star Air,XX,11,November,Q4,2024,2327,8652475.0,8010667.5,519148.5,122659.0,1608460.56,3718.3,1
DXB-SYD,Star Air,XX,11,November,Q4,2024,3000,7171428.0,6629442.32,430285.68,111700.0,1321067.95,2390.48,2
DXB-BNE,Star Air,XX,11,November,Q4,2024,3901,6640226.0,6137823.44,398413.56,103989.0,1205122.95,1702.19,3
BNE-DXB,Star Air,XX,11,November,Q4,2024,3832,6455608.741773,5968120.1379721,387336.52450638,100152.079275,1186028.27855169,1684.66,4
MEL-DXB,Star Air,XX,11,November,Q4,2024,1712,6169160.656783,5713757.4636065,370149.63940698,85253.553772,1147174.57916651,3603.48,5
SYD-DXB,Star Air,XX,11,November,Q4,2024,2645,6003289.612017,5559535.5501674,360197.37672102,83556.685126,1100923.94900779,2269.67,6
DXB-YUL,Star Air,XX,11,November,Q4,2024,4855,4212629.0,3897580.26,252757.74,62291.0,420290.41,867.69,7
YUL-DXB,Star Air,XX,11,November,Q4,2024,4607,4072737.214902,3771774.1115254,244364.23289412,56598.870448,403235.9234014,884.03,8
DXB-BKK,Star Air,XX,11,November,Q4,2024,1888,3635458.0,3355641.52,218127.48,61689.0,731592.22,1925.56,9
DXB-ORD,Star Air,XX,11,November,Q4,2024,1049,3507041.0,3246362.54,210422.46,50256.0,384272.36,3343.22,10
BKK-DXB,Star Air,XX,11,November,Q4,2024,1722,3413888.991206,3153024.7628875,204833.33947236,56030.888847,681610.50712292,1982.51,11
ORD-DXB,Star Air,XX,11,November,Q4,2024,1022,3326563.754872,3074480.0659719,199593.82529232,52489.863613,362798.62111399,3254.95,12
DXB-IAH,Star Air,XX,11,November,Q4,2024,701,2337583.0,2166915.02,140254.98,30413.0,237873.39,3334.64,13
DXB-SIN,Star Air,XX,11,November,Q4,2024,1724,2286367.0,2118168.98,137182.02,31016.0,266976.27,1326.2,14
SIN-DXB,Star Air,XX,11,November,Q4,2024,1773,2226377.617283,2065031.9483317,133582.65703698,27763.011936,261723.25908895,1255.71,15
IAH-DXB,Star Air,XX,11,November,Q4,2024,681,2158630.143824,1982907.1585226,129517.80862944,46205.176676,216686.84336265,3169.79,16
DXB-JFK,Star Air,XX,11,November,Q4,2024,479,2007304.0,1863147.76,120438.24,23718.0,201131.2,4190.61,17
DXB-CPT,Star Air,XX,11,November,Q4,2024,892,1931910.0,1792693.4,115914.6,23302.0,190063.9,2165.82,18
MRU-DXB,Star Air,XX,11,November,Q4,2024,974,1912478.057473,1770480.872207,114748.68344838,27248.501818,158646.20269172,1963.53,19
JFK-DXB,Star Air,XX,11,November,Q4,2024,473,1853874.730462,1714664.7982782,111232.48382772,27977.448354,185266.18712431,3919.4,20
COK-DXB,Star Air,XX,11,November,Q4,2024,2104,1822569.011318,1685077.700235,109354.14067908,28137.170404,175386.97293421,866.24,21
DXB-DFW,Star Air,XX,11,November,Q4,2024,445,1806908.0,1670042.52,108414.48,28451.0,182955.18,4060.47,22
CPT-DXB,Star Air,XX,11,November,Q4,2024,838,1783625.247968,1648031.894927,107017.51487808,28575.838163,172733.70358926,2128.43,23
DFW-DXB,Star Air,XX,11,November,Q4,2024,442,1768244.499879,1632856.5203029,106094.66999274,29293.309583,175827.24001023,4000.55,24
DXB-COK,Star Air,XX,11,November,Q4,2024,2088,1723811.0,1593611.34,103428.66,26771.0,170853.84,825.58,25
DXB-MRU,Star Air,XX,11,November,Q4,2024,891,1713374.0,1582627.56,102802.44,27944.0,134599.34,1922.98,26
MIL-DXB,Star Air,XX,11,November,Q4,2024,1303,1666126.183459,1543397.4012533,99967.57100754,22761.211209,147683.99051825,1278.68,27
DXB-CCU,Star Air,XX,11,November,Q4,2024,1699,1662412.0,1537523.28,99744.72,25144.0,135072.68,978.46,28
LHE-DXB,Star Air,XX,11,November,Q4,2024,1868,1662107.649559,1539361.8944637,99726.45897354,23019.29612,156356.64070167,889.78,29
DXB-CDG,Star Air,XX,11,November,Q4,2024,561,1585877.0,1467858.38,95152.62,22866.0,147932.61,2826.88,30
DXB-LHE,Star Air,XX,11,November,Q4,2024,1756,1547951.0,1432340.94,92877.06,22733.0,145596.05,881.52,31
DXB-YYZ,Star Air,XX,11,November,Q4,2024,388,1513943.0,1401502.42,90836.58,21604.0,166533.06,3901.91,32
CDG-DXB,Star Air,XX,11,November,Q4,2024,547,1483107.703822,1370275.3547597,88986.46222932,23845.886836,137133.70932055,2711.35,33
YYZ-DXB,Star Air,XX,11,November,Q4,2024,356,1424493.383157,1323576.5556725,85469.60298942,15447.224497,156696.46019575,4001.39,34
CCU-DXB,Star Air,XX,11,November,Q4,2024,1462,1411852.710016,1306485.7091989,84711.16260096,20655.838217,114622.4598956,965.7,35
DXB-MIL,Star Air,XX,11,November,Q4,2024,1149,1368693.0,1266593.42,82121.58,19978.0,124449.0,1191.2,36
DXB-LHR,Star Air,XX,11,November,Q4,2024,702,1162318.0,1070508.92,69739.08,22070.0,88067.84,1655.72,37
ZRH-DXB,Star Air,XX,11,November,Q4,2024,387,1096497.47283,1015045.810082,65789.8483698,15661.814379,81430.88778968,2833.33,38
LHR-DXB,Star Air,XX,11,November,Q4,2024,673,976698.288938,902408.6001383,58601.89733628,15687.791464,71800.54186781,1451.26,39
PEW-DXB,Star Air,XX,11,November,Q4,2024,759,952918.233975,881654.85358,57175.0940385,14088.286356,67429.66492318,1255.49,40
DXB-AKL,Star Air,XX,11,November,Q4,2024,447,948569.0,879746.86,56914.14,11908.0,149509.24,2122.08,41
AKL-DXB,Star Air,XX,11,November,Q4,2024,380,836609.315662,772982.486286,50196.55893972,13430.270435,128656.78961809,2201.6,42
DXB-ZRH,Star Air,XX,11,November,Q4,2024,314,807401.0,747328.94,48444.06,11628.0,62183.93,2571.34,43
DXB-CHC,Star Air,XX,11,November,Q4,2024,783,759401.0,702115.94,45564.06,11721.0,117312.96,969.86,44
FRA-DXB,Star Air,XX,11,November,Q4,2024,299,750156.387014,696700.0444975,45009.38322084,8446.959294,75012.5775974,2508.88,45
DXB-MAA,Star Air,XX,11,November,Q4,2024,871,739588.0,683489.72,44375.28,11723.0,81354.99,849.13,46
DUB-DXB,Star Air,XX,11,November,Q4,2024,185,693781.846846,639544.7354232,41626.91081076,12610.200613,202528.95671966,3750.17,47
MAA-DXB,Star Air,XX,11,November,Q4,2024,774,665516.041577,615580.885872,39930.96249462,10004.193211,73206.23821766,859.84,48
CHC-DXB,Star Air,XX,11,November,Q4,2024,661,647973.829338,600101.0954786,38878.42976028,8994.304097,99857.3117716,980.29,49
MEL-SIN,Star Air,XX,11,November,Q4,2024,175,596684.23562,549030.6534257,35801.0541372,11852.528057,107401.48462247,3409.62,50
DXB-PEW,Star Air,XX,11,November,Q4,2024,469,580327.0,535163.38,34819.62,10344.0,38936.76,1237.37,51
SIN-MEL,Star Air,XX,11,November,Q4,2024,156,558715.44971,518606.2861535,33522.9269826,6586.236572,229423.23524885,3581.51,52
HAN-DXB,Star Air,XX,11,November,Q4,2024,356,526494.704078,488659.4136767,31589.68224468,6245.608156,84239.15288652,1478.92,53
GVA-DXB,Star Air,XX,11,November,Q4,2024,225,500367.818705,461613.5826182,30022.0691223,8732.166964,67743.89113312,2223.86,54
DXB-KHI,Star Air,XX,11,November,Q4,2024,507,449552.0,416215.88,26973.12,6363.0,47792.74,886.69,55
KHI-DXB,Star Air,XX,11,November,Q4,2024,467,444983.484047,412559.7311787,26699.00904282,5724.743825,47142.88405166,952.86,56
DXB-DUB,Star Air,XX,11,November,Q4,2024,97,403803.0,375093.82,24228.18,4481.0,72684.53,4162.92,57
DXB-FRA,Star Air,XX,11,November,Q4,2024,156,386935.0,355197.9,23216.1,8521.0,38693.06,2480.35,58
DXB-HAN,Star Air,XX,11,November,Q4,2024,232,364883.0,337834.02,21892.98,5156.0,58380.23,1572.77,59
BOM-DXB,Star Air,XX,11,November,Q4,2024,407,348611.877059,322608.1172563,20916.71262354,5087.047179,34820.61415152,856.54,60
DXB-DEL,Star Air,XX,11,November,Q4,2024,361,303791.0,281449.54,18227.46,4114.0,33416.09,841.53,61
DEL-DXB,Star Air,XX,11,November,Q4,2024,319,268106.326774,247743.6953316,16086.37960644,4276.251836,29491.75158245,840.46,62
SVO-DXB,Star Air,XX,11,November,Q4,2024,182,252727.286695,234535.7225069,15163.6372017,3027.926987,22745.42672612,1388.61,63
KUL-DXB,Star Air,XX,11,November,Q4,2024,240,251795.092301,233807.3097187,15107.70553806,2880.077045,36391.34021638,1049.15,64
KUL-SYD,Star Air,XX,11,November,Q4,2024,238,242320.377813,223729.4424395,14539.22266878,4051.712705,37572.35878312,1018.15,65
DXB-BOM,Star Air,XX,11,November,Q4,2024,277,235868.0,218519.92,14152.08,3196.0,24014.82,851.51,66
DXB-HYD,Star Air,XX,11,November,Q4,2024,262,234914.0,216980.16,14094.84,3839.0,11745.47,896.62,67
DXB-SVO,Star Air,XX,11,November,Q4,2024,160,226675.0,207907.5,13600.5,5167.0,20400.32,1416.72,68
DXB-KUL,Star Air,XX,11,November,Q4,2024,208,196452.0,181660.88,11787.12,3004.0,11787.11,944.48,69
DXB-MUC,Star Air,XX,11,November,Q4,2024,195,172575.0,159708.5,10354.5,2512.0,17256.88,885.0,70
DXB-JNB,Star Air,XX,11,November,Q4,2024,178,168855.0,156281.7,10131.3,2442.0,10131.94,948.62,71
JFK-MIL,Star Air,XX,11,November,Q4,2024,202,162625.069627,150293.509632,9757.50417762,2574.055819,20847.56554173,805.07,72
MIL-JFK,Star Air,XX,11,November,Q4,2024,196,160604.467347,148886.1635675,9636.26804082,2082.035737,22633.78298405,819.41,73
ADD-DXB,Star Air,XX,11,November,Q4,2024,191,155211.72264,142868.4075216,9312.7033584,3030.61176,20484.1530192,812.63,74
LGW-DXB,Star Air,XX,11,November,Q4,2024,190,150440.860418,139255.4307625,9026.45162508,2158.97803,20142.80414506,791.79,75
DXB-GVA,Star Air,XX,11,November,Q4,2024,69,148785.0,138197.9,8927.1,1660.0,16366.27,2156.3,76
DXB-CMB,Star Air,XX,11,November,Q4,2024,133,128703.0,118126.82,7722.18,2854.0,7722.21,967.69,77
DXB-LGW,Star Air,XX,11,November,Q4,2024,144,119973.0,111226.62,7198.38,1548.0,7198.14,833.15,78
DXB-BHX,Star Air,XX,11,November,Q4,2024,145,118341.0,109918.54,7100.46,1322.0,11833.86,816.14,79
SYD-KUL,Star Air,XX,11,November,Q4,2024,119,107602.262978,99103.6041158,6456.13577868,2042.523084,24337.75278193,904.22,80
MUC-DXB,Star Air,XX,11,November,Q4,2024,129,107328.852009,99261.3995477,6439.73112054,1627.721341,14080.69903249,832.01,81
JNB-DXB,Star Air,XX,11,November,Q4,2024,104,96287.385518,89862.1294481,5777.24313108,648.012939,12228.73787227,925.84,82
HYD-DXB,Star Air,XX,11,November,Q4,2024,114,93610.23681,86517.0403321,5616.6142086,1476.582269,4680.52251193,821.14,83
BHX-DXB,Star Air,XX,11,November,Q4,2024,71,63925.080515,59210.654298,3835.5048309,878.921386,8545.38355145,900.35,84
CMB-DXB,Star Air,XX,11,November,Q4,2024,65,59005.340878,54742.3037462,3540.32045268,722.716679,1016.15078784,907.77,85
DXB-ADD,Star Air,XX,11,November,Q4,2024,71,58992.0,54535.48,3539.52,917.0,3539.59,830.87,86
HAN-GVA,Star Air,XX,11,November,Q4,2024,2,5268.797012,4952.6691912,316.12782072,0.0,316.12782066,2634.4,87
MUC-HAN,Star Air,XX,11,November,Q4,2024,1,2893.397624,2719.7937666,173.60385744,0.0,347.2917032,2893.4,88
ORD-CMB,Star Air,XX,11,November,Q4,2024,1,2325.709174,2186.1666236,139.54255044,0.0,255.86401083,2325.71,89
DUB-HAN,Star Air,XX,11,November,Q4,2024,1,2163.72475,2033.901265,129.823485,0.0,129.7448041,2163.72,90
CDG-HAN,Star Air,XX,11,November,Q4,2024,1,2145.382248,1800.6049171,128.72293488,216.054396,128.6850306,2145.38,91
ADD-SVO,Star Air,XX,11,November,Q4,2024,1,1255.85856,1180.5070464,75.3515136,0.0,62.7934032,1255.86,92
DXB-MEL,Star Air,XX,12,December,Q4,2024,2731,10497323.0,9705856.62,629839.38,161627.0,1956060.23,3843.77,1
BNE-DXB,Star Air,XX,12,December,Q4,2024,4504,8035692.905074,7440870.7474605,482141.57430444,112680.583284,1474250.81056791,1784.12,2
MEL-DXB,Star Air,XX,12,December,Q4,2024,2135,7935763.219908,7342186.257425,476145.79319448,117431.16929,1471731.32267733,3716.99,3
DXB-SYD,Star Air,XX,12,December,Q4,2024,3259,7880276.0,7288581.44,472816.56,118878.0,1458392.14,2418.0,4
DXB-BNE,Star Air,XX,12,December,Q4,2024,4374,7876468.0,7283028.92,472588.08,120851.0,1425907.89,1800.75,5
SYD-DXB,Star Air,XX,12,December,Q4,2024,2989,7084158.403858,6552842.7646876,425049.50423148,106266.134937,1299553.10253205,2370.08,6
DXB-YUL,Star Air,XX,12,December,Q4,2024,5502,5001480.0,4624652.2,300088.8,76739.0,498090.2,909.03,7
YUL-DXB,Star Air,XX,12,December,Q4,2024,5413,4899761.194134,4532103.6001732,293985.67164804,73671.922327,484513.58638595,905.18,8
ORD-DXB,Star Air,XX,12,December,Q4,2024,1349,4639386.819171,4283254.7149401,278363.20915026,77768.895082,506681.60868713,3439.13,9
DXB-ORD,Star Air,XX,12,December,Q4,2024,1302,4412605.0,4082609.7,264756.3,65239.0,484148.18,3389.1,10
DXB-BKK,Star Air,XX,12,December,Q4,2024,2171,4313580.0,3989265.2,258814.8,65500.0,870608.05,1986.91,11
BKK-DXB,Star Air,XX,12,December,Q4,2024,2095,4263557.767131,3946001.2413963,255813.46602786,61743.059704,850441.64338711,2035.11,12
IAH-DXB,Star Air,XX,12,December,Q4,2024,830,3073610.416751,2843734.9290094,184416.62500506,45458.862737,308202.90689237,3703.15,13
JFK-DXB,Star Air,XX,12,December,Q4,2024,641,2753035.761457,2546152.018473,165182.14568742,41701.597297,274939.94218359,4294.91,14
DXB-IAH,Star Air,XX,12,December,Q4,2024,811,2729186.0,2530654.84,163751.16,34780.0,277124.57,3365.21,15
DXB-SIN,Star Air,XX,12,December,Q4,2024,2012,2711271.0,2510131.74,162676.26,38463.0,317067.02,1347.55,16
SIN-DXB,Star Air,XX,12,December,Q4,2024,2056,2684860.42452,2481328.3539264,161091.6254712,42440.445116,315538.09233789,1305.87,17
DXB-JFK,Star Air,XX,12,December,Q4,2024,613,2464674.0,2282837.56,147880.44,33956.0,246095.15,4020.68,18
DXB-DFW,Star Air,XX,12,December,Q4,2024,527,2302048.0,2129067.12,138122.88,34858.0,232089.23,4368.21,19
DXB-CPT,Star Air,XX,12,December,Q4,2024,1041,2282299.0,2109030.06,136937.94,36331.0,224705.25,2192.41,20
CPT-DXB,Star Air,XX,12,December,Q4,2024,1008,2275285.391253,2107300.8883529,136517.12347518,31467.379426,219269.33755971,2257.23,21
DFW-DXB,Star Air,XX,12,December,Q4,2024,516,2190781.065024,2031529.3945988,131446.86390144,27804.806524,218586.04701967,4245.7,22
MRU-DXB,Star Air,XX,12,December,Q4,2024,1057,2090968.403846,1934551.1150541,125458.10423076,30959.184561,172112.48606311,1978.21,23
DXB-COK,Star Air,XX,12,December,Q4,2024,2399,2057393.0,1905894.42,123443.58,28055.0,200542.13,857.6,24
DXB-MRU,Star Air,XX,12,December,Q4,2024,979,1970360.0,1826338.4,118221.6,25800.0,155563.67,2012.63,25
LHE-DXB,Star Air,XX,12,December,Q4,2024,2187,1962082.517329,1816017.3170436,117724.95103974,28340.249247,183578.94447416,897.16,26
DXB-CCU,Star Air,XX,12,December,Q4,2024,1968,1950066.0,1803756.04,117003.96,29306.0,157720.94,990.89,27
COK-DXB,Star Air,XX,12,December,Q4,2024,2281,1947546.919591,1799055.1525214,116852.81517546,31638.951897,188210.87436964,853.81,28
YYZ-DXB,Star Air,XX,12,December,Q4,2024,436,1912532.501474,1771509.6039674,114751.95008844,26270.947418,210381.422134,4386.54,29
DXB-LHE,Star Air,XX,12,December,Q4,2024,2017,1880441.0,1737404.54,112826.46,30210.0,174865.08,932.3,30
MIL-DXB,Star Air,XX,12,December,Q4,2024,1529,1835405.161279,1700349.0171807,110124.30967674,24931.834421,166158.00463381,1200.4,31
DXB-YYZ,Star Air,XX,12,December,Q4,2024,435,1808071.0,1675483.74,108484.26,24103.0,198887.12,4156.49,32
DXB-MIL,Star Air,XX,12,December,Q4,2024,1356,1744174.0,1606540.56,104650.44,32983.0,158486.3,1286.26,33
CDG-DXB,Star Air,XX,12,December,Q4,2024,611,1712869.077417,1586153.3908817,102772.14464502,23943.541891,156307.64808004,2803.39,34
CCU-DXB,Star Air,XX,12,December,Q4,2024,1717,1670038.489431,1544728.0514615,100202.30936586,25108.128603,136174.55109136,972.65,35
DXB-CDG,Star Air,XX,12,December,Q4,2024,596,1603529.0,1485287.26,96211.74,22030.0,150349.71,2690.48,36
DXB-LHR,Star Air,XX,12,December,Q4,2024,900,1309859.0,1211150.46,78591.54,20117.0,100481.5,1455.4,37
ZRH-DXB,Star Air,XX,12,December,Q4,2024,421,1220385.626777,1133402.8669459,73223.13760662,13759.622226,91695.66109308,2898.78,38
DXB-AKL,Star Air,XX,12,December,Q4,2024,515,1215328.0,1123036.32,72919.68,19372.0,192546.75,2359.86,39
LHR-DXB,Star Air,XX,12,December,Q4,2024,788,1196969.401692,1108191.7844311,71818.16410152,16959.453159,90304.80944327,1519.0,40
DXB-ZRH,Star Air,XX,12,December,Q4,2024,409,1175192.0,1085451.48,70511.52,19229.0,89411.63,2873.33,41
PEW-DXB,Star Air,XX,12,December,Q4,2024,867,1159353.262364,1067557.2475174,69561.19574184,22234.819105,82473.7498415,1337.2,42
FRA-DXB,Star Air,XX,12,December,Q4,2024,383,1090896.213133,1012957.1810502,65453.77278798,12485.259294,109091.53190556,2848.29,43
DXB-CHC,Star Air,XX,12,December,Q4,2024,914,945687.0,875637.78,56741.22,13308.0,145956.59,1034.67,44
AKL-DXB,Star Air,XX,12,December,Q4,2024,429,942063.806472,867733.8797282,56523.82838832,17806.098356,145355.77453722,2195.95,45
DUB-DXB,Star Air,XX,12,December,Q4,2024,226,859426.343071,798555.2796726,51565.58058426,9305.482814,250898.67407275,3802.77,46
DXB-MAA,Star Air,XX,12,December,Q4,2024,982,848036.0,786593.84,50882.16,10560.0,93283.71,863.58,47
CHC-DXB,Star Air,XX,12,December,Q4,2024,784,822501.796792,761646.5285209,49350.10780752,11505.160464,127818.71245538,1049.11,48
DXB-PEW,Star Air,XX,12,December,Q4,2024,601,783421.0,724804.74,47005.26,11611.0,53715.91,1303.53,49
MAA-DXB,Star Air,XX,12,December,Q4,2024,919,772322.198142,715034.305624,46339.33188852,10948.56063,84954.82344933,840.39,50
HAN-DXB,Star Air,XX,12,December,Q4,2024,455,742688.895099,688229.8333441,44561.33370594,9897.728049,118830.22310644,1632.28,51
MEL-SIN,Star Air,XX,12,December,Q4,2024,188,738561.59493,686707.7883603,44313.6956958,7540.110874,132941.11681751,3928.52,52
DXB-KHI,Star Air,XX,12,December,Q4,2024,637,672919.0,624062.86,40375.14,8481.0,71968.98,1056.39,53
SIN-MEL,Star Air,XX,12,December,Q4,2024,163,627339.441541,581252.7986951,37640.36649246,8446.276353,258425.97701096,3848.71,54
DXB-DUB,Star Air,XX,12,December,Q4,2024,150,587735.0,545051.9,35264.1,7419.0,105793.05,3918.23,55
KHI-DXB,Star Air,XX,12,December,Q4,2024,604,570891.081661,529615.2798264,34253.46489966,7022.336935,60632.18308459,945.18,56
GVA-DXB,Star Air,XX,12,December,Q4,2024,223,504840.27766,467731.0653836,30290.4166596,6818.795616,66273.10063345,2263.86,57
DXB-HAN,Star Air,XX,12,December,Q4,2024,305,497415.0,460133.1,29844.9,7437.0,79587.28,1630.87,58
DXB-FRA,Star Air,XX,12,December,Q4,2024,193,485857.0,448892.58,29151.42,7813.0,48586.4,2517.39,59
BOM-DXB,Star Air,XX,12,December,Q4,2024,471,399680.279726,368706.77899,23980.81678356,6992.683952,39567.29804432,848.58,60
DXB-DEL,Star Air,XX,12,December,Q4,2024,424,375828.0,347282.32,22549.68,5996.0,41340.7,886.39,61
DEL-DXB,Star Air,XX,12,December,Q4,2024,409,368541.438368,341460.6235321,22112.48630208,4968.328534,40539.55906093,901.08,62
DXB-BOM,Star Air,XX,12,December,Q4,2024,341,315165.0,291569.1,18909.9,4686.0,31430.22,924.24,63
SVO-DXB,Star Air,XX,12,December,Q4,2024,223,299304.183915,276500.6275332,17958.2510349,4845.305347,26937.36193628,1342.17,64
KUL-SYD,Star Air,XX,12,December,Q4,2024,294,298742.487849,275860.4503911,17924.54927094,4957.488187,46321.93162007,1016.13,65
KUL-DXB,Star Air,XX,12,December,Q4,2024,267,290837.730997,269118.4126763,17450.26385982,4269.054461,40133.85567139,1089.28,66
DXB-HYD,Star Air,XX,12,December,Q4,2024,288,267512.0,248198.28,16050.72,3263.0,13375.5,928.86,67
DXB-SVO,Star Air,XX,12,December,Q4,2024,179,245349.0,228009.06,14720.94,2619.0,22081.6,1370.66,68
DXB-JNB,Star Air,XX,12,December,Q4,2024,245,232552.0,215815.88,13953.12,2783.0,13953.16,949.19,69
DXB-GVA,Star Air,XX,12,December,Q4,2024,98,211932.0,196646.08,12715.92,2570.0,23312.11,2162.57,70
MIL-JFK,Star Air,XX,12,December,Q4,2024,201,205961.911751,190121.9695956,12357.71470506,3482.22745,28526.65443651,1024.69,71
DXB-KUL,Star Air,XX,12,December,Q4,2024,209,200245.0,185981.3,12014.7,2249.0,12014.94,958.11,72
DXB-MUC,Star Air,XX,12,December,Q4,2024,234,196578.0,181719.32,11794.68,3064.0,19657.5,840.08,73
MUC-DXB,Star Air,XX,12,December,Q4,2024,196,190682.841772,177138.7381891,11440.97050632,2103.133077,25361.12806667,972.87,74
DXB-LGW,Star Air,XX,12,December,Q4,2024,198,187544.0,172946.36,11252.64,3345.0,11252.74,947.19,75
LGW-DXB,Star Air,XX,12,December,Q4,2024,213,183541.63379,169368.7900799,11012.4980274,3160.345684,24944.48274415,861.7,76
SYD-KUL,Star Air,XX,12,December,Q4,2024,181,181561.848139,167722.8315213,10893.71088834,2945.30573,41066.25694677,1003.1,77
JFK-MIL,Star Air,XX,12,December,Q4,2024,208,168619.407452,155714.0290081,10117.16444712,2788.213997,23641.82434586,810.67,78
ADD-DXB,Star Air,XX,12,December,Q4,2024,219,161823.55704,149651.7880176,9709.4134224,2462.3556,21356.7516864,738.92,79
DXB-BHX,Star Air,XX,12,December,Q4,2024,186,160232.0,147672.08,9613.92,2946.0,16023.61,861.46,80
DXB-CMB,Star Air,XX,12,December,Q4,2024,140,154913.0,143406.22,9294.78,2212.0,9294.61,1106.52,81
JNB-DXB,Star Air,XX,12,December,Q4,2024,138,126735.84541,116827.4715363,7604.1507246,2304.223149,17106.47713666,918.38,82
HYD-DXB,Star Air,XX,12,December,Q4,2024,137,119526.682781,110359.7729135,7171.60096686,1995.3089,5976.33878553,872.46,83
CMB-DXB,Star Air,XX,12,December,Q4,2024,102,103775.324354,94895.1703008,6226.51946124,2653.634592,1787.15001291,1017.41,84
BHX-DXB,Star Air,XX,12,December,Q4,2024,106,98397.844088,91143.6800232,5903.87064528,1350.29342,12719.51058002,928.28,85
DXB-ADD,Star Air,XX,12,December,Q4,2024,96,82572.0,76445.68,4954.32,1172.0,4954.42,860.13,86
DUB-HAN,Star Air,XX,12,December,Q4,2024,1,2276.449888,2139.8628947,136.58699328,0.0,136.50436352,2276.45,87
FRA-SVO,Star Air,XX,12,December,Q4,2024,1,1926.80831,1811.1998114,115.6084986,0.0,192.71898562,1926.81,88
DXB-MEL,Star Air,XX,1,January,Q1,2025,2844,11522443.0,10658539.42,691346.58,172557.0,2142454.7,4051.49,1
MEL-DXB,Star Air,XX,1,January,Q1,2025,2228,9025947.822476,8345080.4688057,541556.86934856,139310.484322,1674793.1858146,4051.14,2
BNE-DXB,Star Air,XX,1,January,Q1,2025,4623,8769456.681398,8110181.4636742,526167.40088388,133107.816839,1609182.15522232,1896.92,3
DXB-SYD,Star Air,XX,1,January,Q1,2025,3446,8764466.0,8098314.04,525867.96,140284.0,1625020.48,2543.37,4
DXB-BNE,Star Air,XX,1,January,Q1,2025,4577,8396596.0,7762616.24,503795.76,130184.0,1534306.65,1834.52,5
SYD-DXB,Star Air,XX,1,January,Q1,2025,3246,8153258.021057,7549632.0768715,489195.48126342,114430.46292,1493603.60354375,2511.79,6
DXB-YUL,Star Air,XX,1,January,Q1,2025,5647,5332153.0,4928081.82,319929.18,84142.0,530322.83,944.25,7
YUL-DXB,Star Air,XX,1,January,Q1,2025,5384,5112656.583497,4729024.7713772,306759.39500982,76872.417113,505178.19498703,949.6,8
ORD-DXB,Star Air,XX,1,January,Q1,2025,1375,5095717.453395,4703310.8320987,305743.0472037,86663.574088,557650.34056988,3705.98,9
DXB-ORD,Star Air,XX,1,January,Q1,2025,1316,4689160.0,4346854.4,281349.6,60956.0,514786.93,3563.19,10
DXB-BKK,Star Air,XX,1,January,Q1,2025,2178,4519299.0,4178731.06,271157.94,69410.0,914887.01,2074.98,11
BKK-DXB,Star Air,XX,1,January,Q1,2025,2104,4368167.452139,4039183.8766142,262090.04712834,66893.528397,870708.60133189,2076.13,12
DXB-IAH,Star Air,XX,1,January,Q1,2025,895,3160891.0,2911951.54,189653.46,59286.0,320544.02,3531.72,13
IAH-DXB,Star Air,XX,1,January,Q1,2025,858,3138435.426339,2896087.0383468,188306.12558034,54042.262408,313156.73239379,3657.85,14
JFK-DXB,Star Air,XX,1,January,Q1,2025,621,2857880.906078,2648860.369156,171472.85436468,37547.68256,285461.82592568,4602.06,15
DXB-SIN,Star Air,XX,1,January,Q1,2025,2051,2806998.0,2597269.12,168419.88,41309.0,327795.74,1368.6,16
SIN-DXB,Star Air,XX,1,January,Q1,2025,2053,2785964.56733,2576643.9147094,167157.8740398,42162.778582,327571.25393185,1357.02,17
DXB-JFK,Star Air,XX,1,January,Q1,2025,633,2676753.0,2480572.82,160605.18,35575.0,258471.84,4228.68,18
DXB-CPT,Star Air,XX,1,January,Q1,2025,1137,2598638.0,2401561.72,155918.28,41158.0,255461.41,2285.52,19
DFW-DXB,Star Air,XX,1,January,Q1,2025,566,2457017.237533,2275800.2263236,147421.03425198,33795.976958,244283.13634459,4341.02,20
CPT-DXB,Star Air,XX,1,January,Q1,2025,1036,2413338.750075,2234162.8474318,144800.3250045,34375.577638,232182.12072989,2329.48,21
DXB-DFW,Star Air,XX,1,January,Q1,2025,526,2327533.0,2148826.02,139651.98,39055.0,235671.97,4424.97,22
MRU-DXB,Star Air,XX,1,January,Q1,2025,1119,2311227.745112,2138678.3804911,138673.66470672,33875.699915,182597.74449304,2065.44,23
DXB-COK,Star Air,XX,1,January,Q1,2025,2455,2222851.0,2057438.94,133371.06,32041.0,216789.6,905.44,24
DXB-MRU,Star Air,XX,1,January,Q1,2025,1095,2207140.0,2041097.6,132428.4,33614.0,171300.75,2015.65,25
LHE-DXB,Star Air,XX,1,January,Q1,2025,2315,2189816.068101,2026379.1150498,131388.96408606,32047.988964,206783.4694015,945.92,26
MIL-DXB,Star Air,XX,1,January,Q1,2025,1634,2127359.791817,1967545.0570067,127641.58750902,32173.147302,189954.15132546,1301.93,27
COK-DXB,Star Air,XX,1,January,Q1,2025,2363,2091525.648739,1935012.8632233,125491.53892434,31021.24659,199484.03854258,885.11,28
DXB-CCU,Star Air,XX,1,January,Q1,2025,1988,2081625.0,1928440.5,124897.5,28287.0,168286.19,1047.1,29
DXB-LHE,Star Air,XX,1,January,Q1,2025,2050,1964282.0,1816156.08,117856.92,30269.0,184035.91,958.19,30
CDG-DXB,Star Air,XX,1,January,Q1,2025,660,1931121.973521,1778599.5205221,115867.31841126,36655.134591,178679.05913929,2925.94,31
CCU-DXB,Star Air,XX,1,January,Q1,2025,1773,1879731.007795,1736924.5389903,112783.8604677,30022.608337,151047.4634148,1060.2,32
DXB-CDG,Star Air,XX,1,January,Q1,2025,638,1801740.0,1668429.6,108104.4,25206.0,166351.6,2824.04,33
DXB-MIL,Star Air,XX,1,January,Q1,2025,1364,1800472.0,1665210.68,108028.32,27233.0,163086.13,1319.99,34
DXB-YYZ,Star Air,XX,1,January,Q1,2025,450,1791370.0,1660726.8,107482.2,23161.0,197049.71,3980.82,35
YYZ-DXB,Star Air,XX,1,January,Q1,2025,424,1698465.178637,1565838.8511359,101907.91071822,30718.416783,186831.24089211,4005.81,36
ZRH-DXB,Star Air,XX,1,January,Q1,2025,469,1521444.53505,1402544.0606536,91286.672103,27613.802294,114081.82469128,3244.02,37
DXB-LHR,Star Air,XX,1,January,Q1,2025,912,1437254.0,1325726.76,86235.24,25292.0,104056.22,1575.94,38
LHR-DXB,Star Air,XX,1,January,Q1,2025,853,1365526.842654,1266410.1220395,81931.61055924,17185.110054,102933.15331178,1600.85,39
DXB-ZRH,Star Air,XX,1,January,Q1,2025,423,1228393.0,1136864.42,73703.58,17825.0,91263.98,2904.0,40
DXB-AKL,Star Air,XX,1,January,Q1,2025,536,1211056.0,1124595.64,72663.36,13797.0,190154.7,2259.43,41
PEW-DXB,Star Air,XX,1,January,Q1,2025,854,1118780.27096,1036140.1272862,67126.8162576,15513.327417,80193.68986625,1310.05,42
DXB-CHC,Star Air,XX,1,January,Q1,2025,1027,1094425.0,1015194.5,65665.5,13565.0,168886.06,1065.65,43
DUB-DXB,Star Air,XX,1,January,Q1,2025,255,998932.103451,925697.4968986,59935.92620706,13298.680346,291623.32343576,3917.38,44
AKL-DXB,Star Air,XX,1,January,Q1,2025,427,963425.900508,889094.6836563,57805.55403048,16525.662821,148763.75627043,2256.27,45
MAA-DXB,Star Air,XX,1,January,Q1,2025,991,914961.904883,846327.1527834,54897.71429298,13737.037807,100645.1737528,923.27,46
DXB-PEW,Star Air,XX,1,January,Q1,2025,666,902667.0,832547.98,54160.02,15959.0,62526.88,1355.36,47
FRA-DXB,Star Air,XX,1,January,Q1,2025,344,843310.56684,781558.2468453,50598.6340104,11153.685983,84327.79818272,2451.48,48
DXB-MAA,Star Air,XX,1,January,Q1,2025,921,817173.0,755740.62,49030.38,12402.0,89888.37,887.27,49
CHC-DXB,Star Air,XX,1,January,Q1,2025,777,805307.61493,745656.3194413,48318.4568958,11332.838593,124718.9995553,1036.43,50
HAN-DXB,Star Air,XX,1,January,Q1,2025,475,794810.384185,735687.301093,47688.6230511,11434.460041,127169.66170235,1673.29,51
MEL-SIN,Star Air,XX,1,January,Q1,2025,185,785461.259227,731417.4015403,47127.67555362,6916.182133,141382.45337523,4245.74,52
SIN-MEL,Star Air,XX,1,January,Q1,2025,174,755697.989835,698622.1751648,45341.8793901,11733.93528,313750.87998447,4343.09,53
KHI-DXB,Star Air,XX,1,January,Q1,2025,689,694679.546805,644427.0830477,41680.7728083,8571.69095,73417.68443617,1008.24,54
DXB-DUB,Star Air,XX,1,January,Q1,2025,156,645157.0,595245.58,38709.42,11202.0,116127.4,4135.62,55
DXB-KHI,Star Air,XX,1,January,Q1,2025,600,624888.0,577417.72,37493.28,9977.0,66441.62,1041.48,56
DXB-FRA,Star Air,XX,1,January,Q1,2025,208,574193.0,534032.42,34451.58,5709.0,57419.67,2760.54,57
GVA-DXB,Star Air,XX,1,January,Q1,2025,225,554615.269862,510235.0587167,33276.91619172,11103.294953,78139.19951935,2464.96,58
DXB-HAN,Star Air,XX,1,January,Q1,2025,311,491261.0,454185.34,29475.66,7600.0,78601.37,1579.62,59
BOM-DXB,Star Air,XX,1,January,Q1,2025,529,484705.354741,448279.5432905,29082.32128446,7343.490167,47604.12595232,916.27,60
DXB-DEL,Star Air,XX,1,January,Q1,2025,455,448799.0,414688.06,26927.94,7183.0,49368.25,986.37,61
DEL-DXB,Star Air,XX,1,January,Q1,2025,413,365528.167867,338637.3925669,21931.69007202,4959.085229,40208.10546354,885.06,62
DXB-BOM,Star Air,XX,1,January,Q1,2025,366,333736.0,309825.84,20024.16,3886.0,33284.26,911.85,63
SVO-DXB,Star Air,XX,1,January,Q1,2025,226,323192.100661,298970.0567871,19391.52603966,4830.517834,29087.30337795,1430.05,64
KUL-SYD,Star Air,XX,1,January,Q1,2025,289,303174.380673,279772.4810993,18190.46284038,5211.436733,47007.54158002,1049.05,65
KUL-DXB,Star Air,XX,1,January,Q1,2025,268,300213.292336,278176.4241347,18012.79754016,4024.070661,39985.80428331,1120.2,66
DXB-SVO,Star Air,XX,1,January,Q1,2025,193,270072.0,249246.68,16204.32,4621.0,24305.7,1399.34,67
DXB-HYD,Star Air,XX,1,January,Q1,2025,289,268611.0,248866.34,16116.66,3628.0,13431.08,929.45,68
DXB-JNB,Star Air,XX,1,January,Q1,2025,229,257754.0,239748.76,15465.24,2540.0,15465.28,1125.56,69
DXB-GVA,Star Air,XX,1,January,Q1,2025,112,241295.0,223655.3,14477.7,3162.0,26542.09,2154.42,70
MIL-JFK,Star Air,XX,1,January,Q1,2025,248,225071.081432,208502.9186403,13504.26488592,3063.897906,30866.3036661,907.54,71
DXB-KUL,Star Air,XX,1,January,Q1,2025,205,224483.0,207599.02,13468.98,3415.0,13468.69,1095.04,72
JFK-MIL,Star Air,XX,1,January,Q1,2025,246,211483.407284,196728.7875745,12689.00443704,2065.615272,29317.92373585,859.69,73
DXB-MUC,Star Air,XX,1,January,Q1,2025,215,189406.0,174420.64,11364.36,3621.0,18940.08,880.96,74
DXB-BHX,Star Air,XX,1,January,Q1,2025,198,184615.0,171344.1,11076.9,2194.0,18461.45,932.4,75
DXB-LGW,Star Air,XX,1,January,Q1,2025,173,168462.0,155776.28,10107.72,2578.0,10107.72,973.77,76
MUC-DXB,Star Air,XX,1,January,Q1,2025,191,168413.085845,155355.0893701,10104.7851507,2953.211325,22461.08010932,881.74,77
LGW-DXB,Star Air,XX,1,January,Q1,2025,200,167516.606913,155146.431574,10050.99641478,2319.178924,23445.0372217,837.58,78
ADD-DXB,Star Air,XX,1,January,Q1,2025,198,155875.9716,144427.880904,9352.558296,2095.5324,20571.8373048,787.25,79
SYD-KUL,Star Air,XX,1,January,Q1,2025,153,152457.133104,141015.9300918,9147.42798624,2293.775026,34481.82249072,996.45,80
JNB-DXB,Star Air,XX,1,January,Q1,2025,142,147694.109976,137400.6369696,8861.64659856,1431.826408,20578.70167803,1040.1,81
DXB-CMB,Star Air,XX,1,January,Q1,2025,146,145632.0,134749.08,8737.92,2145.0,8738.12,997.48,82
HYD-DXB,Star Air,XX,1,January,Q1,2025,151,128506.194604,118219.6266559,7710.37167624,2576.196272,6425.30981589,851.03,83
CMB-DXB,Star Air,XX,1,January,Q1,2025,96,105067.486509,97890.5668466,6304.04919054,872.870472,1809.40239595,1094.45,84
BHX-DXB,Star Air,XX,1,January,Q1,2025,107,98121.227995,90425.2735263,5887.2736797,1808.680789,12454.05157002,917.02,85
DXB-ADD,Star Air,XX,1,January,Q1,2025,95,86888.0,80343.72,5213.28,1331.0,5213.45,914.61,86
HAN-ADD,Star Air,XX,1,January,Q1,2025,1,3548.502316,3335.592177,212.91013896,0.0,212.91014044,3548.5,87
MUC-SVO,Star Air,XX,1,January,Q1,2025,1,2316.386176,2177.4030054,138.98317056,0.0,278.01037888,2316.39,88
HAN-MUC,Star Air,XX,1,January,Q1,2025,1,2312.652949,2173.8937721,138.75917694,0.0,277.51835666,2312.65,89
BKK-SVO,Star Air,XX,1,January,Q1,2025,1,1687.78127,1586.5143938,101.2668762,0.0,286.9289941,1687.78,90
MEL-HAN,Star Air,XX,1,January,Q1,2025,1,1405.504195,1321.1739433,84.3302517,0.0,252.91916745,1405.5,91
DFW-YUL,Star Air,XX,1,January,Q1,2025,1,1256.557409,1181.1639645,75.39344454,0.0,125.73031404,1256.56,92
SYD-BKK,Star Air,XX,1,January,Q1,2025,1,827.69778,778.0359132,49.6618668,0.0,165.3596217,827.7,93
DXB-MEL,Star Air,XX,2,February,Q1,2025,2347,9751630.0,9025539.2,585097.8,140993.0,1808780.88,4154.93,1
MEL-DXB,Star Air,XX,2,February,Q1,2025,1849,7841279.962687,7255418.3811936,470476.79776122,115384.783732,1462854.75820846,4240.82,2
DXB-SYD,Star Air,XX,2,February,Q1,2025,3056,7805781.0,7218791.14,468346.86,118643.0,1441030.42,2554.25,3
BNE-DXB,Star Air,XX,2,February,Q1,2025,3961,7635871.864666,7061701.7679712,458152.31187996,116017.784804,1403158.88124779,1927.76,4
SYD-DXB,Star Air,XX,2,February,Q1,2025,2825,7356695.46017,6805807.936757,441401.7276102,109485.795799,1353351.33619313,2604.14,5
DXB-BNE,Star Air,XX,2,February,Q1,2025,3853,7337655.0,6789498.7,440259.3,107897.0,1337718.2,1904.4,6
DXB-YUL,Star Air,XX,2,February,Q1,2025,4771,4678903.0,4330652.82,280734.18,67516.0,463760.19,980.7,7
YUL-DXB,Star Air,XX,2,February,Q1,2025,4748,4574597.67777,4233338.5443998,274475.8606662,66783.272695,447877.14171426,963.48,8
DXB-BKK,Star Air,XX,2,February,Q1,2025,1892,4156909.0,3845865.46,249414.54,61629.0,844994.78,2197.1,9
BKK-DXB,Star Air,XX,2,February,Q1,2025,1866,3957175.878817,3658787.9975653,237430.55272902,60957.328523,788597.53205987,2120.67,10
DXB-ORD,Star Air,XX,2,February,Q1,2025,1076,3946351.0,3648457.94,236781.06,61112.0,434051.93,3667.61,11
ORD-DXB,Star Air,XX,2,February,Q1,2025,1093,3902802.25669,3609416.0963906,234168.1354014,59218.024898,427035.89278817,3570.72,12
DXB-IAH,Star Air,XX,2,February,Q1,2025,746,2783630.0,2578614.2,167017.8,37998.0,285460.54,3731.41,13
SIN-DXB,Star Air,XX,2,February,Q1,2025,1856,2578128.486246,2386309.6843928,154687.70917476,37131.092678,302849.73983152,1389.08,14
IAH-DXB,Star Air,XX,2,February,Q1,2025,679,2472386.932915,2290871.1878362,148343.2159749,33172.529103,250384.65439261,3641.22,15
DXB-JFK,Star Air,XX,2,February,Q1,2025,567,2471651.0,2293169.94,148299.06,30182.0,241247.33,4359.17,16
JFK-DXB,Star Air,XX,2,February,Q1,2025,575,2452582.509159,2265898.1817241,147154.95054954,39529.376886,248760.28961289,4265.36,17
DXB-SIN,Star Air,XX,2,February,Q1,2025,1688,2367653.0,2186797.82,142059.18,38796.0,276651.26,1402.64,18
DXB-CPT,Star Air,XX,2,February,Q1,2025,925,2165534.0,2001803.96,129932.04,33798.0,211482.06,2341.12,19
CPT-DXB,Star Air,XX,2,February,Q1,2025,877,2031041.564606,1879285.6925932,121862.49387636,29893.378136,197387.5714985,2315.9,20
DFW-DXB,Star Air,XX,2,February,Q1,2025,456,2003727.369641,1854389.1201825,120223.64217846,29114.607279,196560.72609341,4394.14,21
MRU-DXB,Star Air,XX,2,February,Q1,2025,934,1979866.844742,1832065.322508,118792.01068452,29009.511549,158992.88933243,2119.77,22
DXB-MRU,Star Air,XX,2,February,Q1,2025,924,1955619.0,1804967.86,117337.14,33314.0,152891.75,2116.47,23
DXB-COK,Star Air,XX,2,February,Q1,2025,2097,1940932.0,1797201.08,116455.92,27275.0,189962.27,925.58,24
DXB-CCU,Star Air,XX,2,February,Q1,2025,1680,1903251.0,1759953.94,114195.06,29102.0,155928.18,1132.89,25
LHE-DXB,Star Air,XX,2,February,Q1,2025,1943,1898631.7981,1757884.456535,113917.907886,26829.43368,180965.84374838,977.17,26
DXB-CDG,Star Air,XX,2,February,Q1,2025,600,1865916.0,1721178.04,111954.96,32783.0,173113.09,3109.86,27
MIL-DXB,Star Air,XX,2,February,Q1,2025,1339,1842755.352175,1701210.4412966,110565.3211305,30979.589751,167698.8885285,1376.22,28
COK-DXB,Star Air,XX,2,February,Q1,2025,1993,1832345.474167,1694592.8690549,109940.72845002,27811.876662,177918.71563003,919.39,29
CDG-DXB,Star Air,XX,2,February,Q1,2025,598,1803649.709494,1673016.5776456,108218.98256964,22414.149278,167350.55369892,3016.14,30
DXB-LHE,Star Air,XX,2,February,Q1,2025,1805,1780986.0,1646155.84,106859.16,27971.0,167198.0,986.7,31
DXB-MIL,Star Air,XX,2,February,Q1,2025,1199,1743126.0,1614369.44,104587.56,24169.0,157394.8,1453.82,32
DXB-YYZ,Star Air,XX,2,February,Q1,2025,391,1730432.0,1598530.08,103825.92,28076.0,190348.3,4425.66,33
CCU-DXB,Star Air,XX,2,February,Q1,2025,1526,1675283.406208,1551299.0811371,100517.00437248,23467.320699,135316.89362036,1097.83,34
YYZ-DXB,Star Air,XX,2,February,Q1,2025,374,1619236.212402,1497487.9967708,97154.17274412,24594.042888,178119.84704829,4329.51,35
DXB-DFW,Star Air,XX,2,February,Q1,2025,370,1553552.0,1436946.88,93213.12,23392.0,157853.52,4198.79,36
DXB-AKL,Star Air,XX,2,February,Q1,2025,513,1256192.0,1165195.48,75371.52,15625.0,198181.44,2448.72,37
ZRH-DXB,Star Air,XX,2,February,Q1,2025,371,1201488.39867,1110934.4671151,72089.3039202,18464.627635,90950.25766119,3238.51,38
DXB-ZRH,Star Air,XX,2,February,Q1,2025,356,1194613.0,1109079.22,71676.78,13857.0,88695.88,3355.65,39
DXB-LHR,Star Air,XX,2,February,Q1,2025,710,1179171.0,1092307.74,70750.26,16113.0,89511.27,1660.8,40
LHR-DXB,Star Air,XX,2,February,Q1,2025,704,1167674.218669,1081907.83204,70060.45312014,15705.933509,89665.70819523,1658.63,41
PEW-DXB,Star Air,XX,2,February,Q1,2025,708,1005974.19972,927974.9573018,60358.4519832,17640.790436,71953.47205084,1420.87,42
AKL-DXB,Star Air,XX,2,February,Q1,2025,392,1003824.989933,926283.4193362,60229.49939598,17312.071201,156665.99360667,2560.78,43
FRA-DXB,Star Air,XX,2,February,Q1,2025,338,964406.014515,890639.5743437,57864.3608709,15902.0793,96444.43337367,2853.27,44
DXB-CHC,Star Air,XX,2,February,Q1,2025,882,939282.0,871180.08,56356.92,11745.0,145256.82,1064.95,45
DUB-DXB,Star Air,XX,2,February,Q1,2025,193,842080.956053,773058.1595247,50524.85736318,18497.939165,245832.97786472,4363.11,46
DXB-PEW,Star Air,XX,2,February,Q1,2025,590,796007.0,735935.58,47760.42,12311.0,55519.04,1349.16,47
MAA-DXB,Star Air,XX,2,February,Q1,2025,860,794647.817341,735185.1945857,47678.86904046,11783.753715,87410.72076671,924.01,48
DXB-MAA,Star Air,XX,2,February,Q1,2025,854,792017.0,731517.98,47521.02,12978.0,87123.49,927.42,49
HAN-DXB,Star Air,XX,2,February,Q1,2025,422,759180.72455,698477.3745119,45550.843473,15152.506565,121468.91590824,1799.01,50
SIN-MEL,Star Air,XX,2,February,Q1,2025,150,710343.50734,659407.0554378,42620.6104404,8315.841462,292986.24178217,4735.62,51
CHC-DXB,Star Air,XX,2,February,Q1,2025,625,666254.919916,616100.5127008,39975.29519496,10179.11202,102329.19308381,1066.01,52
MEL-SIN,Star Air,XX,2,February,Q1,2025,154,597956.290644,551883.3313852,35877.37743864,10195.58182,107631.88513707,3882.83,53
DXB-FRA,Star Air,XX,2,February,Q1,2025,198,548535.0,507399.9,32912.1,8223.0,54853.75,2770.38,54
KHI-DXB,Star Air,XX,2,February,Q1,2025,539,545314.355782,504964.4556334,32718.86134692,7631.038802,58104.12777682,1011.71,55
DXB-KHI,Star Air,XX,2,February,Q1,2025,515,507506.0,470692.64,30450.36,6363.0,54111.61,985.45,56
DXB-DUB,Star Air,XX,2,February,Q1,2025,124,461284.0,425295.96,27677.04,8311.0,83030.81,3720.03,57
DEL-DXB,Star Air,XX,2,February,Q1,2025,390,395710.56857,366749.9744764,23742.6341142,5217.959979,43528.17253672,1014.64,58
DXB-HAN,Star Air,XX,2,February,Q1,2025,240,385398.0,356660.12,23123.88,5614.0,61663.4,1605.83,59
BOM-DXB,Star Air,XX,2,February,Q1,2025,412,378659.253033,349825.9627027,22719.55518198,6113.735149,37738.27652567,919.08,60
SVO-DXB,Star Air,XX,2,February,Q1,2025,245,376664.433301,348293.1120976,22599.86599806,5771.455206,33899.79829702,1537.41,61
GVA-DXB,Star Air,XX,2,February,Q1,2025,154,363514.076117,335446.0624003,21810.84456702,6257.16915,47186.02763082,2360.48,62
DXB-DEL,Star Air,XX,2,February,Q1,2025,373,356019.0,330270.86,21361.14,4387.0,39161.19,954.47,63
KUL-DXB,Star Air,XX,2,February,Q1,2025,257,284122.443203,263568.4298452,17047.34659218,3506.666765,39219.52389048,1105.53,64
KUL-SYD,Star Air,XX,2,February,Q1,2025,254,283813.188844,261314.9765045,17028.79133064,5469.421009,44005.76061362,1117.37,65
DXB-SVO,Star Air,XX,2,February,Q1,2025,167,282204.0,262008.76,16932.24,3263.0,25398.65,1689.84,66
DXB-BOM,Star Air,XX,2,February,Q1,2025,307,281531.0,261530.14,16891.86,3109.0,28287.8,917.04,67
DXB-GVA,Star Air,XX,2,February,Q1,2025,106,233462.0,212921.28,14007.72,6533.0,25680.42,2202.47,68
DXB-JNB,Star Air,XX,2,February,Q1,2025,223,228130.0,211481.2,13687.8,2961.0,13687.55,1023.0,69
DXB-HYD,Star Air,XX,2,February,Q1,2025,223,206243.0,191045.42,12374.58,2823.0,10312.46,924.86,70
JFK-MIL,Star Air,XX,2,February,Q1,2025,197,178437.663609,164269.3725169,10706.25981654,3462.031276,24070.33962749,905.77,71
DXB-MUC,Star Air,XX,2,February,Q1,2025,204,178202.0,165426.88,10692.12,2083.0,17820.13,873.54,72
DXB-KUL,Star Air,XX,2,February,Q1,2025,173,174290.0,161022.6,10457.4,2810.0,10457.12,1007.46,73
LGW-DXB,Star Air,XX,2,February,Q1,2025,174,172673.448033,159317.761325,10360.40688198,2995.279826,24755.95052431,992.38,74
SYD-KUL,Star Air,XX,2,February,Q1,2025,160,168690.037401,155406.0714106,10121.40224406,3162.563747,38155.88515377,1054.31,75
ADD-DXB,Star Air,XX,2,February,Q1,2025,202,165723.49824,153023.0679456,9943.4098944,2757.0204,21871.45146,820.41,76
DXB-LGW,Star Air,XX,2,February,Q1,2025,168,154796.0,143019.24,9287.76,2489.0,9287.59,921.4,77
MIL-JFK,Star Air,XX,2,February,Q1,2025,165,151568.663809,140278.6875297,9094.11982854,2195.856451,20240.55361538,918.6,78
MUC-DXB,Star Air,XX,2,February,Q1,2025,163,150003.937071,138603.3731041,9000.23622426,2400.327743,20487.30674541,920.27,79
HYD-DXB,Star Air,XX,2,February,Q1,2025,143,139681.631179,129499.3855151,8380.89787074,1801.347793,6984.07478869,976.79,80
DXB-CMB,Star Air,XX,2,February,Q1,2025,121,137373.0,127011.62,8242.38,2119.0,8242.35,1135.31,81
DXB-BHX,Star Air,XX,2,February,Q1,2025,146,128293.0,118188.42,7697.58,2407.0,12829.14,878.72,82
CMB-DXB,Star Air,XX,2,February,Q1,2025,110,118977.57437,109885.8180173,7138.6544622,1953.10189,2048.95331803,1081.61,83
DXB-ADD,Star Air,XX,2,February,Q1,2025,82,95975.0,88050.5,5758.5,2166.0,5758.69,1170.43,84
JNB-DXB,Star Air,XX,2,February,Q1,2025,84,81185.764976,74944.1340398,4871.14589856,1370.485037,10816.37826395,966.5,85
BHX-DXB,Star Air,XX,2,February,Q1,2025,82,77663.922894,70863.4040691,4659.83537364,2140.683451,10415.72488247,947.12,86
YUL-DFW,Star Air,XX,2,February,Q1,2025,2,2693.464307,2386.9216326,161.60785842,144.934816,269.31855862,1346.73,87
CDG-HAN,Star Air,XX,2,February,Q1,2025,1,2187.666684,2056.406683,131.26000104,0.0,131.26000104,2187.67,88
DXB-MEL,Star Air,XX,3,March,Q1,2025,2010,8290667.0,7675395.98,497440.02,117831.0,1537533.05,4124.71,1
DXB-SYD,Star Air,XX,3,March,Q1,2025,2932,7851386.0,7261014.84,471083.16,119288.0,1445117.74,2677.83,2
MEL-DXB,Star Air,XX,3,March,Q1,2025,1820,7502295.568857,6935598.8026013,450137.73413142,116559.032126,1396575.56907611,4122.14,3
DXB-BNE,Star Air,XX,3,March,Q1,2025,3706,7237967.0,6693206.98,434278.02,110482.0,1325232.47,1953.04,4
SYD-DXB,Star Air,XX,3,March,Q1,2025,2685,7044509.462765,6522254.0876484,422670.5677659,99584.807353,1296453.62446646,2623.65,5
BNE-DXB,Star Air,XX,3,March,Q1,2025,3587,7032844.66985,6505537.7491176,421970.680191,105336.240543,1289465.32959414,1960.65,6
YUL-DXB,Star Air,XX,3,March,Q1,2025,4390,4320918.633507,3992054.2453526,259255.11801042,69609.270135,426152.88221803,984.26,7
DXB-YUL,Star Air,XX,3,March,Q1,2025,4182,4212270.0,3891366.8,252736.2,68167.0,419724.33,1007.24,8
DXB-BKK,Star Air,XX,3,March,Q1,2025,1802,4001837.0,3710446.78,240110.22,51280.0,811145.57,2220.78,9
ORD-DXB,Star Air,XX,3,March,Q1,2025,1060,3960645.051033,3669687.0407392,237638.70306198,53319.307234,430838.27629799,3736.46,10
BKK-DXB,Star Air,XX,3,March,Q1,2025,1731,3824076.418258,3541917.8154924,229444.58509548,52714.01767,760244.93539392,2209.17,11
DXB-ORD,Star Air,XX,3,March,Q1,2025,991,3541100.0,3281652.0,212466.0,46982.0,386836.67,3573.26,12
DXB-IAH,Star Air,XX,3,March,Q1,2025,669,2655104.0,2449542.76,159306.24,46255.0,272903.76,3968.77,13
SIN-DXB,Star Air,XX,3,March,Q1,2025,1753,2504977.732537,2316333.4044947,150298.66395222,38345.664088,294759.42694032,1428.97,14
DFW-DXB,Star Air,XX,3,March,Q1,2025,497,2382701.143742,2208681.5077372,142962.06862452,31057.567382,236509.1379784,4794.17,15
IAH-DXB,Star Air,XX,3,March,Q1,2025,658,2326607.383377,2147654.0133652,139596.44300262,39356.92701,235321.04548663,3535.88,16
DXB-JFK,Star Air,XX,3,March,Q1,2025,526,2312652.0,2137195.88,138759.12,36697.0,226115.87,4396.68,17
DXB-SIN,Star Air,XX,3,March,Q1,2025,1622,2310960.0,2134451.4,138657.6,37851.0,270309.9,1424.76,18
CPT-DXB,Star Air,XX,3,March,Q1,2025,905,2078218.228977,1924303.4103544,124693.09373862,29221.724885,199201.1237747,2296.37,19
MRU-DXB,Star Air,XX,3,March,Q1,2025,926,2066549.849638,1914885.535012,123992.99097828,27671.323647,165436.1668958,2231.7,20
DXB-CPT,Star Air,XX,3,March,Q1,2025,855,2052703.0,1897395.82,123162.18,32145.0,198249.22,2400.82,21
DXB-COK,Star Air,XX,3,March,Q1,2025,1980,1902743.0,1759350.42,114164.58,29228.0,188233.68,960.98,22
JFK-DXB,Star Air,XX,3,March,Q1,2025,433,1868529.851491,1730264.8536326,112111.79108946,26153.206768,189649.36699988,4315.31,23
DXB-MRU,Star Air,XX,3,March,Q1,2025,840,1846978.0,1708616.32,110818.68,27543.0,146429.05,2198.78,24
CDG-DXB,Star Air,XX,3,March,Q1,2025,580,1843142.830048,1705277.7376961,110588.56980288,27276.522549,170028.03643935,3177.83,25
DXB-CCU,Star Air,XX,3,March,Q1,2025,1592,1764474.0,1630323.56,105868.44,28282.0,141677.11,1108.34,26
COK-DXB,Star Air,XX,3,March,Q1,2025,1894,1747450.528489,1615401.055439,104847.03170934,27202.44134,169687.88764927,922.62,27
DXB-DFW,Star Air,XX,3,March,Q1,2025,375,1703228.0,1577946.32,102193.68,23088.0,172305.94,4541.94,28
LHE-DXB,Star Air,XX,3,March,Q1,2025,1754,1701340.152422,1572695.7615501,102080.40914532,26563.981728,162187.43363267,969.98,29
DXB-MIL,Star Air,XX,3,March,Q1,2025,1176,1651865.0,1529589.1,99111.9,23164.0,149303.82,1404.65,30
DXB-CDG,Star Air,XX,3,March,Q1,2025,569,1634783.0,1505089.02,98086.98,31607.0,150373.39,2873.08,31
MIL-DXB,Star Air,XX,3,March,Q1,2025,1194,1613202.012035,1483539.3987908,96792.1207221,32870.492524,144397.23526231,1351.09,32
YYZ-DXB,Star Air,XX,3,March,Q1,2025,368,1571756.435071,1459299.523239,94305.38610426,18151.525728,172893.85729112,4271.08,33
CCU-DXB,Star Air,XX,3,March,Q1,2025,1366,1548974.226443,1430954.9993272,92938.45358658,25080.773528,127687.86190233,1133.95,34
DXB-LHE,Star Air,XX,3,March,Q1,2025,1526,1540269.0,1422823.86,92416.14,25029.0,143235.56,1009.35,35
DXB-YYZ,Star Air,XX,3,March,Q1,2025,353,1488376.0,1374385.44,89302.56,24688.0,163721.32,4216.36,36
DXB-LHR,Star Air,XX,3,March,Q1,2025,716,1269414.0,1175623.16,76164.84,17626.0,98323.1,1772.92,37
LHR-DXB,Star Air,XX,3,March,Q1,2025,690,1226310.150401,1136215.8716068,73578.60902406,16515.66977,93446.16573834,1777.26,38
DXB-AKL,Star Air,XX,3,March,Q1,2025,470,1189499.0,1102056.06,71369.94,16073.0,185979.19,2530.85,39
AKL-DXB,Star Air,XX,3,March,Q1,2025,401,1095214.765644,1013102.5732709,65712.88593864,16399.306434,171656.58441282,2731.21,40
DXB-ZRH,Star Air,XX,3,March,Q1,2025,339,1063940.0,980182.6,63836.4,19921.0,81029.09,3138.47,41
ZRH-DXB,Star Air,XX,3,March,Q1,2025,342,1027029.288677,952948.1364736,61621.75732062,12459.394883,74447.89791847,3003.01,42
PEW-DXB,Star Air,XX,3,March,Q1,2025,700,954839.718927,883817.7721875,57290.38313562,13731.563605,69662.92808018,1364.06,43
DXB-CHC,Star Air,XX,3,March,Q1,2025,793,848726.0,786246.44,50923.56,11556.0,131253.38,1070.27,44
FRA-DXB,Star Air,XX,3,March,Q1,2025,297,848628.423683,784998.1703457,50917.70542098,12712.547917,84867.57289856,2857.33,45
DUB-DXB,Star Air,XX,3,March,Q1,2025,175,816450.870648,749594.6014741,48987.05223888,17869.216935,238343.6421747,4665.43,46
MAA-DXB,Star Air,XX,3,March,Q1,2025,806,772149.314294,713010.5718828,46328.95885764,12809.783553,84935.98959644,958.0,47
DXB-MAA,Star Air,XX,3,March,Q1,2025,778,766049.0,706119.06,45962.94,13967.0,84265.78,984.64,48
DXB-PEW,Star Air,XX,3,March,Q1,2025,525,716997.0,663147.18,43019.82,10830.0,50100.54,1365.71,49
HAN-DXB,Star Air,XX,3,March,Q1,2025,393,669551.894367,616874.758724,40173.11366202,12504.021981,107128.30297202,1703.69,50
CHC-DXB,Star Air,XX,3,March,Q1,2025,586,663698.253318,613475.7257728,39821.89519908,10400.632345,101094.98858823,1132.59,51
SIN-MEL,Star Air,XX,3,March,Q1,2025,152,644495.200279,596656.4834188,38669.71201674,9169.004844,270272.16703619,4240.1,52
DXB-DUB,Star Air,XX,3,March,Q1,2025,153,618555.0,571582.7,37113.3,9859.0,111340.39,4042.84,53
MEL-SIN,Star Air,XX,3,March,Q1,2025,118,554649.649678,506946.7017394,33278.97898068,14423.968958,99836.76104708,4700.42,54
DXB-KHI,Star Air,XX,3,March,Q1,2025,510,551017.0,507833.98,33061.02,10122.0,58987.26,1080.43,55
KHI-DXB,Star Air,XX,3,March,Q1,2025,552,541085.444854,501437.8173341,32465.12669124,7182.500829,57675.78489973,980.23,56
DXB-HAN,Star Air,XX,3,March,Q1,2025,255,475963.0,439413.22,28557.78,7992.0,76153.89,1866.52,57
DXB-FRA,Star Air,XX,3,March,Q1,2025,156,432598.0,402325.12,25955.88,4317.0,43259.7,2773.06,58
GVA-DXB,Star Air,XX,3,March,Q1,2025,176,412511.613673,379720.8799927,24750.69682038,8040.036859,55431.77680969,2343.82,59
DEL-DXB,Star Air,XX,3,March,Q1,2025,385,388128.827181,359594.8223388,23287.72963086,5246.275212,42694.15293135,1008.13,60
BOM-DXB,Star Air,XX,3,March,Q1,2025,367,365503.552477,338764.3684487,21930.21314862,4808.97088,35868.96437359,995.92,61
SVO-DXB,Star Air,XX,3,March,Q1,2025,223,330554.457714,305679.1291473,19833.26746284,5042.061104,29749.90285312,1482.31,62
DXB-DEL,Star Air,XX,3,March,Q1,2025,334,322555.0,297583.7,19353.3,5618.0,35481.43,965.73,63
DXB-BOM,Star Air,XX,3,March,Q1,2025,300,287146.0,265870.24,17228.76,4047.0,28863.09,957.15,64
KUL-SYD,Star Air,XX,3,March,Q1,2025,217,236685.007218,218473.313978,14201.10043308,4010.592807,36698.98972513,1090.71,65
KUL-DXB,Star Air,XX,3,March,Q1,2025,230,227911.683947,210540.8596041,13674.70103682,3696.123306,30036.60645418,990.92,66
DXB-GVA,Star Air,XX,3,March,Q1,2025,99,216502.0,199325.88,12990.12,4186.0,23815.54,2186.89,67
DXB-SVO,Star Air,XX,3,March,Q1,2025,142,216331.0,199632.14,12979.86,3719.0,19470.21,1523.46,68
DXB-HYD,Star Air,XX,3,March,Q1,2025,196,195928.0,180915.32,11755.68,3257.0,9796.23,999.63,69
DXB-KUL,Star Air,XX,3,March,Q1,2025,165,184379.0,170478.26,11062.74,2838.0,11062.65,1117.45,70
MIL-JFK,Star Air,XX,3,March,Q1,2025,185,173943.596826,161712.9014461,10436.61580956,1794.07957,23916.80442347,940.24,71
ADD-DXB,Star Air,XX,3,March,Q1,2025,187,165192.7632,153312.671088,9911.565792,1968.52632,21801.4150992,883.38,72
DXB-LGW,Star Air,XX,3,March,Q1,2025,166,157910.0,145924.4,9474.6,2511.0,9474.48,951.27,73
JFK-MIL,Star Air,XX,3,March,Q1,2025,163,157055.783216,145326.9204029,9423.34699296,2305.51582,20775.09850301,963.53,74
DXB-MUC,Star Air,XX,3,March,Q1,2025,169,154679.0,143283.26,9280.74,2115.0,15468.24,915.26,75
DXB-JNB,Star Air,XX,3,March,Q1,2025,152,143748.0,133371.12,8624.88,1752.0,8624.73,945.71,76
SYD-KUL,Star Air,XX,3,March,Q1,2025,129,140624.8414,129155.9908834,8437.490484,3031.360033,31808.0839046,1090.12,77
DXB-CMB,Star Air,XX,3,March,Q1,2025,114,139424.0,128357.56,8365.44,2701.0,8365.25,1223.02,78
LGW-DXB,Star Air,XX,3,March,Q1,2025,154,137989.912538,127839.9368332,8279.39475228,1870.580952,18266.1429912,896.04,79
DXB-BHX,Star Air,XX,3,March,Q1,2025,151,135690.0,125555.6,8141.4,1993.0,13569.26,898.61,80
HYD-DXB,Star Air,XX,3,March,Q1,2025,127,111221.766223,102752.1687106,6673.30597338,1796.291539,5561.08323114,875.76,81
CMB-DXB,Star Air,XX,3,March,Q1,2025,98,110911.304285,102672.4333609,6654.6782571,1584.192667,1910.04049597,1131.75,82
MUC-DXB,Star Air,XX,3,March,Q1,2025,107,97054.860413,90061.9439552,5823.29162478,1169.624833,13553.04621377,907.05,83
JNB-DXB,Star Air,XX,3,March,Q1,2025,72,64783.371156,59812.1663688,3887.00226936,1084.202518,9088.69597088,899.77,84
BHX-DXB,Star Air,XX,3,March,Q1,2025,64,57743.09212,53136.5417747,3464.5855272,1141.964818,7748.98564333,902.24,85
DXB-ADD,Star Air,XX,3,March,Q1,2025,63,54884.0,50526.96,3293.04,1064.0,3292.9,871.17,86
CHC-SVO,Star Air,XX,3,March,Q1,2025,1,3247.32597,3052.4864118,194.8395582,0.0,552.10993131,3247.33,87
BLR-SVO,Star Air,XX,3,March,Q1,2025,1,1585.5435,1490.41089,95.13261,0.0,190.2656367,1585.54,88
LHE-HAN,Star Air,XX,3,March,Q1,2025,1,1503.805612,1413.5772753,90.22833672,0.0,210.532659,1503.81,89
MEL-DXB,Star Air,XX,4,April,Q2,2025,13240,55571306.025048,51374666.5574376,3334278.36150288,862361.106106,10344405.05058506,4197.23,1
DXB-MEL,Star Air,XX,4,April,Q2,2025,12469,51959085.0,48055283.9,3117545.1,786256.0,9721967.88,4167.06,2
BNE-DXB,Star Air,XX,4,April,Q2,2025,22640,44383150.336082,41032145.7949055,2662989.02016492,688015.520946,8163188.55134932,1960.39,3
DXB-SYD,Star Air,XX,4,April,Q2,2025,17056,44253308.0,40932527.52,2655198.48,665582.0,8180063.07,2594.59,4
DXB-BNE,Star Air,XX,4,April,Q2,2025,22496,43290810.0,40061667.4,2597448.6,631694.0,7931508.51,1924.38,5
SYD-DXB,Star Air,XX,4,April,Q2,2025,16349,42674146.415172,39461099.0650058,2560448.78491032,652598.565265,7892711.23755273,2610.2,6
YUL-DXB,Star Air,XX,4,April,Q2,2025,28517,28228542.223988,26113456.0731786,1693712.53343928,421373.617307,2810048.37500454,989.88,7
DXB-YUL,Star Air,XX,4,April,Q2,2025,27212,26929438.0,24914491.72,1615766.28,399180.0,2664013.17,989.62,8
DXB-ORD,Star Air,XX,4,April,Q2,2025,6956,25383168.0,23483591.92,1522990.08,376586.0,2783200.09,3649.1,9
BKK-DXB,Star Air,XX,4,April,Q2,2025,11133,23816043.252323,22038068.3207065,1428962.59513938,349012.336475,4721908.77259251,2139.23,10
DXB-BKK,Star Air,XX,4,April,Q2,2025,10747,23245543.0,21453683.42,1394732.58,397127.0,4675619.09,2162.98,11
ORD-DXB,Star Air,XX,4,April,Q2,2025,6220,23069984.157794,21324073.9850692,1384199.04946764,361711.123257,2528864.1505237,3709.0,12
DXB-IAH,Star Air,XX,4,April,Q2,2025,4424,15880867.0,14692276.98,952852.02,235738.0,1623308.18,3589.71,13
SIN-DXB,Star Air,XX,4,April,Q2,2025,10819,15116044.882269,13974168.2566832,906962.69293614,234913.932621,1774210.61280928,1397.18,14
DXB-SIN,Star Air,XX,4,April,Q2,2025,10399,15042877.0,13922623.38,902572.62,217681.0,1761216.38,1446.57,15
DXB-JFK,Star Air,XX,4,April,Q2,2025,3194,14698921.0,13579193.74,881935.26,237792.0,1417241.95,4602.04,16
DFW-DXB,Star Air,XX,4,April,Q2,2025,3190,14301821.111722,13227357.201857,858109.26670332,216354.643147,1426428.88824003,4483.33,17
IAH-DXB,Star Air,XX,4,April,Q2,2025,3894,13750109.570946,12711250.2626887,825006.57425676,213852.733996,1382467.72769848,3531.1,18
JFK-DXB,Star Air,XX,4,April,Q2,2025,3003,13532479.805981,12508971.440961,811948.78835886,211559.576664,1380308.65143067,4506.32,19
DXB-CPT,Star Air,XX,4,April,Q2,2025,5659,13480774.0,12469244.56,808846.44,202683.0,1324182.22,2382.18,20
DXB-DFW,Star Air,XX,4,April,Q2,2025,2934,13463340.0,12468266.6,807800.4,187273.0,1347545.11,4588.73,21
MRU-DXB,Star Air,XX,4,April,Q2,2025,6085,13405856.996885,12401710.1383772,804351.4198131,199795.438695,1030825.49949558,2203.1,22
CPT-DXB,Star Air,XX,4,April,Q2,2025,5316,12731305.304172,11773321.4639188,763878.31825032,194105.522,1237773.23396763,2394.9,23
YYZ-DXB,Star Air,XX,4,April,Q2,2025,2756,12258195.617843,11325193.4663935,735491.73707058,197510.414381,1348406.07562497,4447.82,24
MIL-DXB,Star Air,XX,4,April,Q2,2025,8312,11532030.22858,10652682.0203199,691921.8137148,187426.394512,1046482.33200334,1387.4,25
DXB-MRU,Star Air,XX,4,April,Q2,2025,5200,11264190.0,10385698.6,675851.4,202640.0,907454.91,2166.19,26
DXB-MIL,Star Air,XX,4,April,Q2,2025,8029,11179025.0,10352552.5,670741.5,155731.0,1013309.28,1392.33,27
DXB-CDG,Star Air,XX,4,April,Q2,2025,3636,11063955.0,10230374.7,663837.3,169743.0,1045601.08,3042.89,28
COK-DXB,Star Air,XX,4,April,Q2,2025,11583,10917740.30349,10097012.9639842,655064.4182094,165662.921297,1044769.74441139,942.57,29
LHE-DXB,Star Air,XX,4,April,Q2,2025,10908,10911809.657883,10102947.8530551,654708.57947298,154153.225354,1031306.05432062,1000.35,30
DXB-COK,Star Air,XX,4,April,Q2,2025,11567,10899953.0,10022693.82,653997.18,223262.0,1067034.96,942.33,31
CDG-DXB,Star Air,XX,4,April,Q2,2025,3633,10797343.119783,9979614.5481527,647840.58718698,169887.984445,1003909.88441609,2972.02,32
DXB-YYZ,Star Air,XX,4,April,Q2,2025,2406,10729205.0,9926045.7,643752.3,159407.0,1180209.77,4459.35,33
CCU-DXB,Star Air,XX,4,April,Q2,2025,9021,9793951.68841,9052600.6132526,587637.1013046,153713.973851,789388.41823201,1085.68,34
DXB-LHE,Star Air,XX,4,April,Q2,2025,9733,9709256.0,8833952.64,582555.36,292748.0,899220.97,997.56,35
DXB-CCU,Star Air,XX,4,April,Q2,2025,8864,9646393.0,8893829.42,578783.58,173780.0,781166.62,1088.27,36
DXB-LHR,Star Air,XX,4,April,Q2,2025,4651,7911657.0,7327359.58,474699.42,109598.0,578573.39,1701.07,37
ZRH-DXB,Star Air,XX,4,April,Q2,2025,2302,7226674.346644,6684340.6157868,433600.46079864,108733.270062,521261.41639084,3139.3,38
DXB-ZRH,Star Air,XX,4,April,Q2,2025,2205,7153789.0,6616852.66,429227.34,107709.0,528599.85,3244.35,39
LHR-DXB,Star Air,XX,4,April,Q2,2025,4005,6469478.591188,5982325.8569254,388168.71547128,98984.01879,492828.81910795,1615.35,40
PEW-DXB,Star Air,XX,4,April,Q2,2025,4382,6330851.106579,5862481.1657446,379851.06639474,88518.874437,460335.6487654,1444.74,41
AKL-DXB,Star Air,XX,4,April,Q2,2025,2392,6228853.195931,5764765.3065032,373731.19175586,90356.697672,990632.42117374,2604.04,42
DXB-AKL,Star Air,XX,4,April,Q2,2025,2446,5907814.0,5469210.16,354468.84,84135.0,930650.31,2415.3,43
DXB-PEW,Star Air,XX,4,April,Q2,2025,4011,5692987.0,5118226.78,341579.22,233181.0,410352.85,1419.34,44
DXB-CHC,Star Air,XX,4,April,Q2,2025,4713,5158591.0,4768762.54,309515.46,80313.0,799667.63,1094.55,45
FRA-DXB,Star Air,XX,4,April,Q2,2025,1697,4947325.754834,4569919.0952767,296839.54529004,80567.114267,494731.9600572,2915.34,46
MAA-DXB,Star Air,XX,4,April,Q2,2025,5155,4884629.929748,4522404.7424788,293077.79578488,69147.391484,537306.29981437,947.55,47
CHC-DXB,Star Air,XX,4,April,Q2,2025,4215,4799091.049408,4432388.3621948,287945.46296448,78757.22425,741574.85705884,1138.57,48
DXB-MAA,Star Air,XX,4,April,Q2,2025,5069,4677388.0,4301927.72,280643.28,94817.0,514509.21,922.74,49
HAN-DXB,Star Air,XX,4,April,Q2,2025,2606,4370513.572192,4038834.644279,262230.81433152,69448.113584,699282.17145487,1677.1,50
DXB-DUB,Star Air,XX,4,April,Q2,2025,1067,4306332.0,3987111.08,258379.92,60841.0,775140.82,4035.93,51
DUB-DXB,Star Air,XX,4,April,Q2,2025,1030,4266093.576976,3949521.1937853,255965.61461856,60606.768568,1245407.95714519,4141.84,52
KHI-DXB,Star Air,XX,4,April,Q2,2025,3611,3798157.160883,3512372.6887627,227889.42965298,57895.042468,407252.07400625,1051.83,53
DXB-HAN,Star Air,XX,4,April,Q2,2025,2118,3784355.0,-373414.3,227061.3,3930708.0,605496.3,1786.76,54
SIN-MEL,Star Air,XX,4,April,Q2,2025,806,3200429.833455,2958268.3614428,192025.7900073,50135.682008,1318936.73806075,3970.76,55
MEL-SIN,Star Air,XX,4,April,Q2,2025,679,3040481.865944,2809326.7728072,182428.91195664,48726.18118,547282.98628365,4477.88,56
DXB-KHI,Star Air,XX,4,April,Q2,2025,2789,2961042.0,2667957.48,177662.52,115422.0,314058.89,1061.69,57
BOM-DXB,Star Air,XX,4,April,Q2,2025,2793,2773321.127351,2566251.7684673,166399.26764106,40670.091243,274328.94593853,992.95,58
DXB-GVA,Star Air,XX,4,April,Q2,2025,1159,2700029.0,2497740.26,162001.74,40287.0,297002.64,2329.62,59
DXB-FRA,Star Air,XX,4,April,Q2,2025,924,2561772.0,2372565.68,153706.32,35500.0,256178.93,2772.48,60
DXB-BOM,Star Air,XX,4,April,Q2,2025,2478,2399468.0,2191383.92,143968.08,64116.0,239035.36,968.31,61
SVO-DXB,Star Air,XX,4,April,Q2,2025,1504,2296260.855855,2129900.6791578,137775.6513513,28584.525346,206663.45554064,1526.77,62
DEL-DXB,Star Air,XX,4,April,Q2,2025,2326,2196249.676653,2029684.0266,131774.98059918,34790.669454,241587.73359616,944.22,63
DXB-DEL,Star Air,XX,4,April,Q2,2025,2108,2052214.0,1894529.16,123132.84,34552.0,225745.89,973.54,64
GVA-DXB,Star Air,XX,4,April,Q2,2025,786,1878727.301081,1739902.1215587,112723.63806486,26101.541457,249720.90508691,2390.24,65
KUL-DXB,Star Air,XX,4,April,Q2,2025,1500,1643542.22719,1518176.6844144,98612.5336314,26753.009144,223256.50465636,1095.69,66
DXB-SVO,Star Air,XX,4,April,Q2,2025,971,1570190.0,1446858.6,94211.4,29120.0,141317.58,1617.09,67
KUL-SYD,Star Air,XX,4,April,Q2,2025,1184,1379562.744832,1275473.7981962,82773.76468992,21315.181945,213905.10504314,1165.17,68
HYD-DXB,Star Air,XX,4,April,Q2,2025,1337,1325091.395205,1226052.0107355,79505.4837123,19533.900758,66254.60705155,991.09,69
DXB-HYD,Star Air,XX,4,April,Q2,2025,1104,1096130.0,998766.2,65767.8,31596.0,54806.17,992.87,70
DXB-KUL,Star Air,XX,4,April,Q2,2025,989,1094416.0,997760.04,65664.96,30991.0,65664.43,1106.59,71
JFK-MIL,Star Air,XX,4,April,Q2,2025,1104,1064460.694895,984942.0139365,63867.6416937,15651.039265,142328.54226989,964.19,72
DXB-BHX,Star Air,XX,4,April,Q2,2025,1075,1035098.0,948956.12,62105.88,24036.0,103508.38,962.88,73
MIL-JFK,Star Air,XX,4,April,Q2,2025,1037,1015416.232404,926695.0917683,60924.97394424,27796.166697,134445.1380071,979.19,74
DXB-JNB,Star Air,XX,4,April,Q2,2025,909,973152.0,888933.88,58389.12,25829.0,58388.84,1070.57,75
CMB-DXB,Star Air,XX,4,April,Q2,2025,907,936069.173217,866060.0936353,56164.15039302,13844.929189,16120.35708055,1032.05,76
DXB-MUC,Star Air,XX,4,April,Q2,2025,1031,934910.0,860880.4,56094.6,17935.0,93491.11,906.8,77
JNB-DXB,Star Air,XX,4,April,Q2,2025,923,922333.069126,853173.2202139,55339.98414756,13819.864764,126020.22883041,999.28,78
MUC-DXB,Star Air,XX,4,April,Q2,2025,992,921587.9062,854562.5744855,55295.274372,11730.057344,125726.52535006,929.02,79
ADD-DXB,Star Air,XX,4,April,Q2,2025,1093,901319.8836,834740.464344,54079.193016,12500.22624,118952.2661496,824.63,80
DXB-CMB,Star Air,XX,4,April,Q2,2025,831,899351.0,805065.94,53961.06,40324.0,53961.04,1082.25,81
SYD-KUL,Star Air,XX,4,April,Q2,2025,834,886560.883769,820662.8385532,53193.65302614,12704.392192,200528.80486246,1063.02,82
LGW-DXB,Star Air,XX,4,April,Q2,2025,872,771532.437124,712109.8963083,46291.94622744,13130.59459,103513.74936847,884.78,83
BHX-DXB,Star Air,XX,4,April,Q2,2025,828,741272.210502,686786.7008393,44476.33263012,10009.177037,100922.49617662,895.26,84
DXB-LGW,Star Air,XX,4,April,Q2,2025,830,733441.0,662201.54,44006.46,27233.0,44005.84,883.66,85
DXB-ADD,Star Air,XX,4,April,Q2,2025,650,618682.0,570058.08,37120.92,11503.0,37121.44,951.82,86
DFW-SVO,Star Air,XX,4,April,Q2,2025,2,8635.626225,8117.4886515,518.1375735,0.0,949.91728311,4317.81,87
HAN-ADD,Star Air,XX,4,April,Q2,2025,2,8041.639784,7149.3819369,482.49838704,409.75946,482.49838414,4020.82,88
BNE-PEW,Star Air,XX,4,April,Q2,2025,1,4596.79037,4320.9829478,275.8074222,0.0,827.19178686,4596.79,89
HAN-MUC,Star Air,XX,4,April,Q2,2025,1,2596.12262,2180.7430428,155.7673572,259.61222,311.5347088,2596.12,90
KUL-LHE,Star Air,XX,4,April,Q2,2025,2,2268.133875,2132.0458425,136.0880325,0.0,226.838737,1134.07,91
DUB-HAN,Star Air,XX,4,April,Q2,2025,1,2205.2701,2072.953894,132.316206,0.0,132.27611018,2205.27,92
BLR-SVO,Star Air,XX,4,April,Q2,2025,1,1738.877117,1634.54449,104.33262702,0.0,208.66525404,1738.88,93
HYD-HAN,Star Air,XX,4,April,Q2,2025,1,885.05039,831.9473666,53.1030234,0.0,115.05342205,885.05,94
BLR-DXB,Star Air,XX,4,April,Q2,2025,1,838.60576,704.4074944,50.3163456,83.88192,92.2466336,838.61,95
SYD-AKL,Star Air,XX,4,April,Q2,2025,1,620.369427,583.1472614,37.22216562,0.0,111.79520421,620.37,96
BKK-HAN,Star Air,XX,4,April,Q2,2025,1,525.621889,441.5122377,31.53731334,52.572338,73.58706446,525.62,97
MEL-DXB,Star Air,XX,5,May,Q2,2025,10482,42152887.197549,38910150.849032,2529173.23185294,713563.116664,7833997.60129075,4021.45,1
DXB-MEL,Star Air,XX,5,May,Q2,2025,9724,40232013.0,37240899.22,2413920.78,577193.0,7521929.12,4137.39,2
SYD-DXB,Star Air,XX,5,May,Q2,2025,13603,33694609.859153,31112810.9207922,2021676.59154918,560122.346807,6242832.75521906,2477.0,3
DXB-SYD,Star Air,XX,5,May,Q2,2025,13166,33383185.0,30918143.9,2002991.1,462050.0,6159478.42,2535.56,4
DXB-BNE,Star Air,XX,5,May,Q2,2025,17577,33355575.0,30885947.5,2001334.5,468293.0,6118570.12,1897.68,5
BNE-DXB,Star Air,XX,5,May,Q2,2025,17443,32282663.763911,29811562.0677795,1936959.82583466,534141.870346,5913281.34410701,1850.75,6
YUL-DXB,Star Air,XX,5,May,Q2,2025,22257,21396534.966619,19754053.4264041,1283792.09799714,358689.442231,2128810.31651222,961.34,7
DXB-YUL,Star Air,XX,5,May,Q2,2025,20678,20076950.0,18571567.0,1204617.0,300766.0,1984597.82,970.93,8
DXB-ORD,Star Air,XX,5,May,Q2,2025,5079,18308260.0,16949564.4,1098495.6,260200.0,2011728.12,3604.7,9
BKK-DXB,Star Air,XX,5,May,Q2,2025,8278,17857205.58774,16526192.8626991,1071432.3352644,259580.389776,3549901.12858704,2157.19,10
ORD-DXB,Star Air,XX,5,May,Q2,2025,4830,17682858.253765,16322239.055879,1060971.4952259,299647.702652,1953219.31633035,3661.05,11
DXB-BKK,Star Air,XX,5,May,Q2,2025,8254,17441737.0,15924274.78,1046504.22,470958.0,3537814.36,2113.13,12
IAH-DXB,Star Air,XX,5,May,Q2,2025,3280,12194135.030356,11230286.8533099,731648.10182136,232200.075217,1234962.96801181,3717.72,13
SIN-DXB,Star Air,XX,5,May,Q2,2025,8684,12012095.533964,11092987.8589636,720725.73203784,198381.942948,1409601.27606202,1383.24,14
DXB-IAH,Star Air,XX,5,May,Q2,2025,3283,11724342.0,10855775.48,703460.52,165106.0,1196434.57,3571.23,15
JFK-DXB,Star Air,XX,5,May,Q2,2025,2639,11653136.068822,10740005.8586077,699188.16412932,213942.046089,1188175.35273748,4415.74,16
DFW-DXB,Star Air,XX,5,May,Q2,2025,2397,10958566.184934,10110644.6122068,657513.97109604,190407.601629,1084171.26799081,4571.78,17
DXB-JFK,Star Air,XX,5,May,Q2,2025,2504,10936255.0,10131137.7,656175.3,148942.0,1051358.92,4367.51,18
DXB-CPT,Star Air,XX,5,May,Q2,2025,4408,10333959.0,9520509.46,620037.54,193412.0,1013049.02,2344.36,19
DXB-SIN,Star Air,XX,5,May,Q2,2025,7440,10126996.0,9373129.24,607619.76,146247.0,1186649.09,1361.16,20
DXB-DFW,Star Air,XX,5,May,Q2,2025,2123,10057336.0,9321255.84,603440.16,132640.0,1001405.18,4737.32,21
CPT-DXB,Star Air,XX,5,May,Q2,2025,4405,10022731.415865,9271469.0222264,601363.8849519,149898.508687,986221.03495363,2275.31,22
MRU-DXB,Star Air,XX,5,May,Q2,2025,4466,9351706.52124,8658721.7718226,561102.3912744,131882.358141,720372.76393625,2093.98,23
MIL-DXB,Star Air,XX,5,May,Q2,2025,6450,8888266.314791,8185343.0141364,533295.97888746,169627.321726,807794.38152632,1378.03,24
DXB-MIL,Star Air,XX,5,May,Q2,2025,6530,8578045.0,7939766.3,514682.7,123596.0,774894.01,1313.64,25
DXB-MRU,Star Air,XX,5,May,Q2,2025,3997,8492424.0,7683040.56,509545.44,299838.0,689278.07,2124.7,26
DXB-CDG,Star Air,XX,5,May,Q2,2025,2816,8271755.0,7655201.7,496305.3,120248.0,774619.94,2937.41,27
CCU-DXB,Star Air,XX,5,May,Q2,2025,7549,8038921.943377,7446384.1346458,482335.31660262,110202.492128,650486.76398251,1064.9,28
LHE-DXB,Star Air,XX,5,May,Q2,2025,8474,8028663.808005,7430420.159398,481719.8284803,116523.820128,755128.06827373,947.45,29
YYZ-DXB,Star Air,XX,5,May,Q2,2025,1887,7864956.427882,7267584.1864706,471897.38567292,125474.855737,865147.02259403,4167.97,30
DXB-COK,Star Air,XX,5,May,Q2,2025,8625,7860792.0,7048747.48,471647.52,340397.0,768771.36,911.4,31
CDG-DXB,Star Air,XX,5,May,Q2,2025,2519,7740331.544375,7127717.738519,464419.8926625,148193.913198,706973.42098776,3072.78,32
COK-DXB,Star Air,XX,5,May,Q2,2025,8221,7380112.95259,6838295.7994627,442806.7771554,99010.375971,705136.31155476,897.71,33
DXB-CCU,Star Air,XX,5,May,Q2,2025,6603,7025030.0,6348785.2,421501.8,254743.0,566599.86,1063.91,34
DXB-YYZ,Star Air,XX,5,May,Q2,2025,1572,6681778.0,6189907.32,400906.68,90964.0,734994.68,4250.49,35
DXB-LHE,Star Air,XX,5,May,Q2,2025,6647,6489572.0,5519915.68,389374.32,580282.0,596113.72,976.32,36
DXB-LHR,Star Air,XX,5,May,Q2,2025,3380,5510370.0,5104921.8,330622.2,74826.0,399081.88,1630.29,37
DXB-ZRH,Star Air,XX,5,May,Q2,2025,1738,5249181.0,4859348.14,314950.86,74882.0,380829.87,3020.24,38
ZRH-DXB,Star Air,XX,5,May,Q2,2025,1687,5223241.54524,4790043.037434,313394.4927144,119804.015098,393941.20861115,3096.17,39
LHR-DXB,Star Air,XX,5,May,Q2,2025,3221,5180518.317357,4771424.2405745,310831.09904142,98262.977745,375676.79590009,1608.36,40
DXB-PEW,Star Air,XX,5,May,Q2,2025,3639,5064908.0,4383569.52,303894.48,377444.0,370297.23,1391.84,41
DXB-AKL,Star Air,XX,5,May,Q2,2025,1801,4480401.0,4136972.94,268824.06,74604.0,700334.83,2487.73,42
DXB-DUB,Star Air,XX,5,May,Q2,2025,1042,4344802.0,4016235.88,260688.12,67878.0,782065.31,4169.68,43
PEW-DXB,Star Air,XX,5,May,Q2,2025,3065,4244784.087057,3927874.8068708,254687.04522342,62222.234962,309587.6372587,1384.92,44
DXB-CHC,Star Air,XX,5,May,Q2,2025,3691,4026815.0,3727846.1,241608.9,57360.0,627405.85,1090.98,45
DXB-MAA,Star Air,XX,5,May,Q2,2025,4366,3997891.0,3602921.54,239873.46,155096.0,439765.36,915.69,46
DUB-DXB,Star Air,XX,5,May,Q2,2025,942,3975809.869835,3673375.5226766,238548.5921901,63885.754963,1160644.29690785,4220.6,47
MAA-DXB,Star Air,XX,5,May,Q2,2025,4131,3663852.660876,3394904.761978,219831.15965256,49116.739248,403021.21334477,886.92,48
HAN-DXB,Star Air,XX,5,May,Q2,2025,2017,3518765.069025,3255910.5563597,211125.9041415,51728.608522,563002.41154113,1744.55,49
CHC-DXB,Star Air,XX,5,May,Q2,2025,3384,3512035.966161,3244266.2476638,210722.15796966,57047.560524,545206.07720934,1037.84,50
AKL-DXB,Star Air,XX,5,May,Q2,2025,1507,3505135.481911,3239233.8258085,210308.12891466,55593.527186,561775.11417645,2325.9,51
FRA-DXB,Star Air,XX,5,May,Q2,2025,1157,3306081.074661,3048531.1289938,198364.86447966,59185.081188,330607.06829157,2857.46,52
SIN-MEL,Star Air,XX,5,May,Q2,2025,813,3131273.040322,2894225.5297867,187876.38241932,49171.128119,1291014.63390094,3851.5,53
KHI-DXB,Star Air,XX,5,May,Q2,2025,2882,2955113.782435,2733363.8853136,177306.8269461,44443.070174,315236.46377428,1025.37,54
DXB-HAN,Star Air,XX,5,May,Q2,2025,1646,2821375.0,-15778183.5,169282.5,18430276.0,451420.4,1714.08,55
DXB-GVA,Star Air,XX,5,May,Q2,2025,1027,2429791.0,2238695.54,145787.46,45308.0,267276.1,2365.91,56
MEL-SIN,Star Air,XX,5,May,Q2,2025,528,2191387.983959,2026851.6197395,131483.27903754,33053.085181,394453.62173513,4150.36,57
DXB-FRA,Star Air,XX,5,May,Q2,2025,795,2136610.0,1982493.4,128196.6,25920.0,213660.99,2687.56,58
DEL-DXB,Star Air,XX,5,May,Q2,2025,2187,2090443.473535,1936578.6705323,125426.6084121,28438.194591,229948.8969862,955.85,59
DXB-KHI,Star Air,XX,5,May,Q2,2025,2034,2011542.0,1650315.48,120692.52,240534.0,214054.89,988.96,60
BOM-DXB,Star Air,XX,5,May,Q2,2025,2087,2010651.616097,1863037.2227391,120639.09696582,26975.296391,200518.95470407,963.42,61
DXB-BOM,Star Air,XX,5,May,Q2,2025,1913,1839719.0,1671905.86,110383.14,57430.0,183993.52,961.69,62
DXB-DEL,Star Air,XX,5,May,Q2,2025,1815,1699488.0,1529785.72,101969.28,67733.0,186944.95,936.36,63
GVA-DXB,Star Air,XX,5,May,Q2,2025,686,1578603.77359,1464479.7621584,94716.2264154,19407.785014,210034.59082492,2301.17,64
SVO-DXB,Star Air,XX,5,May,Q2,2025,942,1514445.919133,1402391.6438983,90866.75514798,21187.520087,136300.11470808,1607.69,65
KUL-DXB,Star Air,XX,5,May,Q2,2025,1076,1121558.473321,1038910.8674596,67293.50839926,15354.097463,151294.66658057,1042.34,66
DXB-SVO,Star Air,XX,5,May,Q2,2025,737,1100387.0,963786.78,66023.22,70577.0,99034.98,1493.06,67
HYD-DXB,Star Air,XX,5,May,Q2,2025,1035,969177.112529,897586.6881403,58150.62675174,13439.797637,48458.90217049,936.4,68
JNB-DXB,Star Air,XX,5,May,Q2,2025,864,915130.168847,848958.7273236,54907.81013082,11263.631392,120451.67741377,1059.18,69
CMB-DXB,Star Air,XX,5,May,Q2,2025,851,889028.819014,823430.1434714,53341.72914084,12256.946402,15310.26120157,1044.69,70
DXB-CMB,Star Air,XX,5,May,Q2,2025,750,852729.0,758459.26,51163.74,43106.0,51163.17,1136.97,71
SYD-KUL,Star Air,XX,5,May,Q2,2025,797,819494.955114,757654.0775417,49169.69730684,12671.180264,185354.02267954,1028.22,72
DXB-HYD,Star Air,XX,5,May,Q2,2025,840,789019.0,697823.86,47341.14,43854.0,39451.35,939.31,73
DXB-LGW,Star Air,XX,5,May,Q2,2025,874,781090.0,677629.6,46865.4,56595.0,46865.16,893.7,74
BHX-DXB,Star Air,XX,5,May,Q2,2025,833,773599.855991,718694.4132248,46415.99135946,8489.451405,102595.76125977,928.69,75
DXB-MUC,Star Air,XX,5,May,Q2,2025,822,754056.0,687147.64,45243.36,21665.0,75405.87,917.34,76
DXB-JNB,Star Air,XX,5,May,Q2,2025,769,739051.0,540544.94,44343.06,154163.0,44343.74,961.05,77
MIL-JFK,Star Air,XX,5,May,Q2,2025,833,735442.577715,654429.2325793,44126.5546629,36886.79048,98641.11304691,882.88,78
MUC-DXB,Star Air,XX,5,May,Q2,2025,750,733604.542199,679690.9608473,44016.27253194,9897.30882,98952.57448737,978.14,79
DXB-KUL,Star Air,XX,5,May,Q2,2025,635,677522.0,603744.68,40651.32,33126.0,40650.83,1066.96,80
JFK-MIL,Star Air,XX,5,May,Q2,2025,725,669663.50338,620492.405831,40179.8102028,8991.287347,89435.53443956,923.67,81
ADD-DXB,Star Air,XX,5,May,Q2,2025,805,660275.71104,611809.1635776,39616.5426624,8850.0048,87140.2531824,820.22,82
DXB-ADD,Star Air,XX,5,May,Q2,2025,627,613913.0,535949.22,36834.78,41129.0,36834.98,979.13,83
DXB-BHX,Star Air,XX,5,May,Q2,2025,643,608387.0,545056.78,36503.22,26827.0,60838.7,946.17,84
LGW-DXB,Star Air,XX,5,May,Q2,2025,656,604035.182154,558728.5720109,36242.11092924,9064.49921,80400.00126954,920.79,85
KUL-SYD,Star Air,XX,5,May,Q2,2025,550,595498.886446,552305.5783036,35729.93318676,7463.374955,92334.67519545,1082.73,86
SVO-DFW,Star Air,XX,5,May,Q2,2025,1,5803.46442,5455.2565548,348.2078652,0.0,638.3826774,5803.46,87
HAN-GVA,Star Air,XX,5,May,Q2,2025,2,5204.733409,4623.0133045,312.28400454,269.4361,312.28400599,2602.37,88
HAN-PEW,Star Air,XX,5,May,Q2,2025,2,4834.97789,4544.8792166,290.0986734,0.0,628.54713144,2417.49,89
CHC-SVO,Star Air,XX,5,May,Q2,2025,1,3256.211112,3060.8384453,195.37266672,0.0,553.49707728,3256.21,90
MUC-HAN,Star Air,XX,5,May,Q2,2025,1,2839.938187,2669.5418958,170.39629122,0.0,340.62378968,2839.94,91
SVO-AKL,Star Air,XX,5,May,Q2,2025,1,2527.518928,2375.8677923,151.65113568,0.0,505.50026984,2527.52,92
ORD-CMB,Star Air,XX,5,May,Q2,2025,1,2381.449208,2238.5622555,142.88695248,0.0,262.14175968,2381.45,93
ORD-HAN,Star Air,XX,5,May,Q2,2025,1,2373.202051,2230.8099279,142.39212306,0.0,308.36290947,2373.2,94
AKL-SVO,Star Air,XX,5,May,Q2,2025,1,2282.365428,2145.4235023,136.94192568,0.0,456.39113352,2282.37,95
SVO-FRA,Star Air,XX,5,May,Q2,2025,1,2158.849422,2029.3184567,129.53096532,0.0,215.88653304,2158.85,96
BLR-SVO,Star Air,XX,5,May,Q2,2025,1,1877.967096,1577.5009452,112.67802576,187.788125,225.35605152,1877.97,97
HYD-HAN,Star Air,XX,5,May,Q2,2025,2,1864.930345,1753.0345243,111.8958207,0.0,242.43837955,932.47,98
SVO-BKK,Star Air,XX,5,May,Q2,2025,1,1729.362393,1625.6006494,103.76174358,0.0,293.99279994,1729.36,99
SVO-ADD,Star Air,XX,5,May,Q2,2025,1,1575.138608,1480.6302915,94.50831648,0.0,78.75732104,1575.14,100
HAN-CMB,Star Air,XX,5,May,Q2,2025,1,1318.96779,1239.8297226,79.1380674,0.0,92.32774824,1318.97,101
KUL-HAN,Star Air,XX,5,May,Q2,2025,1,350.60412,329.5678728,21.0362472,0.0,56.14796712,350.6,102
MEL-DXB,Star Air,XX,6,June,Q2,2025,9077,36662270.800689,33723009.6338899,2199736.24804134,739524.918763,6818799.30766737,4039.03,1
DXB-MEL,Star Air,XX,6,June,Q2,2025,8068,33008922.0,30578079.68,1980535.32,450307.0,6142204.08,4091.34,2
SYD-DXB,Star Air,XX,6,June,Q2,2025,11666,29528523.509033,27208261.6605786,1771711.41054198,548550.43791,5452025.43884698,2531.16,3
DXB-SYD,Star Air,XX,6,June,Q2,2025,11256,28167597.0,26101323.18,1690055.82,376218.0,5192545.52,2502.45,4
DXB-BNE,Star Air,XX,6,June,Q2,2025,15298,28053552.0,26005929.88,1683213.12,364409.0,5187140.06,1833.81,5
BNE-DXB,Star Air,XX,6,June,Q2,2025,14691,27644873.304435,25476095.8963588,1658692.3982661,510085.009804,5084190.61030607,1881.76,6
YUL-DXB,Star Air,XX,6,June,Q2,2025,18522,17614285.357274,16243705.1149723,1056857.12143644,313723.120848,1748449.98280159,950.99,7
DXB-ORD,Star Air,XX,6,June,Q2,2025,4609,16706393.0,15476235.42,1002383.58,227774.0,1832803.24,3624.73,8
DXB-YUL,Star Air,XX,6,June,Q2,2025,17559,16400785.0,15201143.9,984047.1,215594.0,1638034.7,934.04,9
DXB-BKK,Star Air,XX,6,June,Q2,2025,7297,15348517.0,13928032.98,920911.02,499573.0,3101970.26,2103.4,10
ORD-DXB,Star Air,XX,6,June,Q2,2025,3923,14295033.51672,13101571.4379658,857702.0110032,335760.067764,1581561.62598642,3643.9,11
BKK-DXB,Star Air,XX,6,June,Q2,2025,6616,13758341.110154,12758306.2530966,825500.46660924,174534.390446,2741978.58064267,2079.56,12
IAH-DXB,Star Air,XX,6,June,Q2,2025,3132,11370290.475257,10448693.9963682,682217.42851542,239379.050388,1160490.69352744,3630.36,13
JFK-DXB,Star Air,XX,6,June,Q2,2025,2301,10108789.633979,9286745.7048531,606527.37803874,215516.551075,1024430.15217878,4393.22,14
SIN-DXB,Star Air,XX,6,June,Q2,2025,7422,9952315.342846,9143376.1583436,597138.92057076,211800.263929,1165056.95105622,1340.92,15
DXB-IAH,Star Air,XX,6,June,Q2,2025,2618,9481362.0,8774433.28,568881.72,138047.0,956970.48,3621.61,16
DXB-SIN,Star Air,XX,6,June,Q2,2025,6548,8960834.0,8303128.96,537650.04,120055.0,1050996.4,1368.48,17
DFW-DXB,Star Air,XX,6,June,Q2,2025,1951,8738273.65185,8052892.7898266,524296.419111,161084.442901,876068.53637599,4478.87,18
DXB-JFK,Star Air,XX,6,June,Q2,2025,2017,8716186.0,8064873.84,522971.16,128341.0,843974.26,4321.36,19
CPT-DXB,Star Air,XX,6,June,Q2,2025,3759,8625750.442141,7996873.8079292,517545.02652846,111331.607683,847202.1704677,2294.69,20
DXB-CPT,Star Air,XX,6,June,Q2,2025,3478,8011474.0,7340474.56,480688.44,190311.0,791090.17,2303.47,21
DXB-MIL,Star Air,XX,6,June,Q2,2025,5807,7980183.0,7405741.02,478810.98,95631.0,729816.02,1374.24,22
DXB-DFW,Star Air,XX,6,June,Q2,2025,1748,7754698.0,7181899.12,465281.88,107517.0,784916.93,4436.33,23
MRU-DXB,Star Air,XX,6,June,Q2,2025,3652,7539344.562524,6996960.6716551,452360.67375144,90023.217116,585183.117547,2064.44,24
MIL-DXB,Star Air,XX,6,June,Q2,2025,5176,7160218.352708,6546216.8732522,429613.10116248,184388.378286,648202.28146493,1383.35,25
DXB-CDG,Star Air,XX,6,June,Q2,2025,2365,6958591.0,6447369.54,417515.46,93706.0,657602.94,2942.32,26
DXB-COK,Star Air,XX,6,June,Q2,2025,7602,6938665.0,6020253.1,416319.9,502092.0,681051.9,912.74,27
DXB-MRU,Star Air,XX,6,June,Q2,2025,3327,6832903.0,6108853.82,409974.18,314075.0,543017.33,2053.77,28
YYZ-DXB,Star Air,XX,6,June,Q2,2025,1637,6709990.777093,6170727.1325612,402599.44662558,136664.197904,738112.01305128,4098.96,29
CCU-DXB,Star Air,XX,6,June,Q2,2025,6442,6650344.153732,6173469.5086059,399020.64922392,77853.995902,533101.37123602,1032.34,30
COK-DXB,Star Air,XX,6,June,Q2,2025,7524,6635131.182885,6149880.1805015,398107.8709731,87143.131408,635621.40456999,881.86,31
LHE-DXB,Star Air,XX,6,June,Q2,2025,6901,6562498.69702,6085354.3596417,393749.9218212,83394.415556,612276.76125403,950.95,32
CDG-DXB,Star Air,XX,6,June,Q2,2025,2190,6495585.066135,5958594.1644456,389735.1039681,147255.797716,599880.42178071,2966.02,33
DXB-CCU,Star Air,XX,6,June,Q2,2025,5652,5916880.0,5074146.2,355012.8,487721.0,471536.28,1046.86,34
DXB-YYZ,Star Air,XX,6,June,Q2,2025,1333,5733622.0,5312297.68,344017.32,77307.0,630698.15,4301.29,35
LHR-DXB,Star Air,XX,6,June,Q2,2025,3201,5287045.708693,4823618.6174256,317222.74252158,146204.34875,406556.57864699,1651.69,36
DXB-LHE,Star Air,XX,6,June,Q2,2025,5507,5264328.0,3750971.32,315859.68,1197497.0,483748.09,955.93,37
DXB-ZRH,Star Air,XX,6,June,Q2,2025,1617,5015413.0,4648325.22,300924.78,66163.0,371791.74,3101.68,38
DXB-LHR,Star Air,XX,6,June,Q2,2025,2680,4396799.0,4075609.06,263807.94,57382.0,329390.34,1640.6,39
ZRH-DXB,Star Air,XX,6,June,Q2,2025,1408,4256068.262335,3895224.575499,255364.0957401,105479.591093,316605.06787655,3022.78,40
DXB-PEW,Star Air,XX,6,June,Q2,2025,3032,4107982.0,3130433.08,246478.92,731070.0,301220.57,1354.88,41
DXB-AKL,Star Air,XX,6,June,Q2,2025,1448,3384980.0,3142546.2,203098.8,39335.0,526422.64,2337.69,42
DUB-DXB,Star Air,XX,6,June,Q2,2025,799,3360343.403614,3100811.6122925,201620.60421684,57911.187104,980981.73930603,4205.69,43
SIN-MEL,Star Air,XX,6,June,Q2,2025,844,3290962.858252,3058998.2557349,197457.77149512,34506.831022,1376149.25588438,3899.25,44
AKL-DXB,Star Air,XX,6,June,Q2,2025,1403,3282582.158544,3027275.0985599,196954.92951264,58352.130472,524134.53018695,2339.69,45
DXB-DUB,Star Air,XX,6,June,Q2,2025,803,3277329.0,3023146.26,196639.74,57543.0,589918.63,4081.36,46
DXB-CHC,Star Air,XX,6,June,Q2,2025,2980,3186357.0,2950425.58,191181.42,44750.0,494846.81,1069.25,47
PEW-DXB,Star Air,XX,6,June,Q2,2025,2277,3182008.405293,2947729.039336,190920.50431758,43358.861641,226539.46949538,1397.46,48
DXB-MAA,Star Air,XX,6,June,Q2,2025,3530,3166244.0,2757497.36,189974.64,218772.0,348285.36,896.95,49
MAA-DXB,Star Air,XX,6,June,Q2,2025,3532,3109778.921977,2887315.6433339,186586.73531862,35876.543327,342073.35070249,880.46,50
CHC-DXB,Star Air,XX,6,June,Q2,2025,2879,3063078.116481,2826116.8625262,183784.68698886,53176.56697,473186.65977767,1063.94,51
HAN-DXB,Star Air,XX,6,June,Q2,2025,1528,2575027.617582,2387351.7672928,154501.65705492,33174.193235,412004.41879115,1685.23,52
DXB-HAN,Star Air,XX,6,June,Q2,2025,1294,2174265.0,-38760792.9,130455.9,40804602.0,347881.79,1680.27,53
FRA-DXB,Star Air,XX,6,June,Q2,2025,773,2159095.090813,1975185.1898344,129545.70544878,54364.195531,215904.96020437,2793.14,54
DXB-GVA,Star Air,XX,6,June,Q2,2025,908,2129676.0,1943417.44,127780.56,58478.0,234265.11,2345.46,55
KHI-DXB,Star Air,XX,6,June,Q2,2025,2164,2099736.941352,1947889.7966932,125984.21648112,25862.928177,224307.58751639,970.3,56
DXB-FRA,Star Air,XX,6,June,Q2,2025,668,1923749.0,1775960.06,115424.94,32364.0,192375.88,2879.86,57
MEL-SIN,Star Air,XX,6,June,Q2,2025,464,1889398.33604,1729893.8380172,113363.9001624,46140.59786,340089.48725517,4071.98,58
DXB-KHI,Star Air,XX,6,June,Q2,2025,1891,1860349.0,1362866.06,111620.94,385862.0,197413.36,983.79,59
DXB-DEL,Star Air,XX,6,June,Q2,2025,1651,1548589.0,1348446.66,92915.34,107227.0,170344.94,937.97,60
DEL-DXB,Star Air,XX,6,June,Q2,2025,1563,1479566.387571,1367589.7811698,88773.98325426,23202.623145,162752.30898501,946.62,61
BOM-DXB,Star Air,XX,6,June,Q2,2025,1519,1464639.080888,1358634.0447288,87878.34485328,18126.691306,147364.39567652,964.21,62
DXB-BOM,Star Air,XX,6,June,Q2,2025,1488,1425238.0,1227706.72,85514.28,112017.0,144457.8,957.82,63
SVO-DXB,Star Air,XX,6,June,Q2,2025,867,1372828.438802,1273882.5296728,82369.70632812,16576.202801,123554.48600049,1583.42,64
GVA-DXB,Star Air,XX,6,June,Q2,2025,572,1311302.607685,1216141.1591565,78678.1564611,16483.292069,172696.99388024,2292.49,65
KUL-DXB,Star Air,XX,6,June,Q2,2025,946,1073334.419746,996468.0406957,64400.06518476,12466.313865,147027.8149663,1134.6,66
DXB-SVO,Star Air,XX,6,June,Q2,2025,632,926870.0,812785.8,55612.2,58472.0,83418.26,1466.57,67
HYD-DXB,Star Air,XX,6,June,Q2,2025,908,867793.63546,803332.1860174,52067.6181276,12393.831315,43389.72446212,955.72,68
CMB-DXB,Star Air,XX,6,June,Q2,2025,844,865523.073112,801585.7906485,51931.38438672,12005.898076,14905.45989636,1025.5,69
DXB-LGW,Star Air,XX,6,June,Q2,2025,915,842903.0,739528.82,50574.18,52800.0,50574.42,921.21,70
JNB-DXB,Star Air,XX,6,June,Q2,2025,862,824557.136141,765608.4993113,49473.42816846,9475.208661,112305.98175724,956.56,71
DXB-JNB,Star Air,XX,6,June,Q2,2025,748,728925.0,532408.5,43735.5,152781.0,43735.89,974.5,72
MIL-JFK,Star Air,XX,6,June,Q2,2025,757,718139.867291,610079.1341534,43088.39203746,64972.341103,95075.89758499,948.67,73
DXB-CMB,Star Air,XX,6,June,Q2,2025,688,709693.0,599768.42,42581.58,67343.0,42580.55,1031.53,74
DXB-MUC,Star Air,XX,6,June,Q2,2025,754,701669.0,620230.86,42100.14,39338.0,70166.8,930.6,75
SYD-KUL,Star Air,XX,6,June,Q2,2025,658,688934.431993,634862.0687776,41336.06591958,12736.297296,155827.01208751,1047.01,76
DXB-HYD,Star Air,XX,6,June,Q2,2025,715,672292.0,575365.48,40337.52,56589.0,33614.23,940.27,77
DXB-ADD,Star Air,XX,6,June,Q2,2025,685,642700.0,524565.0,38562.0,79573.0,38562.64,938.25,78
JFK-MIL,Star Air,XX,6,June,Q2,2025,680,627049.93163,581922.2584787,37622.9958978,7504.677254,84543.12618736,922.13,79
BHX-DXB,Star Air,XX,6,June,Q2,2025,636,590723.108313,546718.9349094,35443.38649878,8560.786903,78095.17142568,928.81,80
ADD-DXB,Star Air,XX,6,June,Q2,2025,683,558526.86048,516118.3101312,33511.6116288,8896.93872,73711.9089648,817.76,81
DXB-KUL,Star Air,XX,6,June,Q2,2025,521,557672.0,478513.68,33460.32,45698.0,33460.87,1070.39,82
KUL-SYD,Star Air,XX,6,June,Q2,2025,493,508649.168599,471211.7363611,30518.95011594,6918.482122,78869.66713345,1031.74,83
MUC-DXB,Star Air,XX,6,June,Q2,2025,549,487851.061887,453063.9065493,29271.06371322,5516.091622,66961.65021171,888.62,84
LGW-DXB,Star Air,XX,6,June,Q2,2025,537,472364.301565,437277.6013948,28341.8580939,6744.842075,64106.85242411,879.64,85
DXB-BHX,Star Air,XX,6,June,Q2,2025,429,372161.0,306904.34,22329.66,42927.0,37216.18,867.51,86
MUC-HAN,Star Air,XX,6,June,Q2,2025,1,2822.894644,2653.5209654,169.37367864,0.0,338.5728352,2822.89,87
FRA-HAN,Star Air,XX,6,June,Q2,2025,1,2459.120164,2311.5729542,147.54720984,0.0,245.99344422,2459.12,88
ORD-HAN,Star Air,XX,6,June,Q2,2025,1,2356.674132,2215.2736841,141.40044792,0.0,306.40570944,2356.67,89
HAN-SVO,Star Air,XX,6,June,Q2,2025,1,1747.48464,1642.6355616,104.8490784,0.0,227.17300608,1747.48,90
MEL-HAN,Star Air,XX,6,June,Q2,2025,1,1458.31067,1012.4136448,87.4986402,358.398385,262.61950625,1458.31,91
KUL-LHE,Star Air,XX,6,June,Q2,2025,1,1397.973,1314.09462,83.87838,0.0,139.78917225,1397.97,92
HYD-HAN,Star Air,XX,6,June,Q2,2025,1,896.895486,843.0817568,53.81372916,0.0,116.59381524,896.9,93
MEL-DXB,Star Air,XX,7,July,Q3,2025,9514,38145606.271581,35054156.9144877,2288736.37629486,802712.980793,7097061.74186427,4009.42,1
DXB-MEL,Star Air,XX,7,July,Q3,2025,8495,33341146.0,30914844.24,2000468.76,425833.0,6223959.29,3924.8,2
DXB-BNE,Star Air,XX,7,July,Q3,2025,16479,30206439.0,28014612.66,1812386.34,379440.0,5564209.25,1833.03,3
SYD-DXB,Star Air,XX,7,July,Q3,2025,11820,28835466.149569,26529709.4008824,1730127.96897414,575628.779718,5303961.12078714,2439.55,4
DXB-SYD,Star Air,XX,7,July,Q3,2025,11214,27457338.0,25464487.72,1647440.28,345410.0,5089426.5,2448.49,5
BNE-DXB,Star Air,XX,7,July,Q3,2025,13739,25322148.463586,23293003.9599415,1519328.90781516,509815.595833,4641066.95068061,1843.09,6
DXB-YUL,Star Air,XX,7,July,Q3,2025,19075,17665251.0,16383475.94,1059915.06,221860.0,1767252.02,926.09,7
YUL-DXB,Star Air,XX,7,July,Q3,2025,18900,17552066.624309,16131413.5082315,1053123.99745854,367529.118519,1750916.93033149,928.68,8
DXB-BKK,Star Air,XX,7,July,Q3,2025,7278,14929691.0,13342994.54,895781.46,690915.0,3014662.42,2051.35,9
DXB-ORD,Star Air,XX,7,July,Q3,2025,4264,14853144.0,13783571.36,891188.64,178384.0,1628298.59,3483.38,10
BKK-DXB,Star Air,XX,7,July,Q3,2025,7178,14453785.603684,13404861.6738246,867227.13622104,181696.793642,2890961.69943815,2013.62,11
ORD-DXB,Star Air,XX,7,July,Q3,2025,3704,13176765.219613,12062952.8426761,790605.91317678,323206.463746,1449161.30326369,3557.44,12
IAH-DXB,Star Air,XX,7,July,Q3,2025,3465,11940911.84023,10916385.0569084,716454.7104138,308072.072894,1216360.2693671,3446.15,13
JFK-DXB,Star Air,XX,7,July,Q3,2025,2693,11428675.986184,10481944.9054227,685720.55917104,261010.521599,1147028.02143794,4243.85,14
SIN-DXB,Star Air,XX,7,July,Q3,2025,7475,9847927.43479,9037170.6031176,590875.6460874,219881.185542,1153099.62708704,1317.45,15
DXB-SIN,Star Air,XX,7,July,Q3,2025,6824,9420960.0,8725634.4,565257.6,130068.0,1104022.74,1380.56,16
DFW-DXB,Star Air,XX,7,July,Q3,2025,2080,9084976.902062,8342662.8190376,545098.61412372,197215.468892,911493.7419354,4367.78,17
CPT-DXB,Star Air,XX,7,July,Q3,2025,3790,8624834.040756,8005048.8386797,517490.04244536,102295.15963,853215.65985619,2275.68,18
DXB-JFK,Star Air,XX,7,July,Q3,2025,1993,8408738.0,7796519.72,504524.28,107694.0,833471.68,4219.14,19
DXB-IAH,Star Air,XX,7,July,Q3,2025,2355,8105509.0,7518838.46,486330.54,100340.0,821569.56,3441.83,20
DXB-CPT,Star Air,XX,7,July,Q3,2025,3414,7794714.0,7124293.16,467682.84,202738.0,754672.86,2283.16,21
MRU-DXB,Star Air,XX,7,July,Q3,2025,3765,7788286.549764,7226185.1815068,467297.19298584,94804.175273,598227.77856832,2068.6,22
DXB-DFW,Star Air,XX,7,July,Q3,2025,1777,7687100.0,7126517.0,461226.0,99357.0,777247.61,4325.89,23
DXB-MIL,Star Air,XX,7,July,Q3,2025,5372,7192562.0,6666085.28,431553.72,94923.0,648678.89,1338.9,24
COK-DXB,Star Air,XX,7,July,Q3,2025,8244,7167729.508262,6652463.4617997,430063.77049572,85202.275968,685730.4115012,869.45,25
DXB-COK,Star Air,XX,7,July,Q3,2025,7930,6982484.0,5839429.96,418949.04,724105.0,684407.6,880.52,26
MIL-DXB,Star Air,XX,7,July,Q3,2025,5329,6859362.727457,6258510.5249264,411561.76364742,189290.438935,627151.85069599,1287.18,27
LHE-DXB,Star Air,XX,7,July,Q3,2025,7090,6709569.104621,6230832.5562773,402574.14627726,76162.402068,617452.79408258,946.34,28
DXB-MRU,Star Air,XX,7,July,Q3,2025,3335,6656107.0,5821613.58,399366.42,435127.0,523282.11,1995.83,29
CCU-DXB,Star Air,XX,7,July,Q3,2025,6344,6558898.232598,6089003.006331,393533.89395588,76361.332314,532153.63839616,1033.87,30
YYZ-DXB,Star Air,XX,7,July,Q3,2025,1566,6372239.147716,5858338.3356529,382334.34886296,131566.463203,700961.88813595,4069.12,31
DXB-CCU,Star Air,XX,7,July,Q3,2025,5885,6180568.0,5215968.92,370834.08,593765.0,487362.99,1050.22,32
CDG-DXB,Star Air,XX,7,July,Q3,2025,2189,5973882.253773,5461105.1254469,358432.93522638,154344.193081,547509.7504451,2729.05,33
DXB-CDG,Star Air,XX,7,July,Q3,2025,2079,5792290.0,5355557.6,347537.4,89195.0,546489.24,2786.09,34
LHR-DXB,Star Air,XX,7,July,Q3,2025,3346,5525767.116451,5024855.5591415,331546.02698706,169365.53033,417781.85931773,1651.45,35
DXB-ZRH,Star Air,XX,7,July,Q3,2025,1849,5483581.0,5100965.14,329014.86,53601.0,402235.22,2965.7,36
DXB-LHE,Star Air,XX,7,July,Q3,2025,5728,5377147.0,3658886.18,322628.82,1395632.0,493064.2,938.75,37
DXB-YYZ,Star Air,XX,7,July,Q3,2025,1280,5183819.0,4802954.86,311029.14,69835.0,570219.11,4049.86,38
DXB-LHR,Star Air,XX,7,July,Q3,2025,2731,4246400.0,3945982.0,254784.0,45634.0,333908.07,1554.89,39
ZRH-DXB,Star Air,XX,7,July,Q3,2025,1419,4213916.107154,3840442.5810593,252834.96642924,120638.559664,315414.58402426,2969.64,40
DXB-AKL,Star Air,XX,7,July,Q3,2025,1673,3948712.0,3659406.28,236922.72,52383.0,612772.01,2360.26,41
PEW-DXB,Star Air,XX,7,July,Q3,2025,2696,3771368.610558,3501541.1830273,226282.11663348,43545.310896,273378.04091802,1398.88,42
DXB-PEW,Star Air,XX,7,July,Q3,2025,2678,3701018.0,2530313.92,222061.08,948643.0,268457.93,1382.01,43
SIN-MEL,Star Air,XX,7,July,Q3,2025,913,3684995.796216,3411096.5305653,221099.74777296,52799.517883,1519686.37071,4036.14,44
AKL-DXB,Star Air,XX,7,July,Q3,2025,1527,3605067.801085,3321204.6081622,216304.0680651,67559.124856,566823.83687538,2360.88,45
DXB-MAA,Star Air,XX,7,July,Q3,2025,3864,3381537.0,2915814.78,202892.22,262830.0,371966.22,875.14,46
MAA-DXB,Star Air,XX,7,July,Q3,2025,3688,3222097.052152,2991660.4440482,193325.82312912,37110.784974,354428.22344816,873.67,47
DXB-CHC,Star Air,XX,7,July,Q3,2025,3037,3210398.0,2974596.12,192623.88,43178.0,497860.08,1057.1,48
CHC-DXB,Star Air,XX,7,July,Q3,2025,3043,3122125.258519,2876665.5671911,187327.51551114,58132.175816,482188.71674562,1026.0,49
HAN-DXB,Star Air,XX,7,July,Q3,2025,1735,2954603.688699,2733903.7438904,177276.22132194,43423.723487,472736.59027911,1702.94,50
DXB-DUB,Star Air,XX,7,July,Q3,2025,687,2920901.0,2702149.94,175254.06,43497.0,525761.34,4251.68,51
DUB-DXB,Star Air,XX,7,July,Q3,2025,711,2844286.398677,2618793.9099912,170657.18392062,54835.304771,830331.67883816,4000.4,52
KHI-DXB,Star Air,XX,7,July,Q3,2025,2410,2351836.88468,2187230.6507174,141110.2130808,23496.020882,252592.51961802,975.87,53
DXB-HAN,Star Air,XX,7,July,Q3,2025,1203,2073514.0,-40464417.84,124410.84,42413521.0,331764.52,1723.62,54
DXB-KHI,Star Air,XX,7,July,Q3,2025,1907,1871555.0,1032550.7,112293.3,726711.0,199082.58,981.41,55
FRA-DXB,Star Air,XX,7,July,Q3,2025,691,1807201.721863,1656270.4325414,108432.10331178,42499.186013,180721.63721515,2615.34,56
DXB-FRA,Star Air,XX,7,July,Q3,2025,683,1765019.0,1638373.86,105901.14,20744.0,176501.91,2584.22,57
DXB-GVA,Star Air,XX,7,July,Q3,2025,735,1663055.0,1521138.7,99783.3,42133.0,182936.74,2262.66,58
DXB-BOM,Star Air,XX,7,July,Q3,2025,1631,1534973.0,1303530.62,92098.38,139344.0,155985.35,941.12,59
MEL-SIN,Star Air,XX,7,July,Q3,2025,414,1507915.367234,1383560.5519399,90474.92203404,33879.89326,271421.01618148,3642.31,60
GVA-DXB,Star Air,XX,7,July,Q3,2025,674,1462761.465621,1361280.6859266,87765.68793726,13715.091757,201601.72804633,2170.27,61
DXB-DEL,Star Air,XX,7,July,Q3,2025,1500,1406512.0,1199854.28,84390.72,122267.0,154716.12,937.67,62
DEL-DXB,Star Air,XX,7,July,Q3,2025,1506,1377095.179126,1278660.6889481,82625.71074756,15808.77943,151480.50950306,914.41,63
BOM-DXB,Star Air,XX,7,July,Q3,2025,1457,1365498.924444,1266988.5248989,81929.93546664,16580.464078,138467.2906666,937.2,64
SVO-DXB,Star Air,XX,7,July,Q3,2025,904,1349639.398298,1252437.7244196,80978.36389788,16223.309981,121467.50565043,1492.96,65
CMB-DXB,Star Air,XX,7,July,Q3,2025,986,1020356.646251,948155.9984304,61221.39877506,10979.249046,17571.89449124,1034.84,66
DXB-JNB,Star Air,XX,7,July,Q3,2025,936,924187.0,582965.78,55451.22,285770.0,55451.74,987.38,67
SYD-KUL,Star Air,XX,7,July,Q3,2025,865,907400.475413,834937.837138,54444.02852478,18018.60975,205251.99972054,1049.02,68
KUL-DXB,Star Air,XX,7,July,Q3,2025,873,895379.813406,828631.4077542,53722.78880436,13025.616848,121779.29424466,1025.64,69
DXB-SVO,Star Air,XX,7,July,Q3,2025,602,886849.0,752561.06,53210.94,81077.0,79816.66,1473.17,70
HYD-DXB,Star Air,XX,7,July,Q3,2025,888,821648.56241,763822.8893078,49298.9137446,8526.759358,41082.43103188,925.28,71
JNB-DXB,Star Air,XX,7,July,Q3,2025,806,801344.702485,746672.9964769,48080.6821491,6591.023858,107752.65267135,994.22,72
DXB-CMB,Star Air,XX,7,July,Q3,2025,818,794101.0,654336.94,47646.06,92118.0,47645.39,970.78,73
MIL-JFK,Star Air,XX,7,July,Q3,2025,879,787259.941954,655825.7993211,47235.59651724,84198.546108,106160.25908519,895.63,74
DXB-LGW,Star Air,XX,7,July,Q3,2025,875,779652.0,669815.88,46779.12,63057.0,46779.01,891.03,75
DXB-KUL,Star Air,XX,7,July,Q3,2025,750,777686.0,661205.84,46661.16,69819.0,46660.96,1036.91,76
DXB-HYD,Star Air,XX,7,July,Q3,2025,744,720258.0,641510.52,43215.48,35532.0,36013.41,968.09,77
DXB-ADD,Star Air,XX,7,July,Q3,2025,737,682144.0,524623.36,40928.64,116592.0,40929.13,925.57,78
BHX-DXB,Star Air,XX,7,July,Q3,2025,774,671311.945961,624239.9931889,40278.71675766,6793.236009,92131.44347644,867.33,79
DXB-MUC,Star Air,XX,7,July,Q3,2025,723,651452.0,559476.88,39087.12,52888.0,65144.88,901.04,80
KUL-SYD,Star Air,XX,7,July,Q3,2025,618,589057.302987,547267.1448536,35343.43817922,6446.719954,91336.29718597,953.17,81
JFK-MIL,Star Air,XX,7,July,Q3,2025,628,542569.91722,504181.6410205,32554.1950332,5834.081167,73699.81375127,863.96,82
LGW-DXB,Star Air,XX,7,July,Q3,2025,579,514865.293613,478318.465007,30891.91761678,5654.910984,69496.88226964,889.23,83
ADD-DXB,Star Air,XX,7,July,Q3,2025,596,494414.39544,457801.5669936,29664.8637264,6947.96472,65250.6304128,829.55,84
DXB-BHX,Star Air,XX,7,July,Q3,2025,555,475456.0,388469.64,28527.36,58459.0,47546.07,856.68,85
MUC-DXB,Star Air,XX,7,July,Q3,2025,505,422510.347928,392366.01823,25350.62087568,4793.708821,56608.31198272,836.65,86
YYZ-HAN,Star Air,XX,7,July,Q3,2025,1,2830.22385,1909.365651,169.813431,751.044768,509.21939748,2830.22,87
ADD-HAN,Star Air,XX,7,July,Q3,2025,1,2734.8972,2570.803368,164.093832,0.0,164.0933376,2734.9,88
SVO-JFK,Star Air,XX,7,July,Q3,2025,1,2460.1304,2312.522576,147.607824,0.0,418.225176,2460.13,89
HAN-GVA,Star Air,XX,7,July,Q3,2025,1,2295.233442,2157.5194355,137.71400652,0.0,137.71400944,2295.23,90
SIN-HAN,Star Air,XX,7,July,Q3,2025,1,536.607428,-1033143.8605817,32.19644568,1033648.271564,96.34293567,536.61,91
MEL-DXB,Star Air,XX,8,August,Q3,2025,10053,39035857.391959,35880815.5277192,2342151.44351754,812890.420717,7237642.13129757,3883.01,1
DXB-MEL,Star Air,XX,8,August,Q3,2025,9521,37100766.0,34422960.04,2226045.96,451760.0,6916511.71,3896.73,2
DXB-BNE,Star Air,XX,8,August,Q3,2025,19153,34120756.0,31630971.64,2047245.36,442539.0,6307596.41,1781.48,3
DXB-SYD,Star Air,XX,8,August,Q3,2025,13250,32177334.0,29825273.96,1930640.04,421420.0,5979009.49,2428.48,4
SYD-DXB,Star Air,XX,8,August,Q3,2025,13135,31634237.624587,29122015.6893436,1898054.25747522,614167.677773,5827630.29720411,2408.39,5
BNE-DXB,Star Air,XX,8,August,Q3,2025,15552,27729105.732526,25514740.7460765,1663746.34395156,550618.642424,5094616.67794202,1782.99,6
DXB-YUL,Star Air,XX,8,August,Q3,2025,21960,20205864.0,18742197.16,1212351.84,251315.0,2011560.18,920.12,7
YUL-DXB,Star Air,XX,8,August,Q3,2025,21538,20024445.638185,18412024.9591877,1201466.7382911,410953.940668,1997726.14145365,929.73,8
DXB-ORD,Star Air,XX,8,August,Q3,2025,5114,17867111.0,16572350.34,1072026.66,222734.0,1953137.31,3493.76,9
BKK-DXB,Star Air,XX,8,August,Q3,2025,8144,16847983.33294,15631724.9632872,1010878.9999764,205379.369677,3361731.26220792,2068.76,10
DXB-BKK,Star Air,XX,8,August,Q3,2025,7958,16197315.0,14517550.1,971838.9,707926.0,3267498.39,2035.35,11
ORD-DXB,Star Air,XX,8,August,Q3,2025,4398,15123850.711866,13849436.4767782,907431.04271196,366983.192391,1667047.81177803,3438.8,12
IAH-DXB,Star Air,XX,8,August,Q3,2025,3710,12885469.433737,11775612.8265584,773128.16602422,336728.441168,1309903.0141124,3473.17,13
SIN-DXB,Star Air,XX,8,August,Q3,2025,9234,12323293.531092,11320418.0436428,739397.61186552,263477.87552,1444168.51429718,1334.56,14
JFK-DXB,Star Air,XX,8,August,Q3,2025,2903,11759983.309845,10771424.6013321,705598.9985907,282959.709911,1180413.91068364,4050.98,15
DFW-DXB,Star Air,XX,8,August,Q3,2025,2771,11630224.829232,10706023.5509517,697813.48975392,226387.788536,1173903.9762924,4197.12,16
DXB-DFW,Star Air,XX,8,August,Q3,2025,2556,10663855.0,9881556.7,639831.3,142467.0,1067939.09,4172.09,17
DXB-SIN,Star Air,XX,8,August,Q3,2025,8027,10663243.0,9887518.42,639794.58,135930.0,1251524.21,1328.42,18
DXB-JFK,Star Air,XX,8,August,Q3,2025,2396,10070218.0,9333380.92,604213.08,132624.0,1009466.14,4202.93,19
DXB-IAH,Star Air,XX,8,August,Q3,2025,2724,9315425.0,8638005.5,558925.5,118494.0,941677.93,3419.76,20
MRU-DXB,Star Air,XX,8,August,Q3,2025,4662,9302780.481069,8630899.1963152,558166.82886414,113714.455893,735683.09868471,1995.45,21
DXB-CPT,Star Air,XX,8,August,Q3,2025,3976,8804181.0,8077850.14,528250.86,198080.0,859940.88,2214.33,22
CPT-DXB,Star Air,XX,8,August,Q3,2025,3799,8483634.442322,7867319.5200437,509018.06653932,107296.855735,834362.14425018,2233.12,23
DXB-COK,Star Air,XX,8,August,Q3,2025,9402,8088655.0,6844350.7,485319.3,758985.0,781479.74,860.31,24
MIL-DXB,Star Air,XX,8,August,Q3,2025,6268,8002509.902837,7312019.0427785,480150.59417022,210340.265891,721974.6148305,1276.72,25
COK-DXB,Star Air,XX,8,August,Q3,2025,9043,7997929.109526,7418560.0415216,479875.74657156,99493.321433,763078.36408597,884.43,26
CCU-DXB,Star Air,XX,8,August,Q3,2025,7499,7825048.640346,7265548.3425877,469502.91842076,89997.37934,633997.86713752,1043.48,27
DXB-MIL,Star Air,XX,8,August,Q3,2025,5993,7753807.0,7187534.58,465228.42,101044.0,703118.21,1293.81,28
DXB-MRU,Star Air,XX,8,August,Q3,2025,3788,7718947.0,6817693.18,463136.82,438117.0,605117.48,2037.74,29
YYZ-DXB,Star Air,XX,8,August,Q3,2025,1797,7695453.158663,7056361.128303,461727.18951978,177364.840839,846515.91592168,4282.39,30
LHE-DXB,Star Air,XX,8,August,Q3,2025,7892,7345711.18618,6815148.8653137,440742.6711708,89819.649694,689991.45271506,930.78,31
CDG-DXB,Star Air,XX,8,August,Q3,2025,2410,6585951.014659,6011302.7049383,395157.06087954,179491.248847,613518.03731036,2732.76,32
DXB-LHE,Star Air,XX,8,August,Q3,2025,7214,6575767.0,4598820.98,394546.02,1582400.0,607892.11,911.53,33
DXB-CCU,Star Air,XX,8,August,Q3,2025,6372,6495971.0,5550626.74,389758.26,555586.0,515696.72,1019.46,34
DXB-YYZ,Star Air,XX,8,August,Q3,2025,1541,6111788.0,5655325.72,366707.28,89755.0,672292.12,3966.12,35
DXB-CDG,Star Air,XX,8,August,Q3,2025,2123,5807339.0,5385662.66,348440.34,73236.0,545173.79,2735.44,36
DXB-ZRH,Star Air,XX,8,August,Q3,2025,1853,5548694.0,5147529.36,332921.64,68243.0,395480.22,2994.44,37
LHR-DXB,Star Air,XX,8,August,Q3,2025,3503,5392938.320404,4921137.7839221,323576.29922424,148224.237255,405675.14533483,1539.52,38
ZRH-DXB,Star Air,XX,8,August,Q3,2025,1659,5067335.693896,4658494.2369213,304040.14163376,104801.315346,373173.84239228,3054.45,39
AKL-DXB,Star Air,XX,8,August,Q3,2025,2005,4598846.11894,4237125.9989503,275930.7671364,85789.352858,719361.44801107,2293.69,40
DXB-LHR,Star Air,XX,8,August,Q3,2025,2999,4567508.0,4240936.52,274050.48,52521.0,367522.19,1523.01,41
SIN-MEL,Star Air,XX,8,August,Q3,2025,1157,4528259.458973,4206331.8492043,271695.56753838,50232.042236,1880665.91387323,3913.79,42
PEW-DXB,Star Air,XX,8,August,Q3,2025,3194,4214137.194802,3907594.022076,252848.23168812,53694.941042,310411.59078226,1319.39,43
DXB-PEW,Star Air,XX,8,August,Q3,2025,3138,4163502.0,2904788.88,249810.12,1008903.0,294566.8,1326.8,44
DXB-MAA,Star Air,XX,8,August,Q3,2025,4620,4076537.0,3504000.78,244592.22,327944.0,448415.8,882.37,45
CHC-DXB,Star Air,XX,8,August,Q3,2025,3752,3820870.042471,3516725.929654,229252.20254826,74891.910273,590358.41801769,1018.36,46
DXB-AKL,Star Air,XX,8,August,Q3,2025,1688,3812892.0,3532489.48,228773.52,51629.0,592068.65,2258.82,47
MAA-DXB,Star Air,XX,8,August,Q3,2025,4060,3649076.586907,3391835.9878187,218944.59521442,38296.003875,401395.69932138,898.79,48
DXB-CHC,Star Air,XX,8,August,Q3,2025,3457,3510690.0,3250760.6,210641.4,49288.0,541176.69,1015.53,49
DUB-DXB,Star Air,XX,8,August,Q3,2025,845,3210578.654016,2956612.9618697,192634.71924096,61330.972906,937260.56307753,3799.5,50
HAN-DXB,Star Air,XX,8,August,Q3,2025,1933,3191648.685291,2955822.0748045,191498.92111746,44327.68937,510663.78999185,1651.14,51
DXB-DUB,Star Air,XX,8,August,Q3,2025,771,3006976.0,2784568.44,180418.56,41989.0,541254.66,3900.1,52
KHI-DXB,Star Air,XX,8,August,Q3,2025,2765,2577254.404547,2394148.177239,154635.26427282,28470.963037,276646.06243816,932.1,53
DXB-HAN,Star Air,XX,8,August,Q3,2025,1465,2384365.0,-66530606.9,143061.9,68771910.0,381497.3,1627.55,54
FRA-DXB,Star Air,XX,8,August,Q3,2025,932,2350163.556139,2151991.5346194,141009.81336834,57162.208148,235013.22073678,2521.63,55
DXB-KHI,Star Air,XX,8,August,Q3,2025,2361,2251079.0,1521933.26,135064.74,594081.0,239562.36,953.44,56
DXB-FRA,Star Air,XX,8,August,Q3,2025,824,2112387.0,1962448.78,126743.22,23195.0,211238.74,2563.58,57
MEL-SIN,Star Air,XX,8,August,Q3,2025,567,2052250.946539,1889429.378655,123135.05679234,39686.511091,369406.37582787,3619.49,58
DXB-GVA,Star Air,XX,8,August,Q3,2025,849,2016274.0,1840537.56,120976.44,54760.0,221791.02,2374.88,59
BOM-DXB,Star Air,XX,8,August,Q3,2025,1923,1823045.485181,1689612.2621619,109382.72911086,24050.493907,183052.82536053,948.02,60
GVA-DXB,Star Air,XX,8,August,Q3,2025,796,1746063.023034,1621824.0763536,104763.78138204,19475.165298,232130.16580938,2193.55,61
DXB-BOM,Star Air,XX,8,August,Q3,2025,1656,1485314.0,1204377.16,89118.84,191818.0,151055.6,896.93,62
DXB-DEL,Star Air,XX,8,August,Q3,2025,1571,1418054.0,1199203.76,85083.24,133767.0,155983.61,902.64,63
DEL-DXB,Star Air,XX,8,August,Q3,2025,1451,1359413.864036,1263424.6719117,81564.83184216,14424.360281,149535.7597743,936.88,64
SVO-DXB,Star Air,XX,8,August,Q3,2025,866,1288019.244839,1196669.36593,77281.15469034,14068.724219,115921.7441419,1487.32,65
CMB-DXB,Star Air,XX,8,August,Q3,2025,1107,1119286.694483,1038428.5181769,67157.20166898,13700.974637,19275.608527,1011.1,66
DXB-SVO,Star Air,XX,8,August,Q3,2025,718,1078855.0,896598.7,64731.3,117525.0,97097.14,1502.58,67
DXB-JNB,Star Air,XX,8,August,Q3,2025,1075,1034099.0,750341.06,62045.94,221712.0,62046.61,961.95,68
DXB-CMB,Star Air,XX,8,August,Q3,2025,922,944356.0,801657.64,56661.36,86037.0,56660.53,1024.25,69
BHX-DXB,Star Air,XX,8,August,Q3,2025,1074,930199.295562,864746.6422697,55811.95773372,9640.695561,123451.71371973,866.11,70
KUL-DXB,Star Air,XX,8,August,Q3,2025,880,918409.263897,851040.6790292,55104.55583382,12264.029034,124571.59935524,1043.65,71
JNB-DXB,Star Air,XX,8,August,Q3,2025,934,911468.347983,847659.9094967,54688.10087898,9120.337608,123672.15335475,975.88,72
HYD-DXB,Star Air,XX,8,August,Q3,2025,944,904084.053346,837925.4284516,54245.04320076,11913.581694,45204.24634621,957.72,73
JFK-MIL,Star Air,XX,8,August,Q3,2025,1032,879332.976147,815930.7846138,52759.97856882,10642.212968,118101.94219667,852.07,74
KUL-SYD,Star Air,XX,8,August,Q3,2025,882,866283.827023,802600.7722204,51977.02962138,11706.025182,134320.34052015,982.18,75
DXB-KUL,Star Air,XX,8,August,Q3,2025,847,829061.0,663875.34,49743.66,115442.0,49742.7,978.82,76
MIL-JFK,Star Air,XX,8,August,Q3,2025,907,821785.373344,675044.4462824,49307.12240064,97433.804662,111369.88109708,906.05,77
DXB-LGW,Star Air,XX,8,August,Q3,2025,912,820961.0,697914.34,49257.66,73789.0,49258.49,900.18,78
DXB-HYD,Star Air,XX,8,August,Q3,2025,857,801923.0,697571.62,48115.38,56236.0,40095.79,935.73,79
SYD-KUL,Star Air,XX,8,August,Q3,2025,774,782666.744843,722179.7038355,46960.00469058,13527.036322,177033.7906803,1011.2,80
LGW-DXB,Star Air,XX,8,August,Q3,2025,856,736248.186383,684797.1953704,44174.89118298,7276.099831,100420.57546281,860.1,81
DXB-ADD,Star Air,XX,8,August,Q3,2025,720,664442.0,417972.48,39866.52,206603.0,39866.65,922.84,82
DXB-MUC,Star Air,XX,8,August,Q3,2025,745,638033.0,545660.02,38281.98,54091.0,63801.99,856.42,83
ADD-DXB,Star Air,XX,8,August,Q3,2025,929,628093.18848,584334.4826112,37685.5913088,6073.11456,82892.9682408,676.1,84
MUC-DXB,Star Air,XX,8,August,Q3,2025,641,544041.54581,505760.7503308,32642.4927486,5638.302732,72082.94613108,848.74,85
DXB-BHX,Star Air,XX,8,August,Q3,2025,628,535574.0,420236.56,32134.44,83203.0,53557.15,852.82,86
GVA-HAN,Star Air,XX,8,August,Q3,2025,2,4564.135654,4290.2875148,273.84813924,0.0,273.807119,2282.07,87
AKL-SVO,Star Air,XX,8,August,Q3,2025,1,2405.336396,2261.0162122,144.32018376,0.0,481.02447962,2405.34,88
HAN-CPT,Star Air,XX,8,August,Q3,2025,1,2344.282638,2203.6256797,140.65695828,0.0,140.65695828,2344.28,89
SVO-FRA,Star Air,XX,8,August,Q3,2025,1,1920.868992,1805.6168525,115.25213952,0.0,192.08544768,1920.87,90
KUL-LHE,Star Air,XX,8,August,Q3,2025,1,1410.194225,1325.5825715,84.6116535,0.0,141.0194225,1410.19,91
COK-HAN,Star Air,XX,8,August,Q3,2025,1,1295.022918,1217.3215429,77.70137508,0.0,77.70137508,1295.02,92
BLR-DXB,Star Air,XX,8,August,Q3,2025,1,775.647093,651.5573164,46.53882558,77.550951,85.32118023,775.65,93
KUL-HAN,Star Air,XX,8,August,Q3,2025,1,251.495154,236.4054448,15.08970924,0.0,40.27839834,251.5,94
DXB-MEL,Star Air,XX,9,September,Q3,2025,12911,49184913.0,45559165.22,2951094.78,674653.0,9196546.25,3809.54,1
MEL-DXB,Star Air,XX,9,September,Q3,2025,12339,48021349.935665,44238176.4434216,2881280.9961399,901892.496122,8881431.91913287,3891.83,2
DXB-BNE,Star Air,XX,9,September,Q3,2025,25236,45056370.0,41767128.8,2703382.2,585859.0,8328003.04,1785.4,3
SYD-DXB,Star Air,XX,9,September,Q3,2025,18277,43360858.816682,39963614.1554068,2601651.52900092,795593.13223,7986911.19590419,2372.43,4
DXB-SYD,Star Air,XX,9,September,Q3,2025,17028,40440894.0,37472819.36,2426453.64,541621.0,7511808.85,2374.96,5
BNE-DXB,Star Air,XX,9,September,Q3,2025,22749,40145433.467911,37005994.4651605,2408726.00807466,730712.99444,7395372.11203532,1764.71,6
DXB-YUL,Star Air,XX,9,September,Q3,2025,28816,25934174.0,24039703.56,1556050.44,338420.0,2576222.62,899.99,7
YUL-DXB,Star Air,XX,9,September,Q3,2025,28812,25821133.844335,23775889.2983183,1549268.0306601,495976.515404,2572332.22298025,896.19,8
BKK-DXB,Star Air,XX,9,September,Q3,2025,10889,21822484.564803,20229227.7373326,1309349.07388818,283907.75358,4360347.50364065,2004.09,9
DXB-ORD,Star Air,XX,9,September,Q3,2025,6367,21445791.0,19878437.54,1286747.46,280606.0,2343192.37,3368.27,10
DXB-BKK,Star Air,XX,9,September,Q3,2025,10834,21362609.0,19282955.46,1281756.54,797897.0,4279249.77,1971.81,11
ORD-DXB,Star Air,XX,9,September,Q3,2025,5612,18538623.104789,17004182.4138495,1112317.38628734,422123.304582,2045997.01146322,3303.39,12
IAH-DXB,Star Air,XX,9,September,Q3,2025,5024,16709180.396616,15335401.2042265,1002550.82379696,371228.368531,1704249.02766891,3325.87,13
DFW-DXB,Star Air,XX,9,September,Q3,2025,3950,16279833.559192,14977111.2781173,976790.01355152,325932.26749,1636741.34570866,4121.48,14
SIN-DXB,Star Air,XX,9,September,Q3,2025,11805,15330482.270917,14098484.712337,919828.93625502,312168.622292,1794111.00066806,1298.64,15
JFK-DXB,Star Air,XX,9,September,Q3,2025,3473,14047314.639717,12892875.1851337,842838.87838302,311600.576239,1398407.56937581,4044.72,16
DXB-SIN,Star Air,XX,9,September,Q3,2025,10577,13789499.0,12781504.06,827369.94,180625.0,1615159.83,1303.72,17
DXB-IAH,Star Air,XX,9,September,Q3,2025,3776,12827723.0,11906745.62,769663.38,151314.0,1300082.5,3397.17,18
DXB-JFK,Star Air,XX,9,September,Q3,2025,3088,12614852.0,11688447.88,756891.12,169513.0,1284323.63,4085.12,19
MRU-DXB,Star Air,XX,9,September,Q3,2025,6190,12374602.188685,11473790.014309,742476.1313211,158336.04305,1001375.52155569,1999.13,20
DXB-DFW,Star Air,XX,9,September,Q3,2025,2789,11826168.0,10968851.92,709570.08,147746.0,1188635.52,4240.29,21
DXB-CPT,Star Air,XX,9,September,Q3,2025,5261,11424077.0,10480519.38,685444.62,258113.0,1115493.63,2171.46,22
CPT-DXB,Star Air,XX,9,September,Q3,2025,5212,11362859.913044,10536595.8389789,681771.59478264,144492.479286,1099708.6688468,2180.13,23
YYZ-DXB,Star Air,XX,9,September,Q3,2025,2603,10436816.396509,9625143.401236,626208.98379054,185464.011482,1148069.73089528,4009.53,24
DXB-COK,Star Air,XX,9,September,Q3,2025,12131,10316030.0,8960149.2,618961.8,736919.0,1000467.55,850.39,25
MIL-DXB,Star Air,XX,9,September,Q3,2025,7723,10224272.297748,9352099.235579,613456.33786488,258716.72431,922584.91026741,1323.87,26
CCU-DXB,Star Air,XX,9,September,Q3,2025,9923,10011557.583864,9285202.5234131,600693.45503184,125661.605419,821851.25170333,1008.92,27
COK-DXB,Star Air,XX,9,September,Q3,2025,11584,9932907.251899,9211288.2502509,595974.43511394,125644.566535,953613.35254377,857.47,28
DXB-MIL,Star Air,XX,9,September,Q3,2025,7694,9879475.0,9165323.5,592768.5,121383.0,900173.01,1284.05,29
DXB-MRU,Star Air,XX,9,September,Q3,2025,4811,9745468.0,8716009.92,584728.08,444730.0,786373.14,2025.66,30
LHE-DXB,Star Air,XX,9,September,Q3,2025,10070,8996912.793436,8350779.7374457,539814.76760616,106318.288381,831813.7317618,893.44,31
DXB-YYZ,Star Air,XX,9,September,Q3,2025,2191,8618394.0,7992385.36,517103.64,108905.0,948021.43,3933.54,32
DXB-LHE,Star Air,XX,9,September,Q3,2025,9342,8396430.0,6215426.2,503785.8,1677218.0,785092.36,898.78,33
DXB-CCU,Star Air,XX,9,September,Q3,2025,8189,8244809.0,7122320.46,494688.54,627800.0,674877.96,1006.82,34
DXB-CDG,Star Air,XX,9,September,Q3,2025,2825,7713009.0,7154095.46,462780.54,96133.0,741770.02,2730.27,35
CDG-DXB,Star Air,XX,9,September,Q3,2025,2709,7675028.119709,7002259.3830865,460501.68718254,212267.049425,724186.13015684,2833.16,36
DXB-ZRH,Star Air,XX,9,September,Q3,2025,2394,7132836.0,6619593.84,427970.16,85272.0,502049.76,2979.46,37
LHR-DXB,Star Air,XX,9,September,Q3,2025,4597,6944200.903703,6364860.9753344,416652.05422218,162687.874139,522287.95922186,1510.59,38
DXB-LHR,Star Air,XX,9,September,Q3,2025,4342,6681147.0,6199158.18,400868.82,81120.0,525253.31,1538.73,39
PEW-DXB,Star Air,XX,9,September,Q3,2025,4392,5683746.291247,5271713.1269179,341024.77747482,71008.386852,413791.91840838,1294.11,40
ZRH-DXB,Star Air,XX,9,September,Q3,2025,1891,5604495.474247,5125725.101686,336269.72845482,142500.644098,417325.21638415,2963.77,41
AKL-DXB,Star Air,XX,9,September,Q3,2025,2490,5567660.195968,5134627.1716245,334059.61175808,98973.412598,869320.43549678,2236.01,42
DXB-PEW,Star Air,XX,9,September,Q3,2025,4067,5391380.0,3618575.2,323482.8,1449322.0,373301.79,1325.64,43
SIN-MEL,Star Air,XX,9,September,Q3,2025,1398,5340601.976206,4947249.0281721,320436.11857236,72916.829464,2197254.78084762,3820.17,44
DXB-MAA,Star Air,XX,9,September,Q3,2025,5863,4910328.0,4308690.32,294619.68,307018.0,540131.81,837.51,45
DXB-DUB,Star Air,XX,9,September,Q3,2025,1295,4896378.0,4532306.32,293782.68,70289.0,881350.05,3780.99,46
DXB-CHC,Star Air,XX,9,September,Q3,2025,4811,4747275.0,4397554.5,284836.5,64884.0,737297.86,986.75,47
MAA-DXB,Star Air,XX,9,September,Q3,2025,5260,4625685.610382,4295859.0654682,277541.13662292,52285.40829,508821.71242033,879.41,48
DXB-AKL,Star Air,XX,9,September,Q3,2025,1914,4372611.0,4043651.34,262356.66,66603.0,678094.94,2284.54,49
CHC-DXB,Star Air,XX,9,September,Q3,2025,4289,4311530.266544,3980428.8324272,258691.81599264,72409.618134,663699.89454543,1005.25,50
HAN-DXB,Star Air,XX,9,September,Q3,2025,2698,4267654.641717,3955945.6804137,256059.27850302,55649.6828,682824.74283228,1581.78,51
DUB-DXB,Star Air,XX,9,September,Q3,2025,1077,4211290.207487,3887230.0192341,252677.41244922,71382.775807,1229405.74340985,3910.2,52
FRA-DXB,Star Air,XX,9,September,Q3,2025,1475,3852755.860636,3541887.8136697,231165.35163816,79702.69534,385265.48123566,2612.04,53
KHI-DXB,Star Air,XX,9,September,Q3,2025,3951,3607542.97564,3345647.0357912,216452.5785384,45443.361312,387066.73910709,913.07,54
DXB-HAN,Star Air,XX,9,September,Q3,2025,2210,3519102.0,-65107539.12,211146.12,68415495.0,563058.35,1592.35,55
MEL-SIN,Star Air,XX,9,September,Q3,2025,916,3437614.420003,3174068.8495066,206256.86520018,57288.705299,618772.53349666,3752.85,56
DXB-KHI,Star Air,XX,9,September,Q3,2025,2903,2694968.0,1728145.92,161698.08,805124.0,289716.31,928.34,57
DXB-FRA,Star Air,XX,9,September,Q3,2025,1017,2604007.0,2419408.58,156240.42,28358.0,260401.72,2560.48,58
DXB-GVA,Star Air,XX,9,September,Q3,2025,1168,2602052.0,2360099.88,156123.12,85829.0,286226.08,2227.78,59
BOM-DXB,Star Air,XX,9,September,Q3,2025,2789,2451753.619788,2268992.1109468,147105.21718728,35656.291654,247429.59629651,879.08,60
GVA-DXB,Star Air,XX,9,September,Q3,2025,1024,2302034.86483,2130380.262166,138122.0918898,33532.510777,310175.46290391,2248.08,61
SVO-DXB,Star Air,XX,9,September,Q3,2025,1376,1961947.231286,1820389.7188597,117716.83387716,23840.678549,176575.25916424,1425.83,62
DXB-BOM,Star Air,XX,9,September,Q3,2025,2012,1836651.0,1562651.94,110199.06,163800.0,185862.26,912.85,63
DXB-SVO,Star Air,XX,9,September,Q3,2025,1229,1758757.0,1581468.58,105525.42,71763.0,158287.94,1431.05,64
DXB-DEL,Star Air,XX,9,September,Q3,2025,1908,1727840.0,1490299.6,103670.4,133870.0,190062.72,905.58,65
DEL-DXB,Star Air,XX,9,September,Q3,2025,1878,1720319.141706,1594530.3674143,103219.14850236,22569.62579,189235.29477365,916.04,66
CMB-DXB,Star Air,XX,9,September,Q3,2025,1599,1571669.595245,1457116.8961289,94300.1757147,20252.523402,27066.24283026,982.91,67
JFK-MIL,Star Air,XX,9,September,Q3,2025,1596,1330849.43929,1234450.1522001,79850.9663574,16548.320722,175862.94572273,833.87,68
DXB-LGW,Star Air,XX,9,September,Q3,2025,1454,1327168.0,1143098.92,79630.08,104439.0,79630.82,912.77,69
DXB-KUL,Star Air,XX,9,September,Q3,2025,1333,1300251.0,1119247.94,78015.06,102988.0,78015.08,975.43,70
DXB-CMB,Star Air,XX,9,September,Q3,2025,1229,1246870.0,1086238.8,74812.2,85819.0,74810.63,1014.54,71
JNB-DXB,Star Air,XX,9,September,Q3,2025,1301,1243012.78544,1153900.5160673,74580.7671264,14531.502245,169541.19833496,955.43,72
HYD-DXB,Star Air,XX,9,September,Q3,2025,1217,1119249.31106,1037091.1689248,67154.9586636,15003.183471,55962.51527336,919.68,73
SYD-KUL,Star Air,XX,9,September,Q3,2025,1058,1054933.296014,974079.803716,63295.99776084,17557.494542,238610.12785792,997.1,74
DXB-ADD,Star Air,XX,9,September,Q3,2025,1104,1030791.0,796731.54,61847.46,172212.0,61847.25,933.69,75
KUL-SYD,Star Air,XX,9,September,Q3,2025,945,1006589.24456,931307.5901236,60395.3546736,14886.299762,156077.45875383,1065.17,76
BHX-DXB,Star Air,XX,9,September,Q3,2025,1149,978403.843769,907214.881155,58704.23062614,12484.731996,131817.39746941,851.53,77
DXB-BHX,Star Air,XX,9,September,Q3,2025,1106,961166.0,842724.04,57669.96,60772.0,96116.83,869.05,78
DXB-JNB,Star Air,XX,9,September,Q3,2025,1041,950995.0,521218.3,57059.7,372717.0,57060.13,913.54,79
DXB-HYD,Star Air,XX,9,September,Q3,2025,999,930006.0,824839.64,55800.36,49366.0,46500.53,930.94,80
KUL-DXB,Star Air,XX,9,September,Q3,2025,926,924551.962674,857525.1744808,55473.11776044,11553.670432,124857.00587593,998.44,81
DXB-MUC,Star Air,XX,9,September,Q3,2025,1010,884018.0,787277.92,53041.08,43699.0,88400.14,875.27,82
ADD-DXB,Star Air,XX,9,September,Q3,2025,1147,874467.4776,812265.142704,52468.048656,9734.28624,115408.35264,762.4,83
MIL-JFK,Star Air,XX,9,September,Q3,2025,962,835566.03233,695052.0390183,50133.9619398,90380.031372,111887.5921314,868.57,84
LGW-DXB,Star Air,XX,9,September,Q3,2025,995,834099.752164,773398.7401736,50045.98512984,10655.026868,112373.97198306,838.29,85
MUC-DXB,Star Air,XX,9,September,Q3,2025,817,701749.982088,651035.3180081,42104.99892528,8609.665153,96069.5510829,858.94,86
DFW-SVO,Star Air,XX,9,September,Q3,2025,1,4543.046756,4270.4639506,272.58280536,0.0,499.84220632,4543.05,87
FRA-HAN,Star Air,XX,9,September,Q3,2025,1,2808.939768,2359.9218779,168.53638608,280.481504,280.85272952,2808.94,88
HAN-PEW,Star Air,XX,9,September,Q3,2025,1,2170.00211,2039.8019834,130.2001266,0.0,282.10027572,2170.0,89
BKK-SVO,Star Air,XX,9,September,Q3,2025,1,1703.992688,1601.7531267,102.23956128,0.0,289.68088058,1703.99,90
LHR-HAN,Star Air,XX,9,September,Q3,2025,1,1470.81088,1382.5622272,88.2486528,0.0,176.77308264,1470.81,91
SVO-BKK,Star Air,XX,9,September,Q3,2025,1,1365.295939,1283.3781827,81.91775634,0.0,232.09993932,1365.3,92
DFW-YUL,Star Air,XX,9,September,Q3,2025,1,1104.206202,1037.9538299,66.25237212,0.0,110.31236469,1104.21,93
SYD-AKL,Star Air,XX,9,September,Q3,2025,1,527.076734,495.45213,31.62460404,0.0,94.84883218,527.08,94
DXB-MEL,Star Air,XX,10,October,Q4,2025,1867,6986223.0,6465243.62,419173.38,101806.0,1299073.54,3741.95,1
MEL-DXB,Star Air,XX,10,October,Q4,2025,1649,6248504.069183,5755181.4421065,374910.24415098,118412.382927,1155704.74359673,3789.27,2
DXB-BNE,Star Air,XX,10,October,Q4,2025,3422,5999136.0,5556154.84,359948.16,83033.0,1109348.27,1753.11,3
SYD-DXB,Star Air,XX,10,October,Q4,2025,2451,5906578.258572,5449653.3780729,354394.69551432,102530.184981,1094959.52419233,2409.86,4
BNE-DXB,Star Air,XX,10,October,Q4,2025,3000,5287327.758466,4882635.2421185,317239.66550796,87452.850834,977996.56554029,1762.44,5
DXB-SYD,Star Air,XX,10,October,Q4,2025,2005,4720859.0,4372136.46,283251.54,65471.0,879943.72,2354.54,6
YUL-DXB,Star Air,XX,10,October,Q4,2025,3884,3607807.188524,3320842.9251641,216468.43131144,70495.832069,357401.11871287,928.89,7
DXB-YUL,Star Air,XX,10,October,Q4,2025,3889,3491496.0,3232646.24,209489.76,49360.0,345276.8,897.79,8
DXB-ORD,Star Air,XX,10,October,Q4,2025,932,3224861.0,2986994.34,193491.66,44375.0,353801.48,3460.15,9
DXB-BKK,Star Air,XX,10,October,Q4,2025,1540,3099427.0,2795764.38,185965.62,117697.0,615879.74,2012.61,10
BKK-DXB,Star Air,XX,10,October,Q4,2025,1514,2975533.503779,2757296.4918061,178532.01022674,39705.001746,595618.05918464,1965.35,11
ORD-DXB,Star Air,XX,10,October,Q4,2025,713,2535397.455261,2337573.871693,152123.84731566,45699.736253,279494.69643543,3555.96,12
DFW-DXB,Star Air,XX,10,October,Q4,2025,506,2091671.995677,1928092.9350511,125500.31974062,38078.740882,208308.30531496,4133.74,13
SIN-DXB,Star Air,XX,10,October,Q4,2025,1600,2052635.544765,1891688.2278985,123158.1326859,37789.184188,239840.22249252,1282.9,14
IAH-DXB,Star Air,XX,10,October,Q4,2025,581,2009116.451825,1832046.6921407,120546.9871095,56522.772575,205565.22601853,3458.03,15
DXB-IAH,Star Air,XX,10,October,Q4,2025,549,1874459.0,1737268.46,112467.54,24723.0,192004.53,3414.32,16
DXB-SIN,Star Air,XX,10,October,Q4,2025,1470,1874019.0,1736935.86,112441.14,24642.0,219378.92,1274.84,17
JFK-DXB,Star Air,XX,10,October,Q4,2025,408,1714737.033684,1579538.9529954,102884.22202104,32313.858667,167398.5401123,4202.79,18
DXB-JFK,Star Air,XX,10,October,Q4,2025,394,1625052.0,1502854.88,97503.12,24694.0,170395.21,4124.5,19
CPT-DXB,Star Air,XX,10,October,Q4,2025,692,1574906.55873,1457172.2781432,94494.3935238,23239.887063,156029.80442277,2275.88,20
YYZ-DXB,Star Air,XX,10,October,Q4,2025,378,1517834.732517,1403093.8947031,91070.08395102,23670.753862,166964.56404593,4015.44,21
MRU-DXB,Star Air,XX,10,October,Q4,2025,793,1491726.073825,1378061.3914856,89503.5644295,24161.11791,121759.65819869,1881.12,22
DXB-MRU,Star Air,XX,10,October,Q4,2025,755,1479177.0,1359249.38,88750.62,31177.0,120745.24,1959.17,23
DXB-DFW,Star Air,XX,10,October,Q4,2025,348,1457293.0,1351938.42,87437.58,17917.0,145455.22,4187.62,24
MIL-DXB,Star Air,XX,10,October,Q4,2025,1015,1453059.273956,1332674.5771892,87183.55643736,33201.140333,130493.8285607,1431.59,25
DXB-CPT,Star Air,XX,10,October,Q4,2025,654,1437313.0,1317121.22,86238.78,33953.0,141536.27,2197.73,26
DXB-MIL,Star Air,XX,10,October,Q4,2025,1018,1424598.0,1318949.12,85475.88,20173.0,130338.34,1399.41,27
DXB-COK,Star Air,XX,10,October,Q4,2025,1594,1382029.0,1220975.26,82921.74,78132.0,134723.66,867.02,28
LHE-DXB,Star Air,XX,10,October,Q4,2025,1444,1311455.287928,1214536.5029316,78687.31727568,18231.46772,120501.61110657,908.21,29
COK-DXB,Star Air,XX,10,October,Q4,2025,1443,1269733.216866,1178146.7600684,76183.99301196,15402.463786,118834.47471333,879.93,30
DXB-CCU,Star Air,XX,10,October,Q4,2025,1210,1222189.0,1089382.66,73331.34,59475.0,102473.15,1010.07,31
CCU-DXB,Star Air,XX,10,October,Q4,2025,1244,1214620.118225,1125114.3387711,72877.2070935,16628.572361,99538.14689175,976.38,32
DXB-YYZ,Star Air,XX,10,October,Q4,2025,240,1054670.0,980769.8,63280.2,10620.0,116013.93,4394.46,33
DXB-LHE,Star Air,XX,10,October,Q4,2025,1188,1049007.0,849820.58,62940.42,136246.0,99726.98,883.0,34
DXB-CDG,Star Air,XX,10,October,Q4,2025,377,1015774.0,941521.56,60946.44,13306.0,101536.8,2694.36,35
DXB-ZRH,Star Air,XX,10,October,Q4,2025,352,970029.0,896323.26,58201.74,15504.0,70876.7,2755.76,36
DXB-LHR,Star Air,XX,10,October,Q4,2025,620,914591.0,847436.54,54875.46,12279.0,73191.82,1475.15,37
LHR-DXB,Star Air,XX,10,October,Q4,2025,553,806358.78279,732074.8560016,48381.5269674,25902.399818,59981.02789529,1458.15,38
CDG-DXB,Star Air,XX,10,October,Q4,2025,280,800968.766086,735252.9537759,48058.12596516,17657.686344,75239.1971662,2860.6,39
AKL-DXB,Star Air,XX,10,October,Q4,2025,326,729297.424864,674707.2892669,43757.84549184,10832.290105,112420.94062513,2237.11,40
SIN-MEL,Star Air,XX,10,October,Q4,2025,185,725156.575614,673629.7445411,43509.39453684,8017.436536,301327.35440973,3919.77,41
ZRH-DXB,Star Air,XX,10,October,Q4,2025,257,700991.381108,644823.8644613,42059.48286648,14108.033782,56704.83769495,2727.59,42
PEW-DXB,Star Air,XX,10,October,Q4,2025,488,677114.966904,627519.4507127,40626.89801424,8968.618178,50117.44259379,1387.53,43
DXB-MAA,Star Air,XX,10,October,Q4,2025,773,671649.0,604153.06,40298.94,27197.0,73881.38,868.89,44
DXB-AKL,Star Air,XX,10,October,Q4,2025,271,648050.0,602387.0,38883.0,6780.0,100839.3,2391.33,45
DXB-CHC,Star Air,XX,10,October,Q4,2025,650,629224.0,583132.56,37753.44,8338.0,97350.2,968.04,46
FRA-DXB,Star Air,XX,10,October,Q4,2025,236,602879.947711,556329.9535764,36172.79686266,10377.197274,60287.58688287,2554.58,47
DXB-PEW,Star Air,XX,10,October,Q4,2025,479,600025.0,507680.5,36001.5,56343.0,41115.46,1252.66,48
MEL-SIN,Star Air,XX,10,October,Q4,2025,139,594745.36276,544039.0176629,35684.7217656,15021.623332,107053.89674907,4278.74,49
DXB-DUB,Star Air,XX,10,October,Q4,2025,160,592620.0,550144.8,35557.2,6918.0,106671.5,3703.88,50
MAA-DXB,Star Air,XX,10,October,Q4,2025,670,581846.751269,539472.0192002,34910.80507614,7463.926993,64002.66706719,868.43,51
KHI-DXB,Star Air,XX,10,October,Q4,2025,578,554623.873011,513579.0916082,33277.43238066,7767.349022,59634.58633405,959.56,52
CHC-DXB,Star Air,XX,10,October,Q4,2025,509,528009.171417,485703.2557161,31680.55028502,10625.365415,80600.57548051,1037.35,53
HAN-DXB,Star Air,XX,10,October,Q4,2025,305,518493.275141,478211.5126362,31109.59650846,9172.165996,82958.92394682,1699.98,54
DXB-HAN,Star Air,XX,10,October,Q4,2025,331,502148.0,-5411877.88,30128.88,5883897.0,80343.84,1517.06,55
DUB-DXB,Star Air,XX,10,October,Q4,2025,122,483593.410658,444009.778428,29015.60463948,10568.027591,141181.53040384,3963.88,56
DXB-GVA,Star Air,XX,10,October,Q4,2025,164,356085.0,326116.9,21365.1,8603.0,39168.37,2171.25,57
BOM-DXB,Star Air,XX,10,October,Q4,2025,401,353287.49099,326600.3724369,21197.2494594,5489.869094,35854.57205674,881.02,58
DXB-KHI,Star Air,XX,10,October,Q4,2025,322,325521.0,259975.74,19531.26,46014.0,35002.49,1010.93,59
DXB-FRA,Star Air,XX,10,October,Q4,2025,100,304977.0,283328.38,18298.62,3350.0,30497.55,3049.77,60
GVA-DXB,Star Air,XX,10,October,Q4,2025,137,289823.763341,269536.5337676,17389.42580046,2897.803772,38534.13151077,2115.5,61
SVO-DXB,Star Air,XX,10,October,Q4,2025,194,261696.106274,242884.6218463,15701.76637644,3109.718052,23552.61626288,1348.95,62
DEL-DXB,Star Air,XX,10,October,Q4,2025,271,245436.885466,228246.0093609,14726.21312796,2464.662977,26998.08195054,905.67,63
DXB-BOM,Star Air,XX,10,October,Q4,2025,242,221130.0,199388.2,13267.8,8474.0,22622.16,913.76,64
DXB-DEL,Star Air,XX,10,October,Q4,2025,240,217174.0,193311.56,13030.44,10832.0,23889.23,904.89,65
DXB-SVO,Star Air,XX,10,October,Q4,2025,157,215017.0,195381.98,12901.02,6734.0,19351.46,1369.54,66
CMB-DXB,Star Air,XX,10,October,Q4,2025,204,202791.0528,188625.0027266,12167.463168,1998.586905,3492.33306108,994.07,67
DXB-KUL,Star Air,XX,10,October,Q4,2025,183,193056.0,169534.64,11583.36,11938.0,11583.31,1054.95,68
JNB-DXB,Star Air,XX,10,October,Q4,2025,188,184023.825209,170897.0519346,11041.42951254,2085.343762,25483.78971225,978.85,69
DXB-CMB,Star Air,XX,10,October,Q4,2025,163,168514.0,147402.16,10110.84,11001.0,10110.99,1033.83,70
JFK-MIL,Star Air,XX,10,October,Q4,2025,187,155968.487145,144166.5582775,9358.1092287,2443.819639,20794.77466671,834.06,71
DXB-LGW,Star Air,XX,10,October,Q4,2025,190,152284.0,135347.96,9137.04,7799.0,9137.17,801.49,72
KUL-DXB,Star Air,XX,10,October,Q4,2025,159,151926.422143,141359.38769,9115.58532858,1451.449124,20072.23687383,955.51,73
DXB-HYD,Star Air,XX,10,October,Q4,2025,154,144002.0,126209.88,8640.12,9152.0,7200.0,935.08,74
HYD-DXB,Star Air,XX,10,October,Q4,2025,149,136503.418357,126883.4693824,8190.20510142,1429.743873,6825.17401527,916.13,75
DXB-ADD,Star Air,XX,10,October,Q4,2025,154,134815.0,117770.1,8088.9,8956.0,8089.4,875.42,76
BHX-DXB,Star Air,XX,10,October,Q4,2025,158,128980.422967,119217.6113789,7738.82537802,2023.986212,17465.32513362,816.33,77
DXB-BHX,Star Air,XX,10,October,Q4,2025,153,119282.0,102720.08,7156.92,9405.0,11927.85,779.62,78
SYD-KUL,Star Air,XX,10,October,Q4,2025,113,112977.502596,104527.3183192,6778.65015576,1671.534121,25552.73633195,999.8,79
DXB-MUC,Star Air,XX,10,October,Q4,2025,124,108443.0,100619.42,6506.58,1317.0,10844.5,874.54,80
KUL-SYD,Star Air,XX,10,October,Q4,2025,108,107131.238465,99266.220913,6427.8743079,1437.143244,16610.68887012,991.96,81
MUC-DXB,Star Air,XX,10,October,Q4,2025,110,104613.06143,96491.399348,6276.7836858,1844.878397,13597.12493836,951.03,82
DXB-JNB,Star Air,XX,10,October,Q4,2025,115,102942.0,66395.48,6176.52,30370.0,6176.42,895.15,83
LGW-DXB,Star Air,XX,10,October,Q4,2025,107,98123.693185,91554.8582729,5887.4215911,681.413322,12998.37612275,917.04,84
ADD-DXB,Star Air,XX,10,October,Q4,2025,116,89950.18992,83792.2575648,5397.0113952,760.92096,11871.2298912,775.43,85
MIL-JFK,Star Air,XX,10,October,Q4,2025,86,78528.477208,66993.3122575,4711.70863248,6823.456318,10650.33580171,913.12,86
HAN-ADD,Star Air,XX,10,October,Q4,2025,1,3239.216968,3044.8171399,194.35301808,0.04681,194.35302261,3239.22,87
DXB-MEL,Star Air,XX,11,November,Q4,2025,1702,6669578.0,6173010.32,400174.68,96393.0,1236537.64,3918.67,1
MEL-DXB,Star Air,XX,11,November,Q4,2025,1455,5605753.110771,5181623.3920258,336345.18664626,87784.532098,1036273.0786173,3852.75,2
DXB-BNE,Star Air,XX,11,November,Q4,2025,3076,5550783.0,5137751.02,333046.98,79985.0,1019837.35,1804.55,3
SYD-DXB,Star Air,XX,11,November,Q4,2025,2265,5361203.352435,4951075.1268196,321672.2011461,88456.024467,992677.71490488,2366.98,4
BNE-DXB,Star Air,XX,11,November,Q4,2025,2758,4849335.739181,4469803.9764285,290960.14435086,88571.618396,896322.81442625,1758.28,5
DXB-SYD,Star Air,XX,11,November,Q4,2025,1792,4488038.0,4158689.72,269282.28,60066.0,833470.63,2504.49,6
DXB-YUL,Star Air,XX,11,November,Q4,2025,3420,3136073.0,2904182.62,188164.38,43726.0,311986.66,916.98,7
YUL-DXB,Star Air,XX,11,November,Q4,2025,3254,3095576.027226,2859035.8323353,185734.56163356,50805.633244,307374.6158303,951.31,8
DXB-BKK,Star Air,XX,11,November,Q4,2025,1444,2917389.0,2675213.66,175043.34,67132.0,580827.0,2020.35,9
BKK-DXB,Star Air,XX,11,November,Q4,2025,1472,2917270.703598,2700049.0027998,175036.24221588,42185.458583,583854.40891321,1981.84,10
DXB-ORD,Star Air,XX,11,November,Q4,2025,836,2774183.0,2571114.02,166450.98,36618.0,303873.79,3318.4,11
ORD-DXB,Star Air,XX,11,November,Q4,2025,695,2431143.289661,2232215.5083461,145868.59737966,53059.183936,268483.33488995,3498.05,12
DFW-DXB,Star Air,XX,11,November,Q4,2025,453,1974084.691454,1821514.5124624,118445.08148724,34125.097509,195138.36273268,4357.8,13
SIN-DXB,Star Air,XX,11,November,Q4,2025,1448,1951545.895024,1802859.4167411,117092.75370144,31593.724586,227793.06303768,1347.75,14
DXB-IAH,Star Air,XX,11,November,Q4,2025,544,1889982.0,1745880.08,113398.92,30703.0,194083.3,3474.23,15
DXB-SIN,Star Air,XX,11,November,Q4,2025,1400,1804688.0,1668897.72,108281.28,27509.0,211226.14,1289.06,16
IAH-DXB,Star Air,XX,11,November,Q4,2025,498,1746309.918291,1590953.1291466,104778.59509746,50578.194047,177708.48413216,3506.65,17
JFK-DXB,Star Air,XX,11,November,Q4,2025,403,1703510.606004,1568975.257122,102210.63636024,32324.712522,168802.98655094,4227.07,18
DXB-JFK,Star Air,XX,11,November,Q4,2025,369,1448784.0,1336802.96,86927.04,25054.0,152544.05,3926.24,19
DXB-CPT,Star Air,XX,11,November,Q4,2025,623,1395707.0,1284484.58,83742.42,27480.0,136212.47,2240.3,20
DXB-DFW,Star Air,XX,11,November,Q4,2025,312,1373288.0,1269101.72,82397.28,21789.0,135595.6,4401.56,21
MRU-DXB,Star Air,XX,11,November,Q4,2025,679,1358908.197274,1261432.3516013,81534.49183644,15941.353837,111426.12921505,2001.34,22
CPT-DXB,Star Air,XX,11,November,Q4,2025,581,1332689.98317,1234579.1690741,79961.3989902,18149.415106,130788.30382099,2293.79,23
DXB-COK,Star Air,XX,11,November,Q4,2025,1469,1278303.0,1143030.82,76698.18,58574.0,123848.19,870.19,24
DXB-MRU,Star Air,XX,11,November,Q4,2025,632,1266293.0,1155914.42,75977.58,34401.0,104226.07,2003.63,25
YYZ-DXB,Star Air,XX,11,November,Q4,2025,289,1253798.254661,1144475.0212281,75227.89527966,34095.338155,137922.62923834,4338.4,26
MIL-DXB,Star Air,XX,11,November,Q4,2025,891,1230581.757582,1138276.8137865,73834.90545492,18470.038342,109470.87076588,1381.12,27
DXB-MIL,Star Air,XX,11,November,Q4,2025,878,1169437.0,1079098.78,70166.22,20172.0,107504.4,1331.93,28
COK-DXB,Star Air,XX,11,November,Q4,2025,1338,1148818.576075,1063466.5730554,68929.1145645,16422.888455,107816.45002604,858.61,29
LHE-DXB,Star Air,XX,11,November,Q4,2025,1243,1138829.96942,1054528.9963267,68329.7981652,15971.174928,103624.89136022,916.19,30
CCU-DXB,Star Air,XX,11,November,Q4,2025,1071,1087510.704971,1007689.0860253,65250.64229826,14570.976648,90015.80037267,1015.42,31
DXB-CCU,Star Air,XX,11,November,Q4,2025,1037,1048750.0,924002.0,62925.0,61823.0,86856.9,1011.33,32
DXB-LHE,Star Air,XX,11,November,Q4,2025,1093,1023077.0,873440.38,61384.62,88252.0,96164.5,936.03,33
DXB-CDG,Star Air,XX,11,November,Q4,2025,344,937238.0,863790.72,56234.28,17213.0,93052.84,2724.53,34
DXB-ZRH,Star Air,XX,11,November,Q4,2025,289,885244.0,823991.36,53114.64,8138.0,64521.84,3063.13,35
DXB-YYZ,Star Air,XX,11,November,Q4,2025,213,877713.0,815645.22,52662.78,9405.0,96548.62,4120.72,36
LHR-DXB,Star Air,XX,11,November,Q4,2025,491,765933.232583,703996.5240307,45955.99395498,15980.714598,58855.79607061,1559.95,37
SIN-MEL,Star Air,XX,11,November,Q4,2025,182,752217.396354,695825.6383259,45133.04378124,11258.714246,306903.5706592,4133.06,38
DXB-LHR,Star Air,XX,11,November,Q4,2025,498,745835.0,689671.9,44750.1,11413.0,59771.05,1497.66,39
DXB-DUB,Star Air,XX,11,November,Q4,2025,177,720055.0,667648.7,43203.3,9203.0,129609.81,4068.11,40
CDG-DXB,Star Air,XX,11,November,Q4,2025,244,706289.106808,649596.0022754,42377.34640848,14315.758124,67975.27136272,2894.63,41
ZRH-DXB,Star Air,XX,11,November,Q4,2025,226,691067.127998,634665.0626415,41464.02767988,14938.037678,53869.22425667,3057.82,42
AKL-DXB,Star Air,XX,11,November,Q4,2025,272,675762.775027,619063.322649,40545.76650162,16153.685876,104788.54193967,2484.42,43
PEW-DXB,Star Air,XX,11,November,Q4,2025,469,668287.821557,620022.9050711,40097.26929342,8167.647192,48241.70246724,1424.92,44
DXB-MAA,Star Air,XX,11,November,Q4,2025,734,628481.0,564042.14,37708.86,26730.0,69133.09,856.24,45
DXB-CHC,Star Air,XX,11,November,Q4,2025,604,585426.0,541623.44,35125.56,8677.0,90145.79,969.25,46
DXB-PEW,Star Air,XX,11,November,Q4,2025,471,584098.0,489963.12,35045.88,59089.0,41040.34,1240.12,47
MAA-DXB,Star Air,XX,11,November,Q4,2025,567,518656.88266,482459.1501596,31119.4129596,5078.31954,57051.92555341,914.74,48
HAN-DXB,Star Air,XX,11,November,Q4,2025,317,503028.333264,467061.4806882,30181.69999584,5785.15258,80484.53334521,1586.84,49
FRA-DXB,Star Air,XX,11,November,Q4,2025,192,496700.958299,454989.0535102,29802.05749794,11909.847291,49669.47481862,2586.98,50
DXB-AKL,Star Air,XX,11,November,Q4,2025,215,490603.0,452487.82,29436.18,8679.0,76220.96,2281.87,51
CHC-DXB,Star Air,XX,11,November,Q4,2025,452,476598.851289,440474.4950987,28595.93107734,7528.425113,73196.43497383,1054.42,52
DXB-HAN,Star Air,XX,11,November,Q4,2025,290,474876.0,-759992.56,28492.56,1206376.0,75979.31,1637.5,53
MEL-SIN,Star Air,XX,11,November,Q4,2025,111,447726.924406,414338.4189182,26863.61546436,6524.890023,80592.15867222,4033.58,54
KHI-DXB,Star Air,XX,11,November,Q4,2025,476,436571.543461,404289.0035193,26194.29260766,6088.247333,47069.2890102,917.17,55
DUB-DXB,Star Air,XX,11,November,Q4,2025,98,350634.964257,325845.8095314,21038.09785542,3751.05687,102359.52093874,3577.91,56
DXB-GVA,Star Air,XX,11,November,Q4,2025,161,340158.0,309074.52,20409.48,10674.0,37417.57,2112.78,57
BOM-DXB,Star Air,XX,11,November,Q4,2025,350,318948.1389,295084.7560802,19136.888334,4726.494485,31978.61616791,911.28,58
GVA-DXB,Star Air,XX,11,November,Q4,2025,143,300972.915168,279447.911535,18058.37491008,3466.628722,41084.94065619,2104.71,59
DXB-KHI,Star Air,XX,11,November,Q4,2025,315,292043.0,239953.42,17522.58,34567.0,31370.28,927.12,60
SVO-DXB,Star Air,XX,11,November,Q4,2025,205,268097.765083,249465.5348509,16085.86590498,2546.364327,24128.82553376,1307.79,61
DXB-FRA,Star Air,XX,11,November,Q4,2025,93,240418.0,223476.92,14425.08,2516.0,24041.94,2585.14,62
DXB-SVO,Star Air,XX,11,November,Q4,2025,152,202272.0,187294.68,12136.32,2841.0,18205.12,1330.74,63
CMB-DXB,Star Air,XX,11,November,Q4,2025,206,198599.930422,184860.0802949,11915.99582532,1823.854302,3420.15446567,964.08,64
DXB-DEL,Star Air,XX,11,November,Q4,2025,222,196169.0,172531.86,11770.14,11867.0,21579.13,883.64,65
DEL-DXB,Star Air,XX,11,November,Q4,2025,226,195352.533412,181195.2810981,11721.15200472,2436.100309,21488.79377824,864.39,66
DXB-BOM,Star Air,XX,11,November,Q4,2025,194,195067.0,170970.98,11704.02,12392.0,19690.51,1005.5,67
DXB-KUL,Star Air,XX,11,November,Q4,2025,178,177270.0,157349.8,10636.2,9284.0,10636.14,995.9,68
DXB-LGW,Star Air,XX,11,November,Q4,2025,196,169050.0,152458.0,10143.0,6449.0,10143.17,862.5,69
JFK-MIL,Star Air,XX,11,November,Q4,2025,170,166566.8532,154368.565824,9994.011192,2204.276184,21085.13195381,979.81,70
DXB-CMB,Star Air,XX,11,November,Q4,2025,160,159474.0,140057.56,9568.44,9848.0,9568.79,996.71,71
DXB-BHX,Star Air,XX,11,November,Q4,2025,170,149099.0,136369.06,8945.94,3784.0,14909.58,877.05,72
DXB-ADD,Star Air,XX,11,November,Q4,2025,150,143644.0,125924.36,8618.64,9101.0,8619.05,957.63,73
BHX-DXB,Star Air,XX,11,November,Q4,2025,156,142155.220439,131514.9373935,8529.31322634,2110.969819,18487.35917933,911.25,74
JNB-DXB,Star Air,XX,11,November,Q4,2025,156,140215.961296,129384.1047382,8412.95767776,2418.89888,18544.00802146,898.82,75
DXB-MUC,Star Air,XX,11,November,Q4,2025,144,134251.0,123381.94,8055.06,2814.0,13425.18,932.3,76
KUL-DXB,Star Air,XX,11,November,Q4,2025,141,132035.294282,122088.4191106,7922.11765692,2024.757514,17342.69319711,936.42,77
KUL-SYD,Star Air,XX,11,November,Q4,2025,104,128481.76262,117272.1667948,7708.9057572,3500.690068,19921.20458206,1235.4,78
LGW-DXB,Star Air,XX,11,November,Q4,2025,110,117921.412886,110024.2959812,7075.28477316,821.832132,16295.73566054,1072.01,79
DXB-HYD,Star Air,XX,11,November,Q4,2025,127,109870.0,99358.8,6592.2,3919.0,5493.53,865.12,80
HYD-DXB,Star Air,XX,11,November,Q4,2025,119,104674.828613,96715.2615857,6280.48971678,1679.07731,5233.74829588,879.62,81
MUC-DXB,Star Air,XX,11,November,Q4,2025,112,103751.752228,96109.3947373,6225.10513368,1417.252357,13294.58177806,926.35,82
DXB-JNB,Star Air,XX,11,November,Q4,2025,101,93543.0,56898.42,5612.58,31032.0,5612.46,926.17,83
ADD-DXB,Star Air,XX,11,November,Q4,2025,116,89952.38952,83748.7902288,5397.1433712,806.45592,11871.522504,775.45,84
MIL-JFK,Star Air,XX,11,November,Q4,2025,68,78781.341973,70870.9724148,4726.88051838,3183.48904,9517.7488355,1158.55,85
SYD-KUL,Star Air,XX,11,November,Q4,2025,73,70617.407165,65176.6283403,4237.0444299,1203.734395,15972.04623766,967.36,86
DXB-MEL,Star Air,XX,12,December,Q4,2025,1553,6324219.0,5842483.86,379453.14,102282.0,1173202.45,4072.26,1
MEL-DXB,Star Air,XX,12,December,Q4,2025,1345,5815762.158584,5379714.4302435,348945.72951504,87101.998825,1075598.66341461,4323.99,2
SYD-DXB,Star Air,XX,12,December,Q4,2025,2094,5467018.309322,5047194.0398334,328021.09855932,91803.17093,1013869.52512867,2610.8,3
DXB-BNE,Star Air,XX,12,December,Q4,2025,2730,5296836.0,4901274.84,317810.16,77751.0,979643.48,1940.23,4
BNE-DXB,Star Air,XX,12,December,Q4,2025,2607,5002686.851077,4630223.2890941,300161.21106462,72302.350918,928484.01432236,1918.94,5
DXB-SYD,Star Air,XX,12,December,Q4,2025,1571,3994412.0,3698824.28,239664.72,55923.0,743369.02,2542.59,6
YUL-DXB,Star Air,XX,12,December,Q4,2025,3269,3130019.567248,2890925.7293915,187801.17403488,51292.663826,309607.28178586,957.49,7
DXB-YUL,Star Air,XX,12,December,Q4,2025,3156,2982496.0,2761484.24,178949.76,42062.0,295507.07,945.02,8
DXB-ORD,Star Air,XX,12,December,Q4,2025,746,2817873.0,2609359.62,169072.38,39441.0,308647.54,3777.31,9
BKK-DXB,Star Air,XX,12,December,Q4,2025,1272,2702350.116671,2500549.4557286,162141.00700026,39659.653941,537872.06695822,2124.49,10
DXB-BKK,Star Air,XX,12,December,Q4,2025,1298,2639535.0,2419847.9,158372.1,61315.0,524660.41,2033.54,11
ORD-DXB,Star Air,XX,12,December,Q4,2025,652,2384702.782823,2192907.3005015,143082.16696938,48713.315352,263912.32742851,3657.52,12
SIN-DXB,Star Air,XX,12,December,Q4,2025,1453,1983588.259739,1830590.772053,119015.29558434,33982.192102,230671.51591406,1365.17,13
DFW-DXB,Star Air,XX,12,December,Q4,2025,397,1852742.873196,1713360.2062894,111164.57239176,28218.094516,184808.86263039,4666.86,14
DXB-SIN,Star Air,XX,12,December,Q4,2025,1294,1811197.0,1678762.18,108671.82,23763.0,211999.6,1399.69,15
DXB-IAH,Star Air,XX,12,December,Q4,2025,499,1766479.0,1633335.26,105988.74,27155.0,182553.06,3540.04,16
IAH-DXB,Star Air,XX,12,December,Q4,2025,427,1574869.567148,1446802.4995242,94492.17402888,33574.893595,160014.98728178,3688.22,17
YYZ-DXB,Star Air,XX,12,December,Q4,2025,312,1482410.273603,1371556.542972,88944.61641618,21909.114215,163064.44105926,4751.31,18
JFK-DXB,Star Air,XX,12,December,Q4,2025,293,1367131.837915,1263362.6747812,82027.9102749,21741.252859,133407.55383874,4665.98,19
DXB-CPT,Star Air,XX,12,December,Q4,2025,584,1351108.0,1251720.52,81066.48,18321.0,134152.19,2313.54,20
DXB-DFW,Star Air,XX,12,December,Q4,2025,298,1303838.0,1207293.72,78230.28,18314.0,128245.12,4375.3,21
DXB-JFK,Star Air,XX,12,December,Q4,2025,286,1267186.0,1178360.84,76031.16,12794.0,133691.63,4430.72,22
MRU-DXB,Star Air,XX,12,December,Q4,2025,619,1261148.820391,1165232.1380278,75668.92922346,20247.75314,107462.74420065,2037.4,23
CPT-DXB,Star Air,XX,12,December,Q4,2025,537,1231607.488061,1139140.9193575,73896.44928366,18570.119419,121787.58346959,2293.5,24
DXB-MRU,Star Air,XX,12,December,Q4,2025,567,1166736.0,1069403.84,70004.16,27328.0,93360.46,2057.74,25
COK-DXB,Star Air,XX,12,December,Q4,2025,1240,1147663.339738,1062394.4059133,68859.80038428,16409.13344,108015.63409687,925.53,26
DXB-COK,Star Air,XX,12,December,Q4,2025,1262,1136990.0,1045019.6,68219.4,23751.0,110098.52,900.94,27
LHE-DXB,Star Air,XX,12,December,Q4,2025,1184,1126590.516585,1043836.4308244,67595.4309951,15158.654765,103665.82927519,951.51,28
CCU-DXB,Star Air,XX,12,December,Q4,2025,997,1090109.063461,1010381.0600506,65406.54380766,14321.459602,89476.66438258,1093.39,29
DXB-CCU,Star Air,XX,12,December,Q4,2025,1011,1084762.0,997409.28,65085.72,22267.0,90636.26,1072.96,30
DXB-MIL,Star Air,XX,12,December,Q4,2025,800,1080409.0,1001034.46,64824.54,14550.0,99995.91,1350.51,31
DXB-LHE,Star Air,XX,12,December,Q4,2025,1112,1062018.0,945924.92,63721.08,52372.0,100852.66,955.05,32
MIL-DXB,Star Air,XX,12,December,Q4,2025,832,1038007.933659,962447.3350446,62280.47601954,13280.122595,92045.40461684,1247.61,33
DXB-ZRH,Star Air,XX,12,December,Q4,2025,274,858928.0,793017.32,51535.68,14375.0,62025.19,3134.77,34
DXB-CDG,Star Air,XX,12,December,Q4,2025,299,825866.0,764808.04,49551.96,11506.0,81960.71,2762.09,35
DXB-DUB,Star Air,XX,12,December,Q4,2025,196,815371.0,755376.74,48922.26,11072.0,146766.76,4160.06,36
LHR-DXB,Star Air,XX,12,December,Q4,2025,459,796201.052821,735250.4002866,47772.06316926,13178.589365,56322.51258129,1734.64,37
DXB-LHR,Star Air,XX,12,December,Q4,2025,477,739452.0,684719.88,44367.12,10365.0,57875.51,1550.21,38
PEW-DXB,Star Air,XX,12,December,Q4,2025,476,686115.065042,634039.8920861,41166.90390252,10908.269053,50267.36037474,1441.42,39
DXB-YYZ,Star Air,XX,12,December,Q4,2025,166,663357.0,614252.58,39801.42,9303.0,72968.58,3996.13,40
SIN-MEL,Star Air,XX,12,December,Q4,2025,149,651250.410015,600971.535276,39075.0246009,11203.850138,271979.39380393,4370.81,41
AKL-DXB,Star Air,XX,12,December,Q4,2025,253,639591.341217,592278.8887378,38375.48047302,8936.972007,98881.27691722,2528.03,42
DXB-CHC,Star Air,XX,12,December,Q4,2025,579,617913.0,571084.22,37074.78,9754.0,94991.0,1067.21,43
DXB-PEW,Star Air,XX,12,December,Q4,2025,453,590937.0,547770.78,35456.22,7710.0,41084.27,1304.5,44
DXB-MAA,Star Air,XX,12,December,Q4,2025,628,575012.0,524984.28,34500.72,15527.0,63252.49,915.62,45
ZRH-DXB,Star Air,XX,12,December,Q4,2025,191,550611.068902,502207.3162546,33036.66413412,15367.088513,43457.57339089,2882.78,46
HAN-DXB,Star Air,XX,12,December,Q4,2025,316,541175.286053,499029.89286,32470.51716318,9674.876029,86588.04566975,1712.58,47
CDG-DXB,Star Air,XX,12,December,Q4,2025,192,539139.149221,498060.7696152,32348.34895326,8730.030653,52517.01746,2808.02,48
CHC-DXB,Star Air,XX,12,December,Q4,2025,441,484784.789351,448418.4036712,29087.08736106,7279.298317,74072.1104132,1099.29,49
DXB-HAN,Star Air,XX,12,December,Q4,2025,287,474230.0,439229.2,28453.8,6547.0,75877.17,1652.37,50
MAA-DXB,Star Air,XX,12,December,Q4,2025,520,466021.647087,431132.5580145,27961.29882522,6927.790247,51262.08521801,896.2,51
KHI-DXB,Star Air,XX,12,December,Q4,2025,474,461391.721869,426782.8699434,27683.50331214,6925.348613,49782.69046414,973.4,52
FRA-DXB,Star Air,XX,12,December,Q4,2025,184,459670.65961,421790.5108758,27580.2395766,10299.909158,45966.20033319,2498.21,53
MEL-SIN,Star Air,XX,12,December,Q4,2025,106,455186.653008,423790.8642654,27311.19918048,4084.589562,81933.90476612,4294.21,54
DXB-AKL,Star Air,XX,12,December,Q4,2025,190,445809.0,413768.46,26748.54,5292.0,69988.85,2346.36,55
DUB-DXB,Star Air,XX,12,December,Q4,2025,110,418287.498764,385616.8858878,25097.24992584,7573.36295,122109.84881436,3802.61,56
GVA-DXB,Star Air,XX,12,December,Q4,2025,155,361443.917336,334703.0597155,21686.63504016,5054.22258,50313.6969363,2331.9,57
BOM-DXB,Star Air,XX,12,December,Q4,2025,361,342728.307992,317506.9627519,20563.69847952,4657.64676,34410.29599604,949.39,58
DXB-GVA,Star Air,XX,12,December,Q4,2025,151,336616.0,313642.04,20196.96,2777.0,37028.01,2229.25,59
SVO-DXB,Star Air,XX,12,December,Q4,2025,211,323814.462504,299981.8322088,19428.86775024,4403.762545,29143.31106763,1534.67,60
DXB-KHI,Star Air,XX,12,December,Q4,2025,283,309306.0,287887.64,18558.36,2860.0,33345.79,1092.95,61
CMB-DXB,Star Air,XX,12,December,Q4,2025,181,209632.694115,194876.6820005,12577.9616469,2178.050468,3610.15363364,1158.19,62
DXB-SVO,Star Air,XX,12,December,Q4,2025,148,208757.0,193200.58,12525.42,3031.0,18787.91,1410.52,63
DEL-DXB,Star Air,XX,12,December,Q4,2025,219,199950.759359,184792.0960546,11997.04556154,3161.617743,21994.5691219,913.02,64
DXB-LGW,Star Air,XX,12,December,Q4,2025,218,199232.0,183576.08,11953.92,3702.0,11953.79,913.91,65
DXB-KUL,Star Air,XX,12,December,Q4,2025,167,196104.0,180964.76,11766.24,3373.0,11766.55,1174.28,66
DXB-FRA,Star Air,XX,12,December,Q4,2025,71,184833.0,171053.02,11089.98,2690.0,18482.95,2603.28,67
JFK-MIL,Star Air,XX,12,December,Q4,2025,201,181062.415178,167157.141382,10863.74491068,3041.528886,24113.85677605,900.81,68
DXB-BHX,Star Air,XX,12,December,Q4,2025,167,176367.0,161887.98,10582.02,3897.0,17636.03,1056.09,69
DXB-BOM,Star Air,XX,12,December,Q4,2025,183,171902.0,155328.88,10314.12,6259.0,17497.37,939.36,70
DXB-DEL,Star Air,XX,12,December,Q4,2025,180,171765.0,159971.1,10305.9,1488.0,18894.74,954.25,71
DXB-CMB,Star Air,XX,12,December,Q4,2025,153,154981.0,143181.14,9298.86,2501.0,9298.65,1012.95,72
JNB-DXB,Star Air,XX,12,December,Q4,2025,133,129438.70656,118456.2252582,7766.3223936,3216.158908,18424.66580911,973.22,73
BHX-DXB,Star Air,XX,12,December,Q4,2025,137,116652.046805,108067.9798151,6999.1228083,1584.944181,15313.03045483,851.47,74
DXB-ADD,Star Air,XX,12,December,Q4,2025,111,111572.0,102162.68,6694.32,2715.0,6694.12,1005.15,75
KUL-DXB,Star Air,XX,12,December,Q4,2025,110,111332.477234,103244.1815212,6679.94863404,1408.347079,15132.00280777,1012.11,76
DXB-HYD,Star Air,XX,12,December,Q4,2025,115,110014.0,102003.16,6600.84,1410.0,5500.49,956.64,77
HYD-DXB,Star Air,XX,12,December,Q4,2025,100,107309.767624,99786.293837,6438.58605744,1084.88773,5365.48719057,1073.1,78
DXB-MUC,Star Air,XX,12,December,Q4,2025,121,103743.0,91827.42,6224.58,5691.0,10375.07,857.38,79
LGW-DXB,Star Air,XX,12,December,Q4,2025,108,94905.23024,87776.8772828,5694.3138144,1434.039143,12473.7615829,878.75,80
KUL-SYD,Star Air,XX,12,December,Q4,2025,90,92848.011924,86067.646356,5570.88071544,1209.484852,14396.50048366,1031.64,81
DXB-JNB,Star Air,XX,12,December,Q4,2025,100,91607.0,62538.58,5496.42,23572.0,5496.34,916.07,82
ADD-DXB,Star Air,XX,12,December,Q4,2025,122,90018.37656,83371.2302064,5401.1025936,1246.04376,11880.2138544,737.86,83
MUC-DXB,Star Air,XX,12,December,Q4,2025,96,86919.269019,80768.3890687,5215.15614114,935.723809,11709.50878288,905.41,84
SYD-KUL,Star Air,XX,12,December,Q4,2025,70,76662.754778,70481.3562712,4599.76528668,1581.63322,17339.83747041,1095.18,85
MIL-JFK,Star Air,XX,12,December,Q4,2025,48,49854.222166,44261.3712031,2991.25332996,2601.597633,6634.56349311,1038.63,86
DXB-MEL,Star Air,XX,1,January,Q1,2026,1391,5864955.0,5428084.7,351897.3,84973.0,1087333.31,4216.36,1
SYD-DXB,Star Air,XX,1,January,Q1,2026,1867,4981021.334541,4602138.0299505,298861.28007246,80022.024519,925303.68788571,2667.93,2
DXB-BNE,Star Air,XX,1,January,Q1,2026,2400,4718775.0,4365518.5,283126.5,70130.0,869195.11,1966.16,3
MEL-DXB,Star Air,XX,1,January,Q1,2026,1120,4717576.651633,4363137.864657,283054.59909798,71384.187878,876022.08938295,4212.12,4
BNE-DXB,Star Air,XX,1,January,Q1,2026,2386,4687242.465069,4344092.7959353,281234.54790414,61915.121231,872911.34413298,1964.48,5
DXB-SYD,Star Air,XX,1,January,Q1,2026,1327,3680959.0,3399420.46,220857.54,60681.0,681058.02,2773.9,6
YUL-DXB,Star Air,XX,1,January,Q1,2026,2881,2864160.628021,2647381.5764067,171849.63768126,44929.413933,283298.54175444,994.16,7
DXB-ORD,Star Air,XX,1,January,Q1,2026,686,2647735.0,2450324.9,158864.1,38546.0,290809.72,3859.67,8
DXB-YUL,Star Air,XX,1,January,Q1,2026,2573,2596833.0,2402307.02,155809.98,38716.0,257184.79,1009.26,9
DXB-BKK,Star Air,XX,1,January,Q1,2026,1115,2420884.0,2240423.96,145253.04,35207.0,478331.97,2171.2,10
BKK-DXB,Star Air,XX,1,January,Q1,2026,1095,2383924.358813,2205515.1146895,143035.46152878,35373.782595,479706.05282287,2177.1,11
ORD-DXB,Star Air,XX,1,January,Q1,2026,528,1993913.639077,1847704.7025234,119634.81834462,26574.118209,221846.76849554,3776.35,12
DFW-DXB,Star Air,XX,1,January,Q1,2026,372,1776295.978694,1642994.1209338,106577.75872164,26724.099036,174887.75831096,4774.99,13
SIN-DXB,Star Air,XX,1,January,Q1,2026,1138,1614903.770348,1489165.4361434,96894.22622088,28844.107984,187929.98319192,1419.07,14
DXB-SIN,Star Air,XX,1,January,Q1,2026,1032,1499603.0,1386446.82,89976.18,23180.0,175073.26,1453.1,15
DXB-IAH,Star Air,XX,1,January,Q1,2026,426,1492542.0,1375970.48,89552.52,27019.0,153986.19,3503.62,16
DXB-JFK,Star Air,XX,1,January,Q1,2026,296,1293227.0,1195346.38,77593.62,20287.0,136169.29,4369.01,17
DXB-CPT,Star Air,XX,1,January,Q1,2026,519,1271260.0,1173828.4,76275.6,21156.0,125975.48,2449.44,18
IAH-DXB,Star Air,XX,1,January,Q1,2026,358,1260781.29961,1167908.6782051,75646.8779766,17225.743428,128720.58010933,3521.74,19
DXB-DFW,Star Air,XX,1,January,Q1,2026,237,1237294.0,1146570.36,74237.64,16486.0,122079.31,5220.65,20
DXB-MRU,Star Air,XX,1,January,Q1,2026,562,1205704.0,1110878.76,72342.24,22483.0,97536.51,2145.38,21
MRU-DXB,Star Air,XX,1,January,Q1,2026,546,1176589.535973,1088701.3379543,70595.37215838,17292.82586,100723.21840557,2154.93,22
YYZ-DXB,Star Air,XX,1,January,Q1,2026,262,1146193.755093,1062847.6680169,68771.62530558,14574.461771,126082.13539915,4374.79,23
CPT-DXB,Star Air,XX,1,January,Q1,2026,456,1139583.153527,1053403.2767059,68374.98921162,17804.88761,109575.09755887,2499.09,24
DXB-COK,Star Air,XX,1,January,Q1,2026,1106,1072596.0,991890.24,64355.76,16350.0,101588.64,969.8,25
LHE-DXB,Star Air,XX,1,January,Q1,2026,1061,1065201.252846,984529.4538643,63912.07517076,16759.723812,96463.44809316,1003.96,26
JFK-DXB,Star Air,XX,1,January,Q1,2026,235,1062194.230724,979680.6406596,63731.65384344,18781.936221,102961.77379753,4519.98,27
DXB-CCU,Star Air,XX,1,January,Q1,2026,889,980292.0,908106.48,58817.52,13368.0,82366.03,1102.69,28
COK-DXB,Star Air,XX,1,January,Q1,2026,1003,964496.211684,893943.7016953,57869.77270104,12682.737287,90681.81997599,961.61,29
CCU-DXB,Star Air,XX,1,January,Q1,2026,820,918540.611554,849338.258059,55112.43669324,14089.916802,75368.88269082,1120.17,30
DXB-LHE,Star Air,XX,1,January,Q1,2026,859,902521.0,835750.74,54151.26,12619.0,85859.71,1050.66,31
DXB-MIL,Star Air,XX,1,January,Q1,2026,683,885011.0,819415.34,53100.66,12495.0,81596.65,1295.77,32
MIL-DXB,Star Air,XX,1,January,Q1,2026,640,862897.027083,799147.6911387,51773.82162498,11975.514319,76030.92136585,1348.28,33
DXB-YYZ,Star Air,XX,1,January,Q1,2026,195,832575.0,767385.5,49954.5,15235.0,91583.15,4269.62,34
DXB-CDG,Star Air,XX,1,January,Q1,2026,260,794892.0,735066.48,47693.52,12132.0,79110.6,3057.28,35
DXB-LHR,Star Air,XX,1,January,Q1,2026,449,764407.0,708011.58,45864.42,10531.0,60342.94,1702.47,36
LHR-DXB,Star Air,XX,1,January,Q1,2026,430,750375.628047,697219.7573095,45022.53768282,8133.333055,55786.34427613,1745.06,37
DXB-ZRH,Star Air,XX,1,January,Q1,2026,248,739760.0,683964.4,44385.6,11410.0,54372.3,2982.9,38
DXB-DUB,Star Air,XX,1,January,Q1,2026,164,730074.0,671313.56,43804.44,14956.0,131414.55,4451.67,39
SIN-MEL,Star Air,XX,1,January,Q1,2026,158,593334.269595,548764.0558577,35600.0561757,8970.157562,249920.00137251,3755.28,40
DXB-PEW,Star Air,XX,1,January,Q1,2026,388,582365.0,541455.1,34941.9,5968.0,40420.38,1500.94,41
ZRH-DXB,Star Air,XX,1,January,Q1,2026,154,552230.312055,507642.3870576,33133.8187233,11454.106274,42777.54145024,3585.91,42
AKL-DXB,Star Air,XX,1,January,Q1,2026,223,548859.930914,509044.8924013,32931.59585484,6883.442658,83489.68006567,2461.26,43
DXB-MAA,Star Air,XX,1,January,Q1,2026,551,541505.0,500390.7,32490.3,8624.0,59565.57,982.77,44
PEW-DXB,Star Air,XX,1,January,Q1,2026,360,522421.003664,484710.7509954,31345.26021984,6364.992449,38535.86894478,1451.17,45
CDG-DXB,Star Air,XX,1,January,Q1,2026,146,520916.756743,483304.1048418,31255.00540458,6357.646497,50934.15308467,3567.92,46
DXB-CHC,Star Air,XX,1,January,Q1,2026,479,517153.0,477913.82,31029.18,8210.0,79971.75,1079.65,47
HAN-DXB,Star Air,XX,1,January,Q1,2026,267,486256.404815,451449.5073715,29175.3842889,5631.513154,77801.02470341,1821.19,48
DXB-HAN,Star Air,XX,1,January,Q1,2026,269,472818.0,439343.92,28369.08,5105.0,75652.23,1757.69,49
KHI-DXB,Star Air,XX,1,January,Q1,2026,385,415839.472865,383756.6323508,24950.3683719,7132.472143,45090.06474869,1080.1,50
FRA-DXB,Star Air,XX,1,January,Q1,2026,156,411278.173107,381554.0900363,24676.69038642,5047.392685,41127.88604914,2636.4,51
MAA-DXB,Star Air,XX,1,January,Q1,2026,421,401409.824482,372691.0664006,24084.58946892,4634.168613,44154.82467841,953.47,52
DUB-DXB,Star Air,XX,1,January,Q1,2026,88,368282.637727,340468.2011661,22096.95826362,5717.478297,107514.99895103,4185.03,53
CHC-DXB,Star Air,XX,1,January,Q1,2026,325,359350.73102,334183.15847,21561.0438612,3606.528689,54903.32103399,1105.69,54
DXB-AKL,Star Air,XX,1,January,Q1,2026,140,357540.0,330602.6,21452.4,5485.0,57390.86,2553.86,55
DXB-GVA,Star Air,XX,1,January,Q1,2026,144,334431.0,307872.14,20065.86,6493.0,36787.62,2322.44,56
MEL-SIN,Star Air,XX,1,January,Q1,2026,77,317490.081363,294870.6522524,19049.40488178,3570.024229,57148.91508457,4123.25,57
DXB-KHI,Star Air,XX,1,January,Q1,2026,252,293152.0,270779.88,17589.12,4783.0,31650.29,1163.3,58
BOM-DXB,Star Air,XX,1,January,Q1,2026,300,289795.908527,266098.0440293,17387.75451162,6310.109986,29141.49018764,965.99,59
DXB-SVO,Star Air,XX,1,January,Q1,2026,140,251154.0,232236.76,15069.24,3848.0,22603.63,1793.96,60
GVA-DXB,Star Air,XX,1,January,Q1,2026,110,247515.053332,228645.6657691,14850.90319992,4018.484363,33468.98795928,2250.14,61
SVO-DXB,Star Air,XX,1,January,Q1,2026,166,246441.807961,227485.5535199,14786.50847766,4169.745964,22179.77716559,1484.59,62
DEL-DXB,Star Air,XX,1,January,Q1,2026,190,185344.901793,171038.6169581,11120.69410758,3185.590727,20387.91117708,975.5,63
DXB-LGW,Star Air,XX,1,January,Q1,2026,196,175610.0,162501.4,10536.6,2572.0,10536.43,895.97,64
CMB-DXB,Star Air,XX,1,January,Q1,2026,139,146209.718846,136206.538551,8772.58313076,1230.597165,2517.92697386,1051.87,65
DXB-FRA,Star Air,XX,1,January,Q1,2026,49,141434.0,131344.96,8486.04,1603.0,14143.48,2886.41,66
DXB-KUL,Star Air,XX,1,January,Q1,2026,137,141239.0,130985.66,8474.34,1779.0,8473.98,1030.94,67
KUL-DXB,Star Air,XX,1,January,Q1,2026,111,138914.608073,129134.0504467,8334.87648438,1445.681141,19337.31169507,1251.48,68
DXB-CMB,Star Air,XX,1,January,Q1,2026,122,138846.0,126914.24,8330.76,3601.0,8330.36,1138.08,69
DXB-BOM,Star Air,XX,1,January,Q1,2026,138,132557.0,122701.58,7953.42,1902.0,13420.8,960.56,70
DXB-BHX,Star Air,XX,1,January,Q1,2026,145,129919.0,120220.86,7795.14,1903.0,12991.55,895.99,71
DXB-HYD,Star Air,XX,1,January,Q1,2026,128,121999.0,113104.06,7319.94,1575.0,6099.94,953.12,72
JFK-MIL,Star Air,XX,1,January,Q1,2026,125,121693.932059,113227.6726615,7301.63592354,1164.623474,16422.3390282,973.55,73
DXB-DEL,Star Air,XX,1,January,Q1,2026,118,118190.0,109491.6,7091.4,1607.0,13000.82,1001.61,74
JNB-DXB,Star Air,XX,1,January,Q1,2026,118,117636.406435,108753.2526648,7058.1843861,1824.969384,15106.20453849,996.92,75
DXB-MUC,Star Air,XX,1,January,Q1,2026,111,110931.0,102384.14,6655.86,1891.0,11092.86,999.38,76
DXB-ADD,Star Air,XX,1,January,Q1,2026,99,104162.0,96753.28,6249.72,1159.0,6249.77,1052.14,77
ADD-DXB,Star Air,XX,1,January,Q1,2026,104,96559.19544,88661.1374736,5793.5517264,2104.50624,12743.464908,928.45,78
BHX-DXB,Star Air,XX,1,January,Q1,2026,108,95522.995106,88093.6483164,5731.37970636,1697.967083,13610.25985048,884.47,79
HYD-DXB,Star Air,XX,1,January,Q1,2026,91,95342.222425,88047.4441663,5720.5333455,1574.244913,4767.11074751,1047.72,80
KUL-SYD,Star Air,XX,1,January,Q1,2026,69,90305.076384,82087.5970999,5418.30458304,2799.174701,14002.02309974,1308.77,81
LGW-DXB,Star Air,XX,1,January,Q1,2026,86,79816.00839,73929.2299389,4788.9605034,1097.817948,11394.15074103,928.09,82
MUC-DXB,Star Air,XX,1,January,Q1,2026,73,61051.850959,56388.9638126,3663.11105754,999.776089,7809.40747066,836.33,83
SYD-KUL,Star Air,XX,1,January,Q1,2026,51,53683.101286,49730.6145688,3220.98607716,731.50064,12142.49263196,1052.61,84
DXB-JNB,Star Air,XX,1,January,Q1,2026,51,47909.0,44096.46,2874.54,938.0,2874.58,939.39,85
MIL-JFK,Star Air,XX,1,January,Q1,2026,31,29670.319258,27543.6557227,1780.21915548,346.44438,4147.1444585,957.11,86
DXB-MEL,Star Air,XX,2,February,Q1,2026,935,4142863.0,3835401.22,248571.78,58890.0,764468.78,4430.87,1
SYD-DXB,Star Air,XX,2,February,Q1,2026,1362,3816713.756312,3537205.5106816,229002.82537872,50505.420252,708916.81718079,2802.29,2
MEL-DXB,Star Air,XX,2,February,Q1,2026,830,3685385.72694,3408723.7087023,221123.1436164,55538.874621,683741.21917562,4440.22,3
BNE-DXB,Star Air,XX,2,February,Q1,2026,1762,3673512.424283,3405884.7932517,220410.74545698,47216.885574,681230.99448647,2084.85,4
DXB-BNE,Star Air,XX,2,February,Q1,2026,1715,3524309.0,3260349.46,211458.54,52501.0,649002.37,2054.99,5
DXB-SYD,Star Air,XX,2,February,Q1,2026,853,2349191.0,2172361.54,140951.46,35878.0,434122.86,2754.03,6
DXB-BKK,Star Air,XX,2,February,Q1,2026,863,2049615.0,1897734.1,122976.9,28904.0,404428.88,2374.99,7
YUL-DXB,Star Air,XX,2,February,Q1,2026,1993,2035850.717889,1884853.6227403,122151.04307334,28846.052074,201297.8806689,1021.5,8
DXB-YUL,Star Air,XX,2,February,Q1,2026,1811,1991802.0,1842715.88,119508.12,29578.0,196480.24,1099.84,9
BKK-DXB,Star Air,XX,2,February,Q1,2026,834,1963782.97862,1813742.404835,117826.9787172,32213.595069,393775.26355638,2354.66,10
DXB-ORD,Star Air,XX,2,February,Q1,2026,492,1924560.0,1781917.4,115473.6,27169.0,211126.69,3911.71,11
ORD-DXB,Star Air,XX,2,February,Q1,2026,407,1598293.763975,1482513.3319703,95897.6258385,19882.806167,176464.09890937,3927.01,12
SIN-DXB,Star Air,XX,2,February,Q1,2026,796,1304342.241323,1203427.11078,78260.53447938,22654.596064,152063.40351915,1638.62,13
DXB-IAH,Star Air,XX,2,February,Q1,2026,312,1247034.0,1146411.96,74822.04,25800.0,129374.88,3996.9,14
DXB-SIN,Star Air,XX,2,February,Q1,2026,822,1244575.0,1151161.5,74674.5,18739.0,145487.3,1514.08,15
DFW-DXB,Star Air,XX,2,February,Q1,2026,258,1208501.813964,1122628.6024183,72510.10883784,13363.102708,117531.41248349,4684.12,16
IAH-DXB,Star Air,XX,2,February,Q1,2026,264,1141180.685701,1057394.333295,68470.84114206,15315.511265,116905.2656848,4322.65,17
DXB-MRU,Star Air,XX,2,February,Q1,2026,396,880981.0,817273.14,52858.86,10849.0,73445.47,2224.7,18
YYZ-DXB,Star Air,XX,2,February,Q1,2026,179,878551.725811,815706.4754601,52713.10354866,10132.146802,96642.19539419,4908.11,19
DXB-CPT,Star Air,XX,2,February,Q1,2026,326,843983.0,783204.02,50638.98,10140.0,84178.86,2588.9,20
CPT-DXB,Star Air,XX,2,February,Q1,2026,341,836838.977426,777741.7514884,50210.33864556,8886.887292,81446.65175645,2454.07,21
DXB-MIL,Star Air,XX,2,February,Q1,2026,517,833970.0,771728.8,50038.2,12203.0,77312.89,1613.09,22
LHE-DXB,Star Air,XX,2,February,Q1,2026,728,830641.756857,769341.2640226,49838.50541142,11461.987423,73610.84775596,1140.99,23
DXB-JFK,Star Air,XX,2,February,Q1,2026,166,787439.0,724661.66,47246.34,15531.0,83854.99,4743.61,24
MRU-DXB,Star Air,XX,2,February,Q1,2026,349,778180.78716,721041.8641781,46690.8472296,10448.075752,67043.05229657,2229.74,25
CCU-DXB,Star Air,XX,2,February,Q1,2026,599,733272.259316,677511.0724022,43996.33555896,11764.851355,59431.85866166,1224.16,26
DXB-CCU,Star Air,XX,2,February,Q1,2026,654,729444.0,673113.36,43766.64,12564.0,62288.44,1115.36,27
DXB-COK,Star Air,XX,2,February,Q1,2026,717,689152.0,638639.88,41349.12,9163.0,67427.07,961.16,28
MIL-DXB,Star Air,XX,2,February,Q1,2026,459,683554.801659,629948.9423971,41013.28809954,12592.571162,60314.61124029,1489.23,29
DXB-ZRH,Star Air,XX,2,February,Q1,2026,195,682745.0,629907.3,40964.7,11873.0,52257.45,3501.26,30
COK-DXB,Star Air,XX,2,February,Q1,2026,677,680220.165758,630374.952335,40813.20994548,9032.003478,62818.79331095,1004.76,31
JFK-DXB,Star Air,XX,2,February,Q1,2026,145,647954.415202,598066.287478,38877.26491212,11010.862812,61716.92605825,4468.65,32
DXB-CDG,Star Air,XX,2,February,Q1,2026,193,632606.0,587058.64,37956.36,7591.0,63736.86,3277.75,33
DXB-LHR,Star Air,XX,2,February,Q1,2026,275,612022.0,564265.68,36721.32,11035.0,45096.89,2225.53,34
DXB-DFW,Star Air,XX,2,February,Q1,2026,134,608138.0,564349.72,36488.28,7300.0,59592.21,4538.34,35
DXB-LHE,Star Air,XX,2,February,Q1,2026,496,532231.0,492654.14,31933.86,7643.0,51117.37,1073.05,36
DXB-DUB,Star Air,XX,2,February,Q1,2026,104,522103.0,484737.82,31326.18,6039.0,93979.25,5020.22,37
DXB-YYZ,Star Air,XX,2,February,Q1,2026,97,446055.0,410572.7,26763.3,8719.0,49066.33,4598.51,38
LHR-DXB,Star Air,XX,2,February,Q1,2026,261,440035.57037,405222.2952961,26402.1342222,8411.140851,32862.97499596,1685.96,39
SIN-MEL,Star Air,XX,2,February,Q1,2026,95,431577.699914,399409.6560133,25894.66199484,6273.381906,177115.5713907,4542.92,40
ZRH-DXB,Star Air,XX,2,February,Q1,2026,114,415903.381746,387450.5615259,24954.20290476,3498.617315,35429.81332624,3648.28,41
HAN-DXB,Star Air,XX,2,February,Q1,2026,213,409517.061005,380471.3959123,24571.0236603,4474.641432,65522.72970573,1922.62,42
FRA-DXB,Star Air,XX,2,February,Q1,2026,134,408665.969094,378590.5206096,24519.95814564,5555.490339,40864.833584,3049.75,43
DXB-PEW,Star Air,XX,2,February,Q1,2026,282,401634.0,373766.96,24098.04,3769.0,27636.07,1424.23,44
DXB-CHC,Star Air,XX,2,February,Q1,2026,341,399383.0,369595.02,23962.98,5825.0,61899.63,1171.21,45
PEW-DXB,Star Air,XX,2,February,Q1,2026,250,387003.976176,357493.3867578,23220.23857056,6290.350848,27536.74696643,1548.02,46
AKL-DXB,Star Air,XX,2,February,Q1,2026,148,380213.226064,350445.7360018,22812.79356384,6954.696498,59247.34197025,2569.01,47
DXB-MAA,Star Air,XX,2,February,Q1,2026,353,366271.0,339720.74,21976.26,4574.0,40289.88,1037.59,48
DXB-HAN,Star Air,XX,2,February,Q1,2026,166,318148.0,294752.12,19088.88,4307.0,50903.91,1916.55,49
KHI-DXB,Star Air,XX,2,February,Q1,2026,266,316648.312001,292371.7092852,18998.89872006,5277.703996,34187.62650255,1190.41,50
MAA-DXB,Star Air,XX,2,February,Q1,2026,293,294080.304931,271566.9252324,17644.81829586,4868.561403,32348.64144322,1003.69,51
MEL-SIN,Star Air,XX,2,February,Q1,2026,54,291178.353367,270245.8495199,17470.70120202,3461.802645,52413.25724516,5392.19,52
DUB-DXB,Star Air,XX,2,February,Q1,2026,61,282716.054391,259972.0850654,16962.96326346,5781.006062,82536.59472276,4634.69,53
SVO-DXB,Star Air,XX,2,February,Q1,2026,159,267731.165819,246430.5046258,16063.86994914,5236.791244,24095.80288234,1683.84,54
DXB-AKL,Star Air,XX,2,February,Q1,2026,107,262361.0,242876.34,15741.66,3743.0,40537.98,2451.97,55
DXB-GVA,Star Air,XX,2,February,Q1,2026,104,253663.0,235549.22,15219.78,2894.0,27903.19,2439.07,56
CDG-DXB,Star Air,XX,2,February,Q1,2026,83,234296.898139,217444.6388768,14057.81388834,2794.445374,23064.88051017,2822.85,57
BOM-DXB,Star Air,XX,2,February,Q1,2026,203,221832.876119,205302.0682663,13309.97256714,3220.835286,22537.21216026,1092.77,58
CHC-DXB,Star Air,XX,2,February,Q1,2026,200,220152.843606,203012.2617468,13209.17061636,3931.411243,33777.491427,1100.76,59
GVA-DXB,Star Air,XX,2,February,Q1,2026,80,204476.425508,190051.4919233,12268.58553048,2156.348054,26638.43313837,2555.96,60
DEL-DXB,Star Air,XX,2,February,Q1,2026,174,197443.312262,183510.5737378,11846.59873572,2086.139788,21718.77227995,1134.73,61
DXB-SVO,Star Air,XX,2,February,Q1,2026,96,151409.0,139975.46,9084.54,2349.0,13626.79,1577.18,62
CMB-DXB,Star Air,XX,2,February,Q1,2026,114,151118.20415,140049.3197095,9067.092249,2001.792192,2602.45694049,1325.6,63
DXB-KHI,Star Air,XX,2,February,Q1,2026,127,140140.0,129578.6,8408.4,2153.0,15140.39,1103.46,64
DXB-LGW,Star Air,XX,2,February,Q1,2026,145,137211.0,127343.34,8232.66,1635.0,8232.55,946.28,65
DXB-BOM,Star Air,XX,2,February,Q1,2026,112,129670.0,120117.8,7780.2,1772.0,12854.48,1157.77,66
DXB-BHX,Star Air,XX,2,February,Q1,2026,125,119130.0,110413.2,7147.8,1569.0,11912.78,953.04,67
DXB-ADD,Star Air,XX,2,February,Q1,2026,97,113471.0,105000.74,6808.26,1662.0,6808.26,1169.8,68
DXB-KUL,Star Air,XX,2,February,Q1,2026,93,103038.0,95349.72,6182.28,1506.0,6182.31,1107.94,69
JFK-MIL,Star Air,XX,2,February,Q1,2026,104,103019.971516,95166.822766,6181.19829096,1671.950459,14245.80459426,990.58,70
DXB-DEL,Star Air,XX,2,February,Q1,2026,100,101407.0,93959.58,6084.42,1363.0,11155.03,1014.07,71
KUL-DXB,Star Air,XX,2,February,Q1,2026,81,99620.229756,92478.8149158,5977.21378536,1164.201055,14150.85001325,1229.88,72
JNB-DXB,Star Air,XX,2,February,Q1,2026,89,93582.504691,86281.4292427,5614.95028146,1686.125167,12908.67262105,1051.49,73
DXB-MUC,Star Air,XX,2,February,Q1,2026,67,83223.0,76464.62,4993.38,1765.0,8322.22,1242.13,74
DXB-CMB,Star Air,XX,2,February,Q1,2026,74,81681.0,76033.14,4900.86,747.0,4901.02,1103.8,75
HYD-DXB,Star Air,XX,2,February,Q1,2026,57,68800.502479,62561.9997525,4128.03014874,2110.472578,3440.02680142,1207.03,76
BHX-DXB,Star Air,XX,2,February,Q1,2026,75,66496.068494,60568.2081882,3989.76410964,1938.096196,8824.31800725,886.61,77
DXB-FRA,Star Air,XX,2,February,Q1,2026,22,61019.0,56240.86,3661.14,1117.0,6101.86,2773.59,78
KUL-SYD,Star Air,XX,2,February,Q1,2026,44,58938.228823,54410.8836295,3536.29372938,991.051464,9137.79967023,1339.51,79
DXB-HYD,Star Air,XX,2,February,Q1,2026,55,55746.0,51738.24,3344.76,663.0,2787.19,1013.56,80
MUC-DXB,Star Air,XX,2,February,Q1,2026,59,55532.691924,51480.9686764,3331.96151544,719.761732,7748.93472241,941.23,81
LGW-DXB,Star Air,XX,2,February,Q1,2026,60,54308.818763,50256.3154513,3258.52912578,793.974186,6902.09924851,905.15,82
ADD-DXB,Star Air,XX,2,February,Q1,2026,58,50849.23632,47175.2599008,3050.9541792,623.02224,6710.8675536,876.71,83
DXB-JNB,Star Air,XX,2,February,Q1,2026,37,47622.0,44280.68,2857.32,484.0,2857.45,1287.08,84
MIL-JFK,Star Air,XX,2,February,Q1,2026,26,27085.820748,25269.8498413,1625.14924488,190.821662,3516.96323597,1041.76,85
SYD-KUL,Star Air,XX,2,February,Q1,2026,20,24631.615743,22353.2379264,1477.89694458,800.480872,5570.5558866,1231.58,86
MEL-DXB,Star Air,XX,3,March,Q1,2026,541,2502288.331636,2317162.9373743,150137.29989816,34988.094363,471587.41783988,4625.3,1
DXB-MEL,Star Air,XX,3,March,Q1,2026,544,2455404.0,2276498.76,147324.24,31581.0,449217.69,4513.61,2
SYD-DXB,Star Air,XX,3,March,Q1,2026,757,2306081.352732,2131918.5084343,138364.88116392,35797.963133,434172.09640781,3046.34,3
DXB-BNE,Star Air,XX,3,March,Q1,2026,960,2048177.0,1897068.38,122890.62,28218.0,375857.94,2133.52,4
BNE-DXB,Star Air,XX,3,March,Q1,2026,857,1964748.741261,1819863.8497717,117884.92447566,26999.967013,368821.59747809,2292.59,5
DXB-BKK,Star Air,XX,3,March,Q1,2026,512,1208800.0,1117796.0,72528.0,18476.0,239105.12,2360.94,6
DXB-ORD,Star Air,XX,3,March,Q1,2026,285,1186171.0,1096040.74,71170.26,18960.0,129279.35,4162.0,7
YUL-DXB,Star Air,XX,3,March,Q1,2026,1076,1171249.535623,1082690.3903041,70274.97213738,18284.173183,115954.01361737,1088.52,8
DXB-SYD,Star Air,XX,3,March,Q1,2026,378,1108328.0,1025657.32,66499.68,16171.0,204688.94,2932.08,9
DXB-YUL,Star Air,XX,3,March,Q1,2026,968,1070065.0,990559.1,64203.9,15302.0,105306.88,1105.44,10
BKK-DXB,Star Air,XX,3,March,Q1,2026,426,1054184.612628,976389.1046012,63251.07675768,14544.43127,213307.64975988,2474.61,11
ORD-DXB,Star Air,XX,3,March,Q1,2026,218,855530.196512,794725.051999,51331.81179072,9473.332722,94394.44989699,3924.45,12
DXB-IAH,Star Air,XX,3,March,Q1,2026,204,837858.0,771325.52,50271.48,16261.0,88279.18,4107.15,13
DXB-SIN,Star Air,XX,3,March,Q1,2026,455,745512.0,689556.28,44730.72,11225.0,87533.23,1638.49,14
SIN-DXB,Star Air,XX,3,March,Q1,2026,455,715243.327219,662846.7751253,42914.59963314,9481.95246,83429.30702833,1571.96,15
DXB-MRU,Star Air,XX,3,March,Q1,2026,272,636765.0,586636.1,38205.9,11923.0,51445.08,2341.05,16
DFW-DXB,Star Air,XX,3,March,Q1,2026,120,591212.500722,545698.0899333,35472.75004332,10041.660745,56464.8603227,4926.77,17
CPT-DXB,Star Air,XX,3,March,Q1,2026,186,487108.519907,453201.6478437,29226.51119442,4680.360869,48307.68167857,2618.86,18
MRU-DXB,Star Air,XX,3,March,Q1,2026,189,486277.775839,452072.0865797,29176.66655034,5029.022709,42918.16900153,2572.9,19
DXB-CCU,Star Air,XX,3,March,Q1,2026,393,479570.0,444966.8,28774.2,5829.0,41412.52,1220.28,20
JFK-DXB,Star Air,XX,3,March,Q1,2026,107,470797.096629,436414.4438059,28247.82579774,6134.827025,42404.77036095,4399.97,21
LHE-DXB,Star Air,XX,3,March,Q1,2026,418,469172.738103,434523.2925796,28150.36428618,6499.081237,42438.63875429,1122.42,22
DXB-ZRH,Star Air,XX,3,March,Q1,2026,136,450278.0,415346.32,27016.68,7915.0,33297.9,3310.87,23
YYZ-DXB,Star Air,XX,3,March,Q1,2026,88,446997.553066,415726.0578273,26819.85318396,4451.642055,49170.75522669,5079.52,24
DXB-CPT,Star Air,XX,3,March,Q1,2026,175,446242.0,413987.48,26774.52,5480.0,45210.14,2549.95,25
DXB-COK,Star Air,XX,3,March,Q1,2026,432,436752.0,403167.88,26205.12,7379.0,42990.66,1011.0,26
DXB-JFK,Star Air,XX,3,March,Q1,2026,78,404596.0,375458.24,24275.76,4862.0,44235.06,5187.13,27
DXB-MIL,Star Air,XX,3,March,Q1,2026,251,404011.0,369449.34,24240.66,10321.0,36814.42,1609.61,28
COK-DXB,Star Air,XX,3,March,Q1,2026,370,401456.269121,371833.1102903,24087.37614726,5535.782682,35933.7589792,1085.02,29
CCU-DXB,Star Air,XX,3,March,Q1,2026,300,367959.450855,339548.8248131,22077.5670513,6333.05899,29831.84501851,1226.53,30
MIL-DXB,Star Air,XX,3,March,Q1,2026,237,361786.648487,336645.3516076,21707.19890922,3434.09797,30242.78878109,1526.53,31
IAH-DXB,Star Air,XX,3,March,Q1,2026,92,331242.841921,305615.8850106,19874.57051526,5752.386395,33648.92646628,3600.47,32
DXB-LHE,Star Air,XX,3,March,Q1,2026,291,323032.0,297786.08,19381.92,5864.0,31693.63,1110.08,33
DXB-LHR,Star Air,XX,3,March,Q1,2026,156,290202.0,265112.88,17412.12,7677.0,24562.0,1860.27,34
DXB-CDG,Star Air,XX,3,March,Q1,2026,81,277824.0,255882.56,16669.44,5272.0,28953.55,3429.93,35
DXB-DFW,Star Air,XX,3,March,Q1,2026,47,257519.0,238497.86,15451.14,3570.0,24480.58,5479.13,36
DXB-DUB,Star Air,XX,3,March,Q1,2026,52,250903.0,233781.82,15054.18,2067.0,45162.71,4825.06,37
HAN-DXB,Star Air,XX,3,March,Q1,2026,124,239039.878876,221511.8579699,14342.39273256,3185.628174,38246.3805106,1927.74,38
LHR-DXB,Star Air,XX,3,March,Q1,2026,124,238202.282216,220542.4863032,14292.13693296,3367.65898,18372.13131472,1920.99,39
DXB-PEW,Star Air,XX,3,March,Q1,2026,163,226366.0,207650.04,13581.96,5134.0,15920.3,1388.75,40
SIN-MEL,Star Air,XX,3,March,Q1,2026,49,224516.077978,208041.9463104,13470.96467868,3003.166989,94232.32707618,4581.96,41
AKL-DXB,Star Air,XX,3,March,Q1,2026,74,216518.47944,200205.3408398,12991.1087664,3322.029834,32446.82115952,2925.93,42
PEW-DXB,Star Air,XX,3,March,Q1,2026,127,214399.386736,200308.372476,12863.96320416,1227.051056,15991.44139193,1688.18,43
FRA-DXB,Star Air,XX,3,March,Q1,2026,66,196022.826366,181469.1673217,11761.36958196,2792.289462,19601.77930521,2970.04,44
DXB-MAA,Star Air,XX,3,March,Q1,2026,170,190161.0,174997.34,11409.66,3754.0,20917.67,1118.59,45
KHI-DXB,Star Air,XX,3,March,Q1,2026,150,186253.239816,171717.9444367,11175.19438896,3360.10099,20093.18101805,1241.69,46
DXB-CHC,Star Air,XX,3,March,Q1,2026,147,183973.0,170591.62,11038.38,2343.0,28839.83,1251.52,47
DXB-HAN,Star Air,XX,3,March,Q1,2026,98,181194.0,168175.36,10871.64,2147.0,28991.79,1848.92,48
DXB-GVA,Star Air,XX,3,March,Q1,2026,57,160452.0,148200.88,9627.12,2624.0,17649.93,2814.95,49
ZRH-DXB,Star Air,XX,3,March,Q1,2026,53,160412.206858,148919.5875231,9624.73241148,1867.886923,14436.57982451,3026.65,50
DXB-AKL,Star Air,XX,3,March,Q1,2026,61,159968.0,148620.92,9598.08,1749.0,24756.87,2622.43,51
BOM-DXB,Star Air,XX,3,March,Q1,2026,109,141525.476687,130975.9608603,8491.52860122,2057.987226,14248.1011957,1298.4,52
MEL-SIN,Star Air,XX,3,March,Q1,2026,28,141169.260261,132699.1046455,8470.15561566,0.0,25410.49279421,5041.76,53
MAA-DXB,Star Air,XX,3,March,Q1,2026,141,137514.34398,127780.5053584,8250.8606388,1482.977983,15126.51089514,975.28,54
SVO-DXB,Star Air,XX,3,March,Q1,2026,80,135886.574236,126755.4542904,8153.19445416,977.925491,12229.79540703,1698.58,55
GVA-DXB,Star Air,XX,3,March,Q1,2026,46,129866.298735,120340.2220746,7791.9779241,1734.098736,17491.07747066,2823.18,56
CHC-DXB,Star Air,XX,3,March,Q1,2026,99,128651.198178,118111.7240671,7719.07189068,2820.40222,19372.70865834,1299.51,57
DUB-DXB,Star Air,XX,3,March,Q1,2026,17,123018.930553,108777.6193428,7381.13583318,6860.175377,35911.92441656,7236.41,58
DXB-YYZ,Star Air,XX,3,March,Q1,2026,23,101087.0,92818.78,6065.22,2203.0,11119.21,4395.09,59
DEL-DXB,Star Air,XX,3,March,Q1,2026,92,92213.134523,85209.9386577,5532.78807138,1470.407794,10143.45956614,1002.32,60
DXB-LGW,Star Air,XX,3,March,Q1,2026,85,89291.0,82714.54,5357.46,1219.0,5357.73,1050.48,61
DXB-BHX,Star Air,XX,3,March,Q1,2026,82,89158.0,82671.52,5349.48,1137.0,8915.12,1087.29,62
KUL-DXB,Star Air,XX,3,March,Q1,2026,71,88763.135401,81564.868314,5325.78812406,1872.478963,13188.34513159,1250.19,63
DXB-SVO,Star Air,XX,3,March,Q1,2026,48,76140.0,70790.6,4568.4,781.0,6852.54,1586.25,64
DXB-KHI,Star Air,XX,3,March,Q1,2026,74,74145.0,68398.3,4448.7,1298.0,8017.25,1001.96,65
JNB-DXB,Star Air,XX,3,March,Q1,2026,57,69019.646646,64380.2390992,4141.17879876,498.228748,9317.81847272,1210.87,66
CMB-DXB,Star Air,XX,3,March,Q1,2026,61,68300.98736,63557.9011411,4098.0592416,645.026977,1176.23385665,1119.69,67
CDG-DXB,Star Air,XX,3,March,Q1,2026,17,63886.249709,59193.6490703,3833.17498254,859.425656,6215.54256088,3758.01,68
DXB-CMB,Star Air,XX,3,March,Q1,2026,49,59770.0,55520.8,3586.2,663.0,3586.34,1219.8,69
DXB-KUL,Star Air,XX,3,March,Q1,2026,53,58920.0,54157.8,3535.2,1227.0,3535.12,1111.7,70
MUC-DXB,Star Air,XX,3,March,Q1,2026,38,54460.349832,49573.5088772,3267.62098992,1619.219965,7038.89807478,1433.17,71
BHX-DXB,Star Air,XX,3,March,Q1,2026,52,49555.794025,46004.9294454,2973.3476415,577.516938,6563.63338335,953.0,72
DXB-DEL,Star Air,XX,3,March,Q1,2026,47,48541.0,44824.54,2912.46,804.0,5339.39,1032.79,73
DXB-ADD,Star Air,XX,3,March,Q1,2026,45,47585.0,44331.9,2855.1,398.0,2855.18,1057.44,74
DXB-MUC,Star Air,XX,3,March,Q1,2026,43,40524.0,37997.56,2431.44,95.0,4052.41,942.42,75
DXB-BOM,Star Air,XX,3,March,Q1,2026,39,39047.0,36199.18,2342.82,505.0,3893.22,1001.21,76
DXB-HYD,Star Air,XX,3,March,Q1,2026,34,36575.0,33578.5,2194.5,802.0,1828.82,1075.74,77
JFK-MIL,Star Air,XX,3,March,Q1,2026,34,35214.949367,32253.5783409,2112.89696202,848.474064,4851.56656773,1035.73,78
ADD-DXB,Star Air,XX,3,March,Q1,2026,41,33281.77872,30789.7803168,1996.9067232,495.09168,4392.3828816,811.75,79
KUL-SYD,Star Air,XX,3,March,Q1,2026,19,20762.636077,19300.5752954,1245.75816462,216.302617,3219.45101303,1092.77,80
LGW-DXB,Star Air,XX,3,March,Q1,2026,19,18175.532063,16703.2493315,1090.53192378,381.750808,2209.57464423,956.61,81
DXB-JNB,Star Air,XX,3,March,Q1,2026,18,18077.0,16693.38,1084.62,299.0,1084.52,1004.28,82
HYD-DXB,Star Air,XX,3,March,Q1,2026,15,14597.090278,13623.6052853,875.82541668,97.659576,729.85789093,973.14,83
DXB-FRA,Star Air,XX,3,March,Q1,2026,1,2838.0,2667.72,170.28,0.0,283.82,2838.0,84
SYD-KUL,Star Air,XX,3,March,Q1,2026,2,2347.037718,2206.2154549,140.82226308,0.0,530.3132998,1173.52,85
