Billed_Date,month_name,quarter_label,year,Billed_Carrier_Name,Billed_Carrier_Code,Operating_Carrier_Name,Operating_Carrier_Code,Billed_Currency,Ticket_Count,Billed_Amount,Commission_Amount,Billed_Discount,Accepted_Amount,Accepted_Commission,Accepted_Discount,Rejected_Amount,Rejected_Commission,Rejected_Discount,Rejection_Percentage,Billing_Efficiency_Pct
2025-02-04,February,Q1,2025,Air New Zealand,NZ,Star Air,XX,USD,500,243370.0,14602.2,2770.0,206867.32,12412.2,2410.12,36502.68,2190.0,359.88,15.0,85.0
2025-02-04,February,Q1,2025,Qantas,QF,Star Air,XX,USD,254,129935.0,7796.1,1545.0,110042.93,6602.66,1290.28,19892.07,1193.44,254.72,15.31,84.69
2025-02-04,February,Q1,2025,JetBlue,B6,Star Air,XX,USD,263,348825.0,20929.5,6270.0,295044.75,17702.67,5336.71,53780.25,3226.83,933.29,15.42,84.58
2025-01-17,January,Q1,2025,Qantas,QF,Star Air,XX,USD,773,412910.0,24774.6,4950.0,351139.23,21068.12,4200.24,61770.77,3706.48,749.76,14.96,85.04
2025-02-04,February,Q1,2025,Thai Airways International,TG,Star Air,XX,USD,257,152935.0,9176.1,1890.0,129040.85,7742.55,1603.21,23894.15,1433.55,286.79,15.62,84.38
2025-03-13,March,Q1,2025,Thai Airways International,TG,Star Air,XX,USD,252,160170.0,9610.2,2795.0,135302.29,8118.16,2386.84,24867.71,1492.04,408.16,15.53,84.47
2025-01-12,January,Q1,2025,Qantas,QF,Star Air,XX,USD,742,580770.0,34846.2,8080.0,490162.1,29409.89,6930.42,90607.9,5436.31,1149.58,15.6,84.4
2025-03-13,March,Q1,2025,Air France,AF,Star Air,XX,USD,261,229890.0,13793.4,2595.0,195397.02,11723.79,2165.65,34492.98,2069.61,429.35,15.0,85.0
2025-02-04,February,Q1,2025,Jet Airways,9W,Star Air,XX,USD,252,66280.0,3976.8,955.0,56006.13,3360.25,817.94,10273.87,616.55,137.06,15.5,84.5
2025-01-12,January,Q1,2025,Thai Airways International,TG,Star Air,XX,USD,253,153630.0,9217.8,2155.0,130931.06,7855.84,1860.02,22698.94,1361.96,294.98,14.78,85.22
2025-01-17,January,Q1,2025,Thai Airways International,TG,Star Air,XX,USD,252,153570.0,9214.2,2695.0,128459.08,7707.59,2309.62,25110.92,1506.61,385.38,16.35,83.65
2025-02-04,February,Q1,2025,SIA,SQ,Star Air,XX,USD,516,217545.0,13052.7,3160.0,184020.56,11041.07,2650.7,33524.44,2011.63,509.3,15.41,84.59
2025-02-04,February,Q1,2025,Emirates,EK,Star Air,XX,USD,260,73530.0,4411.8,1255.0,61977.44,3718.58,1030.87,11552.56,693.22,224.13,15.71,84.29
2025-01-17,January,Q1,2025,SIA,SQ,Star Air,XX,USD,255,105085.0,6305.1,1920.0,89196.79,5351.72,1658.89,15888.21,953.38,261.11,15.12,84.88
2025-02-04,February,Q1,2025,Vietnam Airlines,VN,Star Air,XX,USD,1,130.0,7.8,15.0,119.18,7.15,11.92,10.82,0.65,3.08,8.32,91.68
2025-03-13,March,Q1,2025,Qantas,QF,Star Air,XX,USD,256,199950.0,11997.0,2850.0,170075.16,10204.45,2459.76,29874.84,1792.55,390.24,14.94,85.06
2025-02-04,February,Q1,2025,Air Mauritius,MK,Star Air,XX,USD,249,149265.0,8955.9,2505.0,126292.5,7577.66,2095.72,22972.5,1378.24,409.28,15.39,84.61
2025-01-12,January,Q1,2025,American Airlines,AA,Star Air,XX,USD,265,284660.0,17079.6,3460.0,239834.17,14390.14,2967.11,44825.83,2689.46,492.89,15.75,84.25
2025-03-13,March,Q1,2025,Air Mauritius,MK,Star Air,XX,USD,264,160225.0,9613.5,1590.0,135795.15,8147.68,1366.03,24429.85,1465.82,223.97,15.25,84.75
2025-01-12,January,Q1,2025,Emirates,EK,Star Air,XX,USD,505,140310.0,8418.6,2210.0,118242.79,7094.54,1862.13,22067.21,1324.06,347.87,15.73,84.27
2025-03-13,March,Q1,2025,PIA,PK,Star Air,XX,USD,238,68745.0,4124.7,1150.0,58104.43,3486.15,970.92,10640.57,638.55,179.08,15.48,84.52
2025-03-13,March,Q1,2025,American Airlines,AA,Star Air,XX,USD,266,270820.0,16249.2,4915.0,227945.87,13676.77,4149.83,42874.13,2572.43,765.17,15.83,84.17
2025-06-26,June,Q2,2025,Qantas,QF,Star Air,XX,USD,237,146450.0,8787.0,2345.0,123743.3,7424.59,2016.45,22706.7,1362.41,328.55,15.5,84.5
2025-03-13,March,Q1,2025,Emirates,EK,Star Air,XX,USD,259,74265.0,4455.9,1055.0,63118.34,3787.04,894.44,11146.66,668.86,160.56,15.01,84.99
2025-03-13,March,Q1,2025,Air Canada,AC,Star Air,XX,USD,259,73810.0,4428.6,1060.0,62703.23,3762.28,882.41,11106.77,666.32,177.59,15.05,84.95
2025-04-27,April,Q2,2025,Thai Airways International,TG,Star Air,XX,USD,245,184815.0,11088.9,2695.0,156045.0,9362.71,2357.14,28770.0,1726.19,337.86,15.57,84.43
2025-06-26,June,Q2,2025,Thai Airways International,TG,Star Air,XX,USD,247,169665.0,10179.9,2235.0,142668.96,8560.16,1817.0,26996.04,1619.74,418.0,15.91,84.09
2025-05-03,May,Q2,2025,Air India,AI,Star Air,XX,USD,251,84355.0,5061.3,1240.0,71910.98,4314.63,1060.4,12444.02,746.67,179.6,14.75,85.25
2025-05-28,May,Q2,2025,Thai Airways International,TG,Star Air,XX,USD,249,175060.0,10503.6,3275.0,148291.27,8897.49,2828.83,26768.73,1606.11,446.17,15.29,84.71
2025-06-26,June,Q2,2025,Air France,AF,Star Air,XX,USD,239,239405.0,14364.3,3520.0,203020.72,12181.18,3013.94,36384.28,2183.12,506.06,15.2,84.8
2025-04-27,April,Q2,2025,Air India,AI,Star Air,XX,USD,242,104570.0,6274.2,2190.0,88732.52,5323.92,1816.27,15837.48,950.28,373.73,15.15,84.85
2025-01-17,January,Q1,2025,Emirates,EK,Star Air,XX,USD,246,73545.0,4412.7,1370.0,61944.12,3716.65,1124.56,11600.88,696.05,245.44,15.77,84.23
2025-04-14,April,Q2,2025,Qantas,QF,Star Air,XX,USD,477,232895.0,13973.7,3895.0,197287.54,11837.31,3242.74,35607.46,2136.39,652.26,15.29,84.71
2025-04-14,April,Q2,2025,Jet Airways,9W,Star Air,XX,USD,245,75135.0,4508.1,935.0,63563.42,3813.77,807.46,11571.58,694.33,127.54,15.4,84.6
2025-05-03,May,Q2,2025,Air Canada,AC,Star Air,XX,USD,242,81760.0,4905.6,1540.0,68527.19,4111.63,1295.93,13232.81,793.97,244.07,16.18,83.82
2025-05-03,May,Q2,2025,PIA,PK,Star Air,XX,USD,233,84740.0,5084.4,955.0,71837.71,4310.24,820.24,12902.29,774.16,134.76,15.23,84.77
2025-05-01,May,Q2,2025,Qantas,QF,Star Air,XX,USD,232,198555.0,11913.3,2775.0,167705.89,10062.37,2389.33,30849.11,1850.93,385.67,15.54,84.46
2025-04-14,April,Q2,2025,Air Mauritius,MK,Star Air,XX,USD,242,161830.0,9709.8,2680.0,137510.8,8250.58,2307.63,24319.2,1459.22,372.37,15.03,84.97
2025-04-27,April,Q2,2025,Blue Panorama,BV,Star Air,XX,USD,232,78235.0,4694.1,975.0,66037.89,3962.25,824.14,12197.11,731.85,150.86,15.59,84.41
2025-05-28,May,Q2,2025,American Airlines,AA,Star Air,XX,USD,462,541390.0,32483.4,8035.0,455220.12,24547.4,6901.25,86169.88,7936.0,1133.75,15.92,84.08
2025-05-01,May,Q2,2025,JetBlue,B6,Star Air,XX,USD,154,237160.0,14229.6,3600.0,202467.72,12148.01,2938.28,34692.28,2081.59,661.72,14.63,85.37
2025-05-03,May,Q2,2025,American Airlines,AA,Star Air,XX,USD,240,287695.0,17261.7,4990.0,245904.68,14754.27,4159.79,41790.32,2507.43,830.21,14.53,85.47
2025-05-28,May,Q2,2025,British Airways,BA,Star Air,XX,USD,455,254285.0,15257.1,3455.0,212592.75,12257.34,2935.09,41692.25,2999.76,519.91,16.4,83.6
2025-04-27,April,Q2,2025,Qantas,QF,Star Air,XX,USD,481,672485.0,40349.1,11530.0,570378.6,34222.65,9630.94,102106.4,6126.45,1899.06,15.18,84.82
2025-05-03,May,Q2,2025,Vietnam Airlines,VN,Star Air,XX,USD,1,1005.0,60.3,0.0,943.4,56.6,0.0,61.6,3.7,0.0,6.13,93.87
2025-04-27,April,Q2,2025,Air Canada,AC,Star Air,XX,USD,247,80695.0,4841.7,1035.0,68150.58,4089.02,894.22,12544.42,752.68,140.78,15.55,84.45
2025-04-27,April,Q2,2025,Emirates,EK,Star Air,XX,USD,489,165125.0,9907.5,3035.0,139034.54,8342.07,2560.25,26090.46,1565.43,474.75,15.8,84.2
2025-05-28,May,Q2,2025,Qantas,QF,Star Air,XX,USD,734,854380.0,51262.8,14765.0,728139.82,43569.1,12567.3,126240.18,7693.7,2197.7,14.78,85.22
2025-05-03,May,Q2,2025,Air Mauritius,MK,Star Air,XX,USD,252,182810.0,10968.6,3295.0,154476.73,9268.67,2793.83,28333.27,1699.93,501.17,15.5,84.5
2025-04-14,April,Q2,2025,Emirates,EK,Star Air,XX,USD,228,68350.0,4101.0,1130.0,57741.92,3464.47,944.66,10608.08,636.53,185.34,15.52,84.48
2025-05-28,May,Q2,2025,Emirates,EK,Star Air,XX,USD,459,158495.0,9509.7,2175.0,133273.33,7996.35,1793.26,25221.67,1513.35,381.74,15.91,84.09
2025-04-27,April,Q2,2025,British Airways,BA,Star Air,XX,USD,261,143455.0,8607.3,2050.0,121800.53,6264.4,1772.78,21654.47,2342.9,277.22,15.09,84.91
2025-05-01,May,Q2,2025,PIA,PK,Star Air,XX,USD,240,86205.0,5172.3,1625.0,73312.55,4157.54,1359.96,12892.45,1014.76,265.04,14.96,85.04
2025-05-01,May,Q2,2025,Blue Panorama,BV,Star Air,XX,USD,248,79695.0,4781.7,1040.0,67574.27,4164.95,883.94,12120.73,616.75,156.06,15.21,84.79
2025-06-26,June,Q2,2025,PIA,PK,Star Air,XX,USD,261,86975.0,5218.5,1650.0,73478.02,4445.05,1337.28,13496.98,773.45,312.72,15.52,84.48
2025-05-28,May,Q2,2025,PIA,PK,Star Air,XX,USD,256,83985.0,5039.1,1315.0,71124.27,4253.5,1140.79,12860.73,785.6,174.21,15.31,84.69
2025-05-01,May,Q2,2025,Air Mauritius,MK,Star Air,XX,USD,251,153530.0,9211.8,1800.0,130880.86,8471.93,1496.91,22649.14,739.87,303.09,14.75,85.25
2025-05-01,May,Q2,2025,Emirates,EK,Star Air,XX,USD,483,162640.0,9758.4,2905.0,138929.05,8335.79,2511.76,23710.95,1422.61,393.24,14.58,85.42
2025-05-01,May,Q2,2025,Air Canada,AC,Star Air,XX,USD,248,78775.0,4726.5,1445.0,66899.63,4013.98,1237.7,11875.37,712.52,207.3,15.08,84.92
2025-05-03,May,Q2,2025,Emirates,EK,Star Air,XX,USD,242,83835.0,5030.1,1120.0,70429.78,4225.71,950.47,13405.22,804.39,169.53,15.99,84.01
2025-07-12,July,Q3,2025,JetBlue,B6,Star Air,XX,USD,219,336655.0,20199.3,4275.0,280238.22,16814.34,3615.29,56416.78,3384.96,659.71,16.76,83.24
2025-08-03,August,Q3,2025,Qantas,QF,Star Air,XX,USD,1255,1213685.0,72821.1,18865.0,1026714.66,61602.89,15844.95,186970.34,11218.21,3020.05,15.41,84.59
2025-06-26,June,Q2,2025,Air Mauritius,MK,Star Air,XX,USD,249,174040.0,10442.4,1560.0,146897.64,6669.92,1315.76,27142.36,3772.48,244.24,15.6,84.4
2025-07-05,July,Q3,2025,Air India,AI,Star Air,XX,USD,264,92015.0,5520.9,1330.0,77881.83,4672.91,1147.76,14133.17,847.99,182.24,15.36,84.64
2025-06-26,June,Q2,2025,American Airlines,AA,Star Air,XX,USD,247,295580.0,17734.8,4625.0,248681.4,10611.96,3919.94,46898.6,7122.84,705.06,15.87,84.13
2025-05-03,May,Q2,2025,SIA,SQ,Star Air,XX,USD,253,115350.0,6921.0,790.0,96736.47,5017.46,648.84,18613.53,1903.54,141.16,16.14,83.86
2025-08-03,August,Q3,2025,Air France,AF,Star Air,XX,USD,250,241750.0,14505.0,3990.0,207018.07,12421.1,3592.56,34731.93,2083.9,397.44,14.37,85.63
2025-07-20,July,Q3,2025,Air France,AF,Star Air,XX,USD,231,214040.0,12842.4,3105.0,182993.93,10979.61,2674.89,31046.07,1862.79,430.11,14.5,85.5
2025-07-12,July,Q3,2025,Thai Airways International,TG,Star Air,XX,USD,256,189360.0,11361.6,3370.0,158566.57,9513.98,2891.33,30793.43,1847.62,478.67,16.26,83.74
2025-05-28,May,Q2,2025,Air Canada,AC,Star Air,XX,USD,496,161940.0,9716.4,1970.0,137400.16,8244.01,1680.38,24539.84,1472.39,289.62,15.15,84.85
2025-07-05,July,Q3,2025,Thai Airways International,TG,Star Air,XX,USD,239,168595.0,10115.7,2245.0,142111.38,8526.71,1945.09,26483.62,1588.99,299.91,15.71,84.29
2025-09-15,September,Q3,2025,Qantas,QF,Star Air,XX,USD,979,679915.0,40794.9,9475.0,578238.92,34694.25,7935.13,101676.09,6100.65,1539.87,14.95,85.05
2025-07-20,July,Q3,2025,PIA,PK,Star Air,XX,USD,234,73880.0,4432.8,1165.0,61667.0,3700.02,982.34,12213.0,732.78,182.66,16.53,83.47
2025-08-03,August,Q3,2025,American Airlines,AA,Star Air,XX,USD,226,270255.0,16215.3,4400.0,228309.16,13698.56,3774.97,41945.84,2516.74,625.03,15.52,84.48
2025-07-05,July,Q3,2025,JetBlue,B6,Star Air,XX,USD,246,383250.0,22995.0,4320.0,327549.05,19652.97,3708.02,55700.95,3342.03,611.98,14.53,85.47
2025-07-12,July,Q3,2025,American Airlines,AA,Star Air,XX,USD,513,613810.0,36828.6,7225.0,518550.0,31113.03,6188.0,95260.0,5715.57,1037.0,15.52,84.48
2025-07-05,July,Q3,2025,Qantas,QF,Star Air,XX,USD,488,517615.0,31056.9,7655.0,439064.58,26343.93,6591.43,78550.42,4712.97,1063.57,15.18,84.82
2025-07-20,July,Q3,2025,American Airlines,AA,Star Air,XX,USD,239,277325.0,16639.5,4025.0,233161.76,13989.72,3447.8,44163.24,2649.78,577.2,15.92,84.08
2025-07-20,July,Q3,2025,Qantas,QF,Star Air,XX,USD,739,889480.0,53368.8,15300.0,755454.91,45327.31,12960.42,134025.09,8041.49,2339.58,15.07,84.93
2025-07-12,July,Q3,2025,Qantas,QF,Star Air,XX,USD,224,198880.0,11932.8,2365.0,171862.68,10311.74,2051.05,27017.32,1621.06,313.95,13.58,86.42
2025-07-12,July,Q3,2025,Air Canada,AC,Star Air,XX,USD,477,154330.0,9259.8,2620.0,130725.03,7843.54,2210.48,23604.97,1416.26,409.52,15.3,84.7
2025-07-12,July,Q3,2025,Emirates,EK,Star Air,XX,USD,728,236365.0,14181.9,3070.0,199655.65,11979.25,2566.02,36709.36,2202.65,503.98,15.53,84.47
2025-07-05,July,Q3,2025,Air Mauritius,MK,Star Air,XX,USD,239,165370.0,9922.2,2400.0,142130.71,8527.88,1990.6,23239.29,1394.32,409.4,14.05,85.95
2025-09-15,September,Q3,2025,Emirates,EK,Star Air,XX,USD,246,80885.0,4853.1,1250.0,67457.23,4047.43,1066.27,13427.77,805.67,183.73,16.6,83.4
2025-09-15,September,Q3,2025,Air Mauritius,MK,Star Air,XX,USD,240,156070.0,9364.2,2280.0,132229.18,7933.7,1893.5,23840.82,1430.5,386.5,15.28,84.72
2025-07-20,July,Q3,2025,Blue Panorama,BV,Star Air,XX,USD,235,67080.0,4024.8,1125.0,56970.83,3418.3,969.6,10109.17,606.5,155.4,15.07,84.93
2025-07-20,July,Q3,2025,Emirates,EK,Star Air,XX,USD,253,75450.0,4527.0,1345.0,63510.76,3810.72,1129.42,11939.24,716.28,215.58,15.82,84.18
2025-07-20,July,Q3,2025,Air Canada,AC,Star Air,XX,USD,244,72345.0,4340.7,1010.0,61507.99,3690.48,866.79,10837.01,650.22,143.21,14.98,85.02
2025-08-03,August,Q3,2025,Emirates,EK,Star Air,XX,USD,243,76360.0,4581.6,1000.0,64699.79,3882.01,836.12,11660.22,699.59,163.88,15.27,84.73
2025-07-05,July,Q3,2025,Air Canada,AC,Star Air,XX,USD,252,84180.0,5050.8,1390.0,71944.34,4316.66,1210.3,12235.66,734.14,179.7,14.54,85.46
2025-07-20,July,Q3,2025,Vietnam Airlines,VN,Star Air,XX,USD,1,765.0,45.9,0.0,695.6,41.74,0.0,69.4,4.16,0.0,9.07,90.93
2025-07-05,July,Q3,2025,American Airlines,AA,Star Air,XX,USD,258,316415.0,18984.9,4520.0,266785.72,16007.17,3839.2,49629.28,2977.73,680.8,15.68,84.32
2025-08-03,August,Q3,2025,JetBlue,B6,Star Air,XX,USD,227,316720.0,19003.2,3620.0,267310.99,16038.65,3164.67,49409.01,2964.55,455.33,15.6,84.4
2025-07-20,July,Q3,2025,JetBlue,B6,Star Air,XX,USD,258,338760.0,20325.6,4465.0,288187.76,17291.22,3769.16,50572.25,3034.38,695.84,14.93,85.07
2025-07-20,July,Q3,2025,British Airways,BA,Star Air,XX,USD,244,138400.0,8304.0,2090.0,116215.29,6972.87,1750.4,22184.71,1331.13,339.6,16.03,83.97
2025-10-30,October,Q4,2025,Qantas,QF,Star Air,XX,USD,915,823475.0,49408.5,12735.0,693324.02,41599.5,10174.09,130150.98,7809.0,2560.91,15.81,84.19
2025-11-20,November,Q4,2025,Air France,AF,Star Air,XX,USD,244,206180.0,12370.8,1390.0,173723.31,10423.41,2140.77,32456.69,1947.39,-750.77,15.74,84.26
2025-11-20,November,Q4,2025,Qantas,QF,Star Air,XX,USD,956,842950.0,50577.0,11800.0,709750.79,42584.96,8786.01,133199.21,7992.04,3013.99,15.8,84.2
2025-07-05,July,Q3,2025,Emirates,EK,Star Air,XX,USD,469,149600.0,8976.0,2115.0,126675.31,7600.5,1796.52,22924.69,1375.5,318.48,15.32,84.68
2025-07-05,July,Q3,2025,SIA,SQ,Star Air,XX,USD,255,122025.0,7321.5,1430.0,101623.87,6097.43,1191.22,20401.13,1224.07,238.78,16.72,83.28
2025-10-30,October,Q4,2025,Thai Airways International,TG,Star Air,XX,USD,246,151335.0,9080.1,995.0,127212.34,7632.76,1712.34,24122.66,1447.34,-717.34,15.94,84.06
2025-12-17,December,Q4,2025,Thai Airways International,TG,Star Air,XX,USD,247,153340.0,9200.4,1135.0,129743.79,7784.65,1805.16,23596.21,1415.75,-670.16,15.39,84.61
2025-12-06,December,Q4,2025,Air India,AI,Star Air,XX,USD,270,89560.0,5373.6,550.0,75649.12,4538.99,967.84,13910.89,834.61,-417.84,15.53,84.47
2025-11-09,November,Q4,2025,Air India,AI,Star Air,XX,USD,248,80975.0,4858.5,415.0,68039.49,4082.35,835.29,12935.51,776.15,-420.29,15.97,84.03
2025-01-21,January,Q1,2025,Jet Airways,9W,Star Air,XX,USD,256,72540.0,4352.4,1175.0,61283.48,3677.07,983.66,11256.52,675.33,191.34,15.52,84.48
2025-01-21,January,Q1,2025,Air New Zealand,NZ,Star Air,XX,USD,505,269335.0,16160.1,4500.0,229634.54,13778.04,3870.35,39700.46,2382.06,629.65,14.74,85.26
2025-01-25,January,Q1,2025,JetBlue,B6,Star Air,XX,USD,247,328610.0,19716.6,3710.0,277442.01,16646.45,3142.78,51167.99,3070.15,567.22,15.57,84.43
2025-03-21,March,Q1,2025,Air New Zealand,NZ,Star Air,XX,USD,490,266215.0,15972.9,4295.0,225295.97,13517.7,3601.77,40919.03,2455.2,693.23,15.37,84.63
2025-03-22,March,Q1,2025,Air India,AI,Star Air,XX,USD,241,73850.0,4431.0,1035.0,62856.62,3771.43,875.6,10993.38,659.57,159.4,14.89,85.11
2025-02-14,February,Q1,2025,Qantas,QF,Star Air,XX,USD,761,488060.0,29283.6,7185.0,412932.82,24775.87,6053.35,75127.18,4507.73,1131.65,15.39,84.61
2025-01-25,January,Q1,2025,Jet Airways,9W,Star Air,XX,USD,498,139805.0,8388.3,2120.0,117056.85,7023.62,1752.05,22748.15,1364.68,367.95,16.27,83.73
2025-01-25,January,Q1,2025,Air India,AI,Star Air,XX,USD,256,75075.0,4504.5,1055.0,63393.25,3803.62,906.5,11681.75,700.88,148.5,15.56,84.44
2025-01-21,January,Q1,2025,JetBlue,B6,Star Air,XX,USD,244,312750.0,18765.0,5590.0,264913.76,15894.84,4635.89,47836.24,2870.16,954.11,15.3,84.7
2025-03-10,March,Q1,2025,Qantas,QF,Star Air,XX,USD,752,558190.0,33491.4,8000.0,474502.19,28470.17,6838.84,83687.81,5021.23,1161.16,14.99,85.01
2025-02-14,February,Q1,2025,Air New Zealand,NZ,Star Air,XX,USD,256,81530.0,4891.8,1130.0,68509.23,4110.59,957.79,13020.77,781.21,172.21,15.97,84.03
2025-03-10,March,Q1,2025,Jet Airways,9W,Star Air,XX,USD,242,69310.0,4158.6,1145.0,59141.43,3548.43,998.3,10168.57,610.17,146.7,14.67,85.33
2025-03-21,March,Q1,2025,Qantas,QF,Star Air,XX,USD,501,322850.0,19371.0,5040.0,274448.17,16466.98,4269.03,48401.83,2904.02,770.97,14.99,85.01
2025-01-13,January,Q1,2025,Qantas,QF,Star Air,XX,USD,725,522945.0,31376.7,6925.0,438956.1,26337.29,5867.77,83988.9,5039.41,1057.23,16.06,83.94
2025-01-13,January,Q1,2025,Jet Airways,9W,Star Air,XX,USD,262,65020.0,3901.2,850.0,55176.08,3310.6,724.14,9843.92,590.6,125.86,15.14,84.86
2025-03-22,March,Q1,2025,Jet Airways,9W,Star Air,XX,USD,260,71655.0,4299.3,1185.0,59960.17,3597.58,1001.19,11694.83,701.72,183.81,16.32,83.68
2025-02-14,February,Q1,2025,Thai Airways International,TG,Star Air,XX,USD,253,150945.0,9056.7,1955.0,129757.17,7785.39,1653.11,21187.83,1271.31,301.89,14.04,85.96
2025-01-21,January,Q1,2025,Qantas,QF,Star Air,XX,USD,514,285025.0,17101.5,4465.0,239571.1,14374.26,3785.03,45453.9,2727.24,679.97,15.95,84.05
2025-03-21,March,Q1,2025,PIA,PK,Star Air,XX,USD,250,68700.0,4122.0,1060.0,58247.11,3494.83,920.79,10452.89,627.17,139.21,15.22,84.78
2025-03-22,March,Q1,2025,PIA,PK,Star Air,XX,USD,241,72610.0,4356.6,1120.0,61184.1,3671.0,924.33,11425.9,685.6,195.67,15.74,84.26
2025-03-22,March,Q1,2025,JetBlue,B6,Star Air,XX,USD,255,328900.0,19734.0,5570.0,278229.27,16693.85,4705.03,50670.73,3040.15,864.97,15.41,84.59
2025-03-22,March,Q1,2025,Thai Airways International,TG,Star Air,XX,USD,258,163335.0,9800.1,2530.0,139394.48,8363.66,2106.06,23940.52,1436.44,423.94,14.66,85.34
2025-01-25,January,Q1,2025,American Airlines,AA,Star Air,XX,USD,256,277400.0,16644.0,4210.0,233257.68,13995.42,3455.1,44142.32,2648.58,754.9,15.91,84.09
2025-01-25,January,Q1,2025,British Airways,BA,Star Air,XX,USD,248,111390.0,6683.4,2040.0,93954.94,5637.29,1772.71,17435.06,1046.11,267.29,15.65,84.35
2025-03-22,March,Q1,2025,Qantas,QF,Star Air,XX,USD,251,297645.0,17858.7,5145.0,252265.57,15135.87,4423.28,45379.43,2722.83,721.72,15.25,84.75
2025-01-21,January,Q1,2025,Emirates,EK,Star Air,XX,USD,266,72705.0,4362.3,1090.0,62236.33,3734.11,946.42,10468.68,628.19,143.58,14.4,85.6
2025-03-22,March,Q1,2025,American Airlines,AA,Star Air,XX,USD,520,562815.0,33768.9,10460.0,475853.83,28551.29,8715.28,86961.17,5217.61,1744.72,15.45,84.55
2025-01-25,January,Q1,2025,Qantas,QF,Star Air,XX,USD,244,287730.0,17263.8,4965.0,243926.63,14635.59,4156.47,43803.37,2628.21,808.53,15.22,84.78
2025-03-22,March,Q1,2025,Air Canada,AC,Star Air,XX,USD,460,141525.0,8491.5,1955.0,118633.22,7117.88,1640.91,22891.78,1373.62,314.09,16.18,83.82
2025-03-10,March,Q1,2025,Air India,AI,Star Air,XX,USD,251,76700.0,4602.0,1085.0,64635.35,3878.12,942.58,12064.65,723.88,142.42,15.73,84.27
2025-01-13,January,Q1,2025,Air India,AI,Star Air,XX,USD,246,62955.0,3777.3,940.0,53450.16,3207.07,784.56,9504.85,570.23,155.44,15.1,84.9
2025-01-25,January,Q1,2025,Air Canada,AC,Star Air,XX,USD,236,63730.0,3823.8,845.0,53951.92,3237.1,706.9,9778.08,586.7,138.1,15.34,84.66
2025-01-25,January,Q1,2025,Emirates,EK,Star Air,XX,USD,737,203390.0,12203.4,2835.0,172153.83,10329.16,2417.65,31236.17,1874.24,417.35,15.36,84.64
2025-01-13,January,Q1,2025,Emirates,EK,Star Air,XX,USD,258,71600.0,4296.0,1575.0,60922.56,3655.28,1352.31,10677.44,640.72,222.69,14.91,85.09
2025-02-14,February,Q1,2025,Air Canada,AC,Star Air,XX,USD,256,69250.0,4155.0,755.0,58565.45,3513.86,626.26,10684.55,641.14,128.74,15.43,84.57
2025-05-23,May,Q2,2025,Qantas,QF,Star Air,XX,USD,1274,747470.0,44848.2,10260.0,635313.57,38118.85,8822.35,112156.43,6729.35,1437.65,15.0,85.0
2025-03-22,March,Q1,2025,SIA,SQ,Star Air,XX,USD,265,116765.0,7005.9,1535.0,100118.56,6007.08,1310.72,16646.44,998.82,224.28,14.26,85.74
2025-01-25,January,Q1,2025,SIA,SQ,Star Air,XX,USD,254,112645.0,6758.7,1725.0,94864.98,5691.8,1505.51,17780.02,1066.9,219.49,15.78,84.22
2025-02-14,February,Q1,2025,Emirates,EK,Star Air,XX,USD,509,142380.0,8542.8,2385.0,120552.08,7233.07,1976.97,21827.92,1309.73,408.03,15.33,84.67
2025-05-23,May,Q2,2025,Jet Airways,9W,Star Air,XX,USD,254,81120.0,4867.2,1025.0,68013.85,4080.9,869.93,13106.15,786.3,155.07,16.16,83.84
2025-04-29,April,Q2,2025,Jet Airways,9W,Star Air,XX,USD,238,70670.0,4240.2,1025.0,60132.54,3607.98,877.69,10537.46,632.22,147.31,14.91,85.09
2025-04-29,April,Q2,2025,Air New Zealand,NZ,Star Air,XX,USD,250,202045.0,12122.7,1760.0,170988.23,10259.37,1462.6,31056.77,1863.33,297.4,15.37,84.63
2025-06-08,June,Q2,2025,Qantas,QF,Star Air,XX,USD,735,841600.0,50496.0,13720.0,713301.36,42797.99,11521.27,128298.64,7698.01,2198.73,15.24,84.76
2025-01-21,January,Q1,2025,Air Canada,AC,Star Air,XX,USD,258,73560.0,4413.6,1325.0,62513.88,3750.76,1128.78,11046.12,662.84,196.22,15.02,84.98
2025-05-23,May,Q2,2025,Air New Zealand,NZ,Star Air,XX,USD,472,305045.0,18302.7,5665.0,252978.88,15178.77,4662.74,52066.12,3123.93,1002.26,17.07,82.93
2025-03-22,March,Q1,2025,Emirates,EK,Star Air,XX,USD,261,72605.0,4356.3,1180.0,61325.63,3679.55,1020.03,11279.37,676.75,159.97,15.54,84.46
2025-06-08,June,Q2,2025,Thai Airways International,TG,Star Air,XX,USD,248,167355.0,10041.3,2125.0,142554.83,8553.29,1786.2,24800.17,1488.01,338.8,14.82,85.18
2025-04-29,April,Q2,2025,Qantas,QF,Star Air,XX,USD,722,530715.0,31842.9,8820.0,447691.23,26861.4,7438.0,83023.77,4981.5,1382.0,15.64,84.36
2025-05-23,May,Q2,2025,SIA,SQ,Star Air,XX,USD,250,121485.0,7289.1,1835.0,103611.47,6216.75,1526.99,17873.53,1072.35,308.01,14.71,85.29
2025-06-08,June,Q2,2025,Blue Panorama,BV,Star Air,XX,USD,228,73420.0,4405.2,1215.0,61619.43,3697.14,988.23,11800.57,708.06,226.77,16.07,83.93
2025-06-08,June,Q2,2025,PIA,PK,Star Air,XX,USD,249,84910.0,5094.6,1175.0,71851.44,4311.08,1027.49,13058.56,783.52,147.51,15.38,84.62
2025-04-29,April,Q2,2025,SIA,SQ,Star Air,XX,USD,489,221330.0,13279.8,3145.0,187562.84,10279.59,2620.47,33767.16,3000.21,524.53,15.26,84.74
2025-05-23,May,Q2,2025,Air Canada,AC,Star Air,XX,USD,239,84190.0,5051.4,1170.0,70409.82,4224.62,983.72,13780.18,826.78,186.28,16.37,83.63
2025-06-08,June,Q2,2025,Air Canada,AC,Star Air,XX,USD,232,71510.0,4290.6,1085.0,59688.71,3581.32,899.89,11821.29,709.28,185.11,16.53,83.47
2025-04-29,April,Q2,2025,Emirates,EK,Star Air,XX,USD,243,76430.0,4585.8,1055.0,64990.62,3899.38,890.08,11439.38,686.42,164.92,14.97,85.03
2025-06-08,June,Q2,2025,JetBlue,B6,Star Air,XX,USD,249,381165.0,22869.9,6140.0,321124.41,19267.48,5100.34,60040.59,3602.42,1039.66,15.75,84.25
2025-06-08,June,Q2,2025,British Airways,BA,Star Air,XX,USD,250,160460.0,9627.6,1530.0,133407.08,7471.1,1287.34,27052.92,2156.5,242.66,16.86,83.14
2025-04-29,April,Q2,2025,Air Canada,AC,Star Air,XX,USD,252,81135.0,4868.1,1160.0,69213.77,4152.7,1020.77,11921.23,715.4,139.23,14.69,85.31
2025-08-10,August,Q3,2025,Thai Airways International,TG,Star Air,XX,USD,254,189820.0,11389.2,2835.0,162179.04,9730.82,2419.65,27640.96,1658.38,415.35,14.56,85.44
2025-08-10,August,Q3,2025,Qantas,QF,Star Air,XX,USD,770,582060.0,34923.6,7965.0,490286.91,29417.18,6729.25,91773.09,5506.42,1235.75,15.77,84.23
2025-07-21,July,Q3,2025,Jet Airways,9W,Star Air,XX,USD,236,67270.0,4036.2,1330.0,57592.48,3455.52,1107.99,9677.52,580.68,222.01,14.39,85.61
2025-07-09,July,Q3,2025,Air India,AI,Star Air,XX,USD,255,90195.0,5411.7,1070.0,75885.75,4553.17,893.11,14309.25,858.53,176.89,15.86,84.14
2025-07-09,July,Q3,2025,Qantas,QF,Star Air,XX,USD,244,348000.0,20880.0,5870.0,296587.44,17795.24,5059.04,51412.56,3084.76,810.96,14.77,85.23
2025-07-21,July,Q3,2025,Qantas,QF,Star Air,XX,USD,248,151560.0,9093.6,2450.0,128005.62,7680.38,2074.46,23554.38,1413.22,375.54,15.54,84.46
2025-07-09,July,Q3,2025,British Airways,BA,Star Air,XX,USD,479,258435.0,15506.1,3790.0,219472.85,13168.3,3265.73,38962.15,2337.8,524.27,15.08,84.92
2025-07-07,July,Q3,2025,Emirates,EK,Star Air,XX,USD,493,159795.0,9587.7,2850.0,135669.73,8140.18,2392.73,24125.27,1447.52,457.27,15.1,84.9
2025-08-10,August,Q3,2025,Air Canada,AC,Star Air,XX,USD,250,79445.0,4766.7,1025.0,68264.25,4095.87,888.18,11180.75,670.83,136.82,14.07,85.93
2025-08-10,August,Q3,2025,Emirates,EK,Star Air,XX,USD,498,147870.0,8872.2,2590.0,124164.52,7449.86,2185.09,23705.49,1422.34,404.91,16.03,83.97
2025-07-21,July,Q3,2025,Emirates,EK,Star Air,XX,USD,492,157050.0,9423.0,2345.0,131315.99,7879.01,2004.17,25734.01,1543.99,340.83,16.39,83.61
2025-07-21,July,Q3,2025,Air Mauritius,MK,Star Air,XX,USD,235,156880.0,9412.8,2270.0,134512.95,8070.68,1933.66,22367.05,1342.12,336.34,14.26,85.74
2025-07-07,July,Q3,2025,Air India,AI,Star Air,XX,USD,253,76845.0,4610.7,770.0,65202.64,3912.17,656.05,11642.36,698.53,113.95,15.15,84.85
2025-07-09,July,Q3,2025,PIA,PK,Star Air,XX,USD,266,83650.0,5019.0,1165.0,71974.09,4318.49,987.76,11675.91,700.51,177.24,13.96,86.04
2025-07-21,July,Q3,2025,Air India,AI,Star Air,XX,USD,253,72700.0,4362.0,1150.0,62001.21,3720.05,952.54,10698.79,641.95,197.46,14.72,85.28
2025-07-09,July,Q3,2025,Vietnam Airlines,VN,Star Air,XX,USD,1,860.0,51.6,85.0,729.64,43.78,72.96,130.36,7.82,12.04,15.16,84.84
2025-08-10,August,Q3,2025,JetBlue,B6,Star Air,XX,USD,257,349115.0,20946.9,4885.0,293726.0,17623.54,4136.38,55389.0,3323.36,748.62,15.87,84.13
2025-07-09,July,Q3,2025,American Airlines,AA,Star Air,XX,USD,267,341230.0,20473.8,5400.0,288634.49,17318.07,4613.5,52595.51,3155.73,786.5,15.41,84.59
2025-11-21,November,Q4,2025,Air New Zealand,NZ,Star Air,XX,USD,239,165035.0,9902.1,4510.0,138878.49,8332.66,2833.29,26156.51,1569.44,1676.71,15.85,84.15
2025-10-04,October,Q4,2025,JetBlue,B6,Star Air,XX,USD,234,317865.0,19071.9,3650.0,271265.72,16275.94,5369.04,46599.28,2795.96,-1719.04,14.66,85.34
2025-11-13,November,Q4,2025,Air France,AF,Star Air,XX,USD,226,182950.0,10977.0,1065.0,154108.36,9246.52,2086.51,28841.64,1730.48,-1021.51,15.76,84.24
2025-11-21,November,Q4,2025,Siberia Airlines,S7,Star Air,XX,USD,1,765.0,45.9,0.0,630.87,37.85,0.0,134.13,8.05,0.0,17.53,82.47
2025-11-13,November,Q4,2025,Thai Airways International,TG,Star Air,XX,USD,252,154455.0,9267.3,1555.0,130909.91,7854.63,1855.9,23545.09,1412.67,-300.9,15.24,84.76
2025-11-13,November,Q4,2025,Qantas,QF,Star Air,XX,USD,740,604900.0,36294.0,11320.0,513889.32,30833.39,6379.93,91010.68,5460.61,4940.07,15.05,84.95
2025-11-09,November,Q4,2025,Air France,AF,Star Air,XX,USD,239,198650.0,11919.0,5540.0,166772.14,10006.28,2033.52,31877.86,1912.72,3506.48,16.05,83.95
2025-12-29,December,Q4,2025,Qantas,QF,Star Air,XX,USD,727,599125.0,35947.5,4640.0,505117.93,30307.12,5644.04,94007.07,5640.38,-1004.04,15.69,84.31
2025-11-09,November,Q4,2025,Thai Airways International,TG,Star Air,XX,USD,260,175135.0,10508.1,11920.0,148651.79,8919.11,1763.96,26483.21,1588.99,10156.04,15.12,84.88
2025-12-17,December,Q4,2025,Air India,AI,Star Air,XX,USD,228,67350.0,4041.0,11620.0,56668.59,3400.12,876.61,10681.41,640.88,10743.39,15.86,84.14
2025-11-09,November,Q4,2025,PIA,PK,Star Air,XX,USD,229,67630.0,4057.8,29905.0,57131.95,3428.0,843.3,10498.05,629.8,29061.7,15.52,84.48
2025-11-09,November,Q4,2025,Blue Panorama,BV,Star Air,XX,USD,232,61555.0,3693.3,6890.0,51866.51,3112.04,589.79,9688.49,581.26,6300.21,15.74,84.26
2025-11-09,November,Q4,2025,Qantas,QF,Star Air,XX,USD,727,627170.0,37630.2,10475.0,529142.46,31748.47,8442.41,98027.54,5881.73,2032.59,15.63,84.37
2025-11-20,November,Q4,2025,Air India,AI,Star Air,XX,USD,229,59055.0,3543.3,7485.0,50177.37,3010.56,641.94,8877.63,532.74,6843.06,15.03,84.97
2025-12-29,December,Q4,2025,Jet Airways,9W,Star Air,XX,USD,251,67270.0,4036.2,10315.0,57183.22,3430.96,868.86,10086.78,605.24,9446.14,14.99,85.01
2025-12-06,December,Q4,2025,PIA,PK,Star Air,XX,USD,253,73420.0,4405.2,30165.0,62391.17,3743.38,791.09,11028.83,661.82,29373.91,15.02,84.98
2025-12-17,December,Q4,2025,Qantas,QF,Star Air,XX,USD,987,1055780.0,63346.8,23530.0,891936.82,53516.22,13059.95,163843.18,9830.58,10470.05,15.52,84.48
2025-12-06,December,Q4,2025,American Airlines,AA,Star Air,XX,USD,246,248940.0,14936.4,1625.0,211208.69,12672.56,2345.8,37731.31,2263.84,-720.8,15.16,84.84
2025-11-09,November,Q4,2025,American Airlines,AA,Star Air,XX,USD,252,283005.0,16980.3,2515.0,238773.29,14326.37,3167.63,44231.71,2653.93,-652.63,15.63,84.37
2025-12-06,December,Q4,2025,Emirates,EK,Star Air,XX,USD,472,131675.0,7900.5,2035.0,111274.35,6676.48,1435.72,20400.65,1224.02,599.28,15.49,84.51
2025-12-06,December,Q4,2025,Qantas,QF,Star Air,XX,USD,471,459340.0,27560.4,10105.0,390179.5,23410.74,5739.43,69160.5,4149.66,4365.57,15.06,84.94
2025-11-09,November,Q4,2025,Emirates,EK,Star Air,XX,USD,239,68130.0,4087.8,710.0,57729.78,3463.71,836.7,10400.22,624.09,-126.7,15.27,84.73
2025-12-17,December,Q4,2025,Emirates,EK,Star Air,XX,USD,478,133545.0,8012.7,2665.0,112612.59,6756.59,1614.01,20932.41,1256.11,1050.99,15.67,84.33
2025-12-29,December,Q4,2025,Emirates,EK,Star Air,XX,USD,493,143505.0,8610.3,1385.0,120681.91,7240.93,1845.95,22823.09,1369.37,-460.95,15.9,84.1
2025-10-30,October,Q4,2025,Blue Panorama,BV,Star Air,XX,USD,248,79330.0,4759.8,490.0,67507.69,4050.4,811.1,11822.31,709.4,-321.1,14.9,85.1
2025-11-20,November,Q4,2025,Air Mauritius,MK,Star Air,XX,USD,241,148900.0,8934.0,1575.0,126809.36,7608.56,2200.45,22090.64,1325.44,-625.45,14.84,85.16
2025-10-30,October,Q4,2025,PIA,PK,Star Air,XX,USD,233,70260.0,4215.6,660.0,59423.61,3565.41,792.92,10836.39,650.19,-132.92,15.42,84.58
2025-10-30,October,Q4,2025,Air Mauritius,MK,Star Air,XX,USD,246,156130.0,9367.8,975.0,132359.12,7941.55,1774.06,23770.88,1426.25,-799.06,15.23,84.77
2025-11-09,November,Q4,2025,JetBlue,B6,Star Air,XX,USD,236,314525.0,18871.5,7175.0,267881.93,16072.84,2644.88,46643.07,2798.66,4530.12,14.83,85.17
2025-12-17,December,Q4,2025,British Airways,BA,Star Air,XX,USD,241,116450.0,6987.0,5610.0,97561.07,5853.61,1387.09,18888.93,1133.39,4222.91,16.22,83.78
2025-11-09,November,Q4,2025,Vietnam Airlines,VN,Star Air,XX,USD,2,645.0,38.7,321140.0,565.34,33.92,14.87,79.66,4.78,321125.13,12.35,87.65
2025-10-30,October,Q4,2025,American Airlines,AA,Star Air,XX,USD,250,245625.0,14737.5,8500.0,209086.17,12545.18,3276.4,36538.83,2192.32,5223.6,14.88,85.12
2025-12-06,December,Q4,2025,SIA,SQ,Star Air,XX,USD,267,109460.0,6567.6,3025.0,92867.72,5572.04,1386.39,16592.28,995.56,1638.61,15.16,84.84
2026-02-27,February,Q1,2026,Air New Zealand,NZ,Star Air,XX,USD,260,176170.0,10570.2,2530.0,148449.97,8907.07,2113.48,27720.03,1663.13,416.52,15.73,84.27
2025-12-17,December,Q4,2025,Air Canada,AC,Star Air,XX,USD,254,73290.0,4397.4,1305.0,62350.44,3741.0,773.67,10939.56,656.4,531.33,14.93,85.07
2025-10-30,October,Q4,2025,Air Canada,AC,Star Air,XX,USD,243,75270.0,4516.2,2160.0,64113.84,3846.81,1134.63,11156.16,669.39,1025.37,14.82,85.18
2026-03-26,March,Q1,2026,Air New Zealand,NZ,Star Air,XX,USD,486,294480.0,17668.8,3600.0,246968.6,14818.08,3040.46,47511.4,2850.72,559.54,16.13,83.87
2026-03-09,March,Q1,2026,Jet Airways,9W,Star Air,XX,USD,487,136560.0,8193.6,1440.0,114586.42,6875.13,1212.45,21973.58,1318.47,227.55,16.09,83.91
2025-11-20,November,Q4,2025,Air Canada,AC,Star Air,XX,USD,239,66350.0,3981.0,1585.0,56201.0,3371.99,813.19,10149.0,609.01,771.81,15.3,84.7
2026-03-26,March,Q1,2026,Qantas,QF,Star Air,XX,USD,474,327035.0,19622.1,4185.0,276626.8,16597.64,3521.99,50408.2,3024.46,663.01,15.41,84.59
2026-02-27,February,Q1,2026,Qantas,QF,Star Air,XX,USD,516,270695.0,16241.7,3950.0,228968.36,13738.19,3283.42,41726.64,2503.51,666.58,15.41,84.59
2026-02-16,February,Q1,2026,Qantas,QF,Star Air,XX,USD,489,261020.0,15661.2,3855.0,221728.4,13303.63,3288.15,39291.6,2357.57,566.85,15.05,84.95
2026-03-26,March,Q1,2026,PIA,PK,Star Air,XX,USD,250,70640.0,4238.4,1150.0,59803.32,3588.16,959.6,10836.68,650.24,190.4,15.34,84.66
2026-02-27,February,Q1,2026,PIA,PK,Star Air,XX,USD,246,75135.0,4508.1,1345.0,63342.99,3800.59,1139.08,11792.01,707.51,205.92,15.69,84.31
2026-03-26,March,Q1,2026,Jet Airways,9W,Star Air,XX,USD,250,72700.0,4362.0,1290.0,61269.63,3676.17,1097.3,11430.37,685.83,192.7,15.72,84.28
2026-03-26,March,Q1,2026,Thai Airways International,TG,Star Air,XX,USD,245,155765.0,9345.9,2590.0,131926.15,7915.47,2224.07,23838.85,1430.43,365.93,15.3,84.7
2026-02-27,February,Q1,2026,Jet Airways,9W,Star Air,XX,USD,248,65980.0,3958.8,925.0,56006.31,3360.45,787.83,9973.69,598.35,137.17,15.12,84.88
2026-03-09,March,Q1,2026,Air New Zealand,NZ,Star Air,XX,USD,245,77275.0,4636.5,1015.0,65926.99,3955.72,859.24,11348.01,680.78,155.76,14.69,85.31
2026-02-19,February,Q1,2026,JetBlue,B6,Star Air,XX,USD,236,308785.0,18527.1,5540.0,262739.74,15764.33,4703.08,46045.26,2762.77,836.92,14.91,85.09
2026-02-16,February,Q1,2026,Jet Airways,9W,Star Air,XX,USD,243,66190.0,3971.4,915.0,56406.38,3384.32,759.15,9783.62,587.08,155.85,14.78,85.22
2026-03-09,March,Q1,2026,Qantas,QF,Star Air,XX,USD,717,448395.0,26903.7,5340.0,378717.51,22722.96,4520.08,69677.49,4180.74,819.92,15.54,84.46
2026-03-25,March,Q1,2026,Air India,AI,Star Air,XX,USD,250,72720.0,4363.2,1340.0,60909.64,3654.54,1099.39,11810.36,708.66,240.61,16.24,83.76
2026-02-19,February,Q1,2026,Qantas,QF,Star Air,XX,USD,245,171300.0,10278.0,2640.0,146114.95,8766.87,2254.74,25185.05,1511.13,385.26,14.7,85.3
2026-02-16,February,Q1,2026,Emirates,EK,Star Air,XX,USD,241,78010.0,4680.6,570.0,65775.7,3946.52,476.6,12234.31,734.08,93.4,15.68,84.32
2026-03-25,March,Q1,2026,PIA,PK,Star Air,XX,USD,257,74465.0,4467.9,925.0,63002.69,3780.19,784.73,11462.31,687.71,140.27,15.39,84.61
2026-03-26,March,Q1,2026,Air Canada,AC,Star Air,XX,USD,250,75785.0,4547.1,785.0,64820.51,3889.2,674.96,10964.49,657.9,110.04,14.47,85.53
2026-03-09,March,Q1,2026,Emirates,EK,Star Air,XX,USD,241,69160.0,4149.6,965.0,58513.63,3510.79,827.04,10646.37,638.81,137.96,15.39,84.61
2026-03-09,March,Q1,2026,Air Canada,AC,Star Air,XX,USD,243,67070.0,4024.2,1095.0,56545.06,3392.72,913.88,10524.94,631.48,181.12,15.69,84.31
2026-03-09,March,Q1,2026,SIA,SQ,Star Air,XX,USD,255,106095.0,6365.7,1330.0,89962.03,5397.62,1138.55,16132.97,968.08,191.45,15.21,84.79
2026-03-09,March,Q1,2026,PIA,PK,Star Air,XX,USD,253,70540.0,4232.4,910.0,59906.36,3594.36,779.55,10633.64,638.04,130.45,15.07,84.93
2026-03-09,March,Q1,2026,Air Mauritius,MK,Star Air,XX,USD,237,144230.0,8653.8,2425.0,121305.22,7278.35,2029.97,22924.78,1375.45,395.03,15.89,84.11
2026-02-16,February,Q1,2026,Air India,AI,Star Air,XX,USD,246,71710.0,4302.6,1525.0,61248.2,3674.88,1287.81,10461.8,627.72,237.19,14.59,85.41
2026-02-19,February,Q1,2026,Blue Panorama,BV,Star Air,XX,USD,245,69745.0,4184.7,1165.0,58556.74,3513.33,991.1,11188.26,671.37,173.9,16.04,83.96
2026-03-25,March,Q1,2026,Air Mauritius,MK,Star Air,XX,USD,247,169425.0,10165.5,1880.0,143108.84,8586.53,1613.27,26316.16,1578.97,266.73,15.53,84.47
2026-02-19,February,Q1,2026,Air Canada,AC,Star Air,XX,USD,253,69440.0,4166.4,1340.0,58497.21,3509.87,1114.01,10942.79,656.53,225.99,15.76,84.24
2026-02-19,February,Q1,2026,Emirates,EK,Star Air,XX,USD,241,66845.0,4010.7,1210.0,56629.67,3397.77,1040.75,10215.33,612.93,169.25,15.28,84.72
2026-03-25,March,Q1,2026,Emirates,EK,Star Air,XX,USD,487,144120.0,8647.2,1960.0,121631.38,7297.95,1647.86,22488.63,1349.25,312.14,15.6,84.4
2026-03-26,March,Q1,2026,Emirates,EK,Star Air,XX,USD,236,69365.0,4161.9,950.0,59081.15,3544.9,802.13,10283.85,617.0,147.87,14.83,85.17
2025-11-21,November,Q4,2025,Qantas,QF,Star Air,XX,USD,964,535560.0,32133.6,18300.0,454397.6,27263.88,8521.22,81162.4,4869.72,9778.78,15.15,84.85
2025-10-31,October,Q4,2025,Qantas,QF,Star Air,XX,USD,479,341350.0,20481.0,11515.0,289885.38,17393.16,5716.17,51464.63,3087.84,5798.83,15.08,84.92
2025-10-31,October,Q4,2025,Air New Zealand,NZ,Star Air,XX,USD,256,80260.0,4815.6,1975.0,68652.26,4119.09,1228.3,11607.74,696.51,746.7,14.46,85.54
2025-10-20,October,Q4,2025,Jet Airways,9W,Star Air,XX,USD,246,71200.0,4272.0,17705.0,60117.15,3607.07,1075.23,11082.85,664.93,16629.77,15.57,84.43
2025-11-13,November,Q4,2025,Air India,AI,Star Air,XX,USD,236,62970.0,3778.2,13255.0,53275.37,3196.48,787.26,9694.63,581.72,12467.74,15.4,84.6
2025-11-21,November,Q4,2025,PIA,PK,Star Air,XX,USD,241,69825.0,4189.5,31870.0,58815.76,3529.0,714.53,11009.24,660.5,31155.47,15.77,84.23
2025-10-20,October,Q4,2025,Qantas,QF,Star Air,XX,USD,733,587200.0,35232.0,6820.0,491952.89,29517.12,8270.43,95247.11,5714.88,-1450.43,16.22,83.78
2025-10-31,October,Q4,2025,PIA,PK,Star Air,XX,USD,245,73155.0,4389.3,38610.0,62465.38,3747.93,826.73,10689.62,641.37,37783.27,14.61,85.39
2025-10-04,October,Q4,2025,Air Mauritius,MK,Star Air,XX,USD,250,165045.0,9902.7,15195.0,140670.47,8440.26,1950.6,24374.53,1462.44,13244.4,14.77,85.23
2025-10-04,October,Q4,2025,PIA,PK,Star Air,XX,USD,243,70985.0,4259.1,38025.0,59704.66,3582.34,718.63,11280.34,676.76,37306.37,15.89,84.11
2025-10-04,October,Q4,2025,Air Canada,AC,Star Air,XX,USD,237,68060.0,4083.6,520.0,58131.93,3487.87,693.74,9928.07,595.73,-173.74,14.59,85.41
2025-10-20,October,Q4,2025,Air India,AI,Star Air,XX,USD,244,64640.0,3878.4,555.0,54831.12,3289.83,715.46,9808.88,588.57,-160.46,15.17,84.83
2025-10-20,October,Q4,2025,Emirates,EK,Star Air,XX,USD,494,158455.0,9507.3,1545.0,134156.25,8049.28,1830.4,24298.75,1458.02,-285.4,15.33,84.67
2025-11-13,November,Q4,2025,PIA,PK,Star Air,XX,USD,251,69870.0,4192.2,575.0,58703.96,3522.24,938.06,11166.04,669.96,-363.06,15.98,84.02
2025-11-21,November,Q4,2025,Air Canada,AC,Star Air,XX,USD,242,67975.0,4078.5,690.0,57485.84,3449.19,935.23,10489.16,629.31,-245.23,15.43,84.57
2025-10-04,October,Q4,2025,American Airlines,AA,Star Air,XX,USD,254,274295.0,16457.7,6750.0,231864.35,13911.88,2903.06,42430.65,2545.82,3846.94,15.47,84.53
2025-11-13,November,Q4,2025,Air Mauritius,MK,Star Air,XX,USD,252,156860.0,9411.6,1115.0,132942.0,7976.52,1897.86,23918.0,1435.08,-782.86,15.25,84.75
2025-11-21,November,Q4,2025,Emirates,EK,Star Air,XX,USD,255,75075.0,4504.5,1355.0,63449.94,3807.07,660.35,11625.06,697.43,694.65,15.48,84.52
2025-11-13,November,Q4,2025,Blue Panorama,BV,Star Air,XX,USD,260,72830.0,4369.8,415.0,61412.52,3684.74,1062.81,11417.48,685.06,-647.81,15.68,84.32
2025-11-13,November,Q4,2025,Siberia Airlines,S7,Star Air,XX,USD,1,705.0,42.3,0.0,529.34,31.76,0.0,175.66,10.54,0.0,24.92,75.08
2025-11-21,November,Q4,2025,Vietnam Airlines,VN,Star Air,XX,USD,1,530.0,31.8,130.0,394.59,23.68,39.46,135.41,8.12,90.54,25.55,74.45
2025-10-04,October,Q4,2025,Emirates,EK,Star Air,XX,USD,234,66930.0,4015.8,1710.0,56873.86,3412.48,889.22,10056.14,603.32,820.78,15.02,84.98
2026-02-05,February,Q1,2026,Qantas,QF,Star Air,XX,USD,723,615150.0,36909.0,7830.0,517304.61,31038.37,6611.4,97845.39,5870.63,1218.6,15.91,84.09
2026-02-03,February,Q1,2026,Air New Zealand,NZ,Star Air,XX,USD,465,239240.0,14354.4,5065.0,201412.43,12084.71,4389.53,37827.58,2269.69,675.47,15.81,84.19
2026-01-09,January,Q1,2026,Air New Zealand,NZ,Star Air,XX,USD,235,162205.0,9732.3,2520.0,137003.72,8220.26,2086.12,25201.28,1512.04,433.88,15.54,84.46
2026-03-19,March,Q1,2026,Qantas,QF,Star Air,XX,USD,740,458255.0,27495.3,8040.0,386579.84,23194.77,6806.47,71675.16,4300.53,1233.53,15.64,84.36
2026-01-21,January,Q1,2026,Thai Airways International,TG,Star Air,XX,USD,249,161650.0,9699.0,2210.0,136858.45,8211.58,1854.79,24791.55,1487.42,355.21,15.34,84.66
2026-01-21,January,Q1,2026,Qantas,QF,Star Air,XX,USD,958,890330.0,53419.8,12810.0,751045.24,45062.71,10816.53,139284.76,8357.09,1993.47,15.64,84.36
2026-01-09,January,Q1,2026,Qantas,QF,Star Air,XX,USD,242,140135.0,8408.1,2035.0,118672.47,7120.28,1703.88,21462.53,1287.82,331.12,15.32,84.68
2026-03-19,March,Q1,2026,Air New Zealand,NZ,Star Air,XX,USD,256,84680.0,5080.8,945.0,71112.49,4266.75,796.29,13567.51,814.05,148.71,16.02,83.98
2026-03-06,March,Q1,2026,Air India,AI,Star Air,XX,USD,236,86595.0,5195.7,1865.0,72244.36,4334.72,1539.83,14350.64,860.98,325.17,16.57,83.43
2026-03-06,March,Q1,2026,Thai Airways International,TG,Star Air,XX,USD,232,144810.0,8688.6,2295.0,122690.68,7361.42,1948.56,22119.32,1327.18,346.44,15.27,84.73
2026-01-09,January,Q1,2026,Thai Airways International,TG,Star Air,XX,USD,246,158625.0,9517.5,2560.0,135728.55,8143.78,2125.3,22896.45,1373.72,434.7,14.43,85.57
2026-03-06,March,Q1,2026,Jet Airways,9W,Star Air,XX,USD,238,65170.0,3910.2,865.0,54495.46,3269.71,739.6,10674.54,640.49,125.4,16.38,83.62
2026-03-19,March,Q1,2026,Jet Airways,9W,Star Air,XX,USD,250,70265.0,4215.9,1000.0,59466.81,3568.01,841.32,10798.19,647.89,158.68,15.37,84.63
2026-03-19,March,Q1,2026,Thai Airways International,TG,Star Air,XX,USD,242,152400.0,9144.0,2655.0,127681.29,7660.96,2244.13,24718.71,1483.04,410.87,16.22,83.78
2026-01-21,January,Q1,2026,American Airlines,AA,Star Air,XX,USD,213,220465.0,13227.9,3805.0,187703.03,11262.25,3315.3,32761.97,1965.65,489.7,14.86,85.14
2026-02-03,February,Q1,2026,JetBlue,B6,Star Air,XX,USD,251,336205.0,20172.3,4530.0,281905.95,16914.35,3851.6,54299.05,3257.95,678.4,16.15,83.85
2026-02-03,February,Q1,2026,Air India,AI,Star Air,XX,USD,243,71635.0,4298.1,845.0,60817.28,3649.07,739.04,10817.72,649.03,105.96,15.1,84.9
2026-02-09,February,Q1,2026,Qantas,QF,Star Air,XX,USD,720,547880.0,32872.8,7755.0,467900.8,28073.95,6517.54,79979.2,4798.85,1237.46,14.6,85.4
2026-02-05,February,Q1,2026,JetBlue,B6,Star Air,XX,USD,209,268215.0,16092.9,3655.0,224981.92,13498.86,3209.07,43233.08,2594.04,445.93,16.12,83.88
2026-01-21,January,Q1,2026,Air India,AI,Star Air,XX,USD,237,72135.0,4328.1,785.0,61644.04,3698.69,680.97,10490.97,629.41,104.03,14.54,85.46
2026-02-15,February,Q1,2026,Qantas,QF,Star Air,XX,USD,731,668795.0,40127.7,8630.0,568251.63,34095.05,7379.93,100543.37,6032.65,1250.07,15.03,84.97
2026-02-09,February,Q1,2026,Jet Airways,9W,Star Air,XX,USD,238,61375.0,3682.5,880.0,52062.05,3123.76,777.36,9312.95,558.74,102.64,15.17,84.83
2026-01-09,January,Q1,2026,PIA,PK,Star Air,XX,USD,257,72975.0,4378.5,1165.0,61287.44,3677.15,971.74,11687.56,701.35,193.26,16.02,83.98
2026-01-09,January,Q1,2026,SIA,SQ,Star Air,XX,USD,248,102590.0,6155.4,1535.0,87430.55,5245.83,1270.52,15159.45,909.57,264.48,14.78,85.22
2026-03-19,March,Q1,2026,SIA,SQ,Star Air,XX,USD,247,105845.0,6350.7,2215.0,90723.1,5443.33,1905.94,15121.9,907.37,309.06,14.29,85.71
2026-03-06,March,Q1,2026,American Airlines,AA,Star Air,XX,USD,495,565505.0,33930.3,11855.0,481279.99,28876.78,10126.7,84225.01,5053.52,1728.3,14.89,85.11
2026-02-15,February,Q1,2026,Emirates,EK,Star Air,XX,USD,459,126240.0,7574.4,2050.0,107087.07,6425.14,1768.38,19152.93,1149.26,281.62,15.17,84.83
2026-02-03,February,Q1,2026,Emirates,EK,Star Air,XX,USD,498,135505.0,8130.3,2445.0,114604.34,6876.14,2041.15,20900.66,1254.16,403.85,15.42,84.58
2026-03-19,March,Q1,2026,Air Canada,AC,Star Air,XX,USD,247,67845.0,4070.7,1095.0,57351.93,3441.1,922.87,10493.07,629.6,172.13,15.47,84.53
2026-03-06,March,Q1,2026,Qantas,QF,Star Air,XX,USD,247,294015.0,17640.9,4925.0,250905.72,15054.32,4173.87,43109.28,2586.58,751.13,14.66,85.34
2026-03-06,March,Q1,2026,Emirates,EK,Star Air,XX,USD,460,130555.0,7833.3,1540.0,110599.91,6635.91,1306.95,19955.09,1197.39,233.05,15.28,84.72
2026-03-06,March,Q1,2026,Air Canada,AC,Star Air,XX,USD,246,69355.0,4161.3,1100.0,59354.23,3561.28,928.33,10000.77,600.02,171.67,14.42,85.58
2026-01-09,January,Q1,2026,Air Canada,AC,Star Air,XX,USD,242,66015.0,3960.9,885.0,55439.1,3326.29,709.39,10575.9,634.61,175.61,16.02,83.98
2026-02-09,February,Q1,2026,Emirates,EK,Star Air,XX,USD,491,140640.0,8438.4,2315.0,119176.4,7150.52,1924.0,21463.6,1287.88,391.0,15.26,84.74
2026-02-15,February,Q1,2026,British Airways,BA,Star Air,XX,USD,255,128750.0,7725.0,2135.0,108936.22,6536.19,1824.83,19813.78,1188.81,310.17,15.39,84.61
2026-02-03,February,Q1,2026,SIA,SQ,Star Air,XX,USD,248,96945.0,5816.7,1140.0,82091.49,4925.46,973.05,14853.51,891.24,166.95,15.32,84.68
2026-02-03,February,Q1,2026,PIA,PK,Star Air,XX,USD,254,70480.0,4228.8,1400.0,59011.9,3540.69,1163.77,11468.1,688.11,236.23,16.27,83.73
2026-01-21,January,Q1,2026,British Airways,BA,Star Air,XX,USD,250,130755.0,7845.3,2425.0,110936.02,6656.12,2022.52,19818.98,1189.18,402.48,15.16,84.84
2026-01-09,January,Q1,2026,Emirates,EK,Star Air,XX,USD,226,64090.0,3845.4,805.0,54627.96,3277.62,673.92,9462.04,567.78,131.08,14.76,85.24
2026-02-05,February,Q1,2026,Blue Panorama,BV,Star Air,XX,USD,251,66560.0,3993.6,985.0,56302.27,3378.06,825.6,10257.73,615.54,159.4,15.41,84.59
2026-02-03,February,Q1,2026,Air Mauritius,MK,Star Air,XX,USD,231,153670.0,9220.2,1840.0,129795.61,7787.8,1565.37,23874.39,1432.4,274.63,15.54,84.46
2026-02-09,February,Q1,2026,Air India,AI,Star Air,XX,USD,252,65625.0,3937.5,840.0,55476.13,3328.52,719.6,10148.87,608.98,120.4,15.46,84.54
2026-02-05,February,Q1,2026,Air Canada,AC,Star Air,XX,USD,235,67030.0,4021.8,880.0,57618.13,3457.03,754.76,9411.87,564.77,125.24,14.04,85.96
2026-02-05,February,Q1,2026,Emirates,EK,Star Air,XX,USD,247,71100.0,4266.0,1145.0,60562.14,3633.75,950.72,10537.86,632.25,194.28,14.82,85.18
2026-03-19,March,Q1,2026,Emirates,EK,Star Air,XX,USD,231,68635.0,4118.1,1085.0,58075.66,3484.53,920.72,10559.34,633.57,164.28,15.38,84.62
2026-02-05,February,Q1,2026,American Airlines,AA,Star Air,XX,USD,244,240115.0,14406.9,3685.0,201677.34,12100.67,3131.44,38437.66,2306.23,553.56,16.01,83.99
2026-01-21,January,Q1,2026,Air Canada,AC,Star Air,XX,USD,247,68115.0,4086.9,900.0,58123.15,3487.43,747.2,9991.85,599.47,152.8,14.67,85.33
2026-01-21,January,Q1,2026,Emirates,EK,Star Air,XX,USD,249,67655.0,4059.3,1210.0,57377.39,3442.64,995.05,10277.61,616.66,214.95,15.19,84.81
2025-03-20,March,Q1,2025,Qantas,QF,Star Air,XX,USD,722,702155.0,42129.3,9930.0,595600.35,35735.99,8432.14,106554.66,6393.31,1497.86,15.18,84.82
2025-02-18,February,Q1,2025,Air New Zealand,NZ,Star Air,XX,USD,495,254385.0,15263.1,4060.0,214629.0,12877.85,3393.24,39756.0,2385.25,666.76,15.63,84.37
2025-02-06,February,Q1,2025,Air France,AF,Star Air,XX,USD,245,210310.0,12618.6,3120.0,180025.4,10801.59,2747.67,30284.6,1817.01,372.33,14.4,85.6
2025-02-12,February,Q1,2025,Qantas,QF,Star Air,XX,USD,481,405740.0,24344.4,5190.0,340352.37,20421.16,4326.37,65387.63,3923.24,863.63,16.12,83.88
2025-02-12,February,Q1,2025,American Airlines,AA,Star Air,XX,USD,257,290210.0,17412.6,4615.0,246356.51,14781.44,3949.85,43853.49,2631.16,665.15,15.11,84.89
2025-01-16,January,Q1,2025,Qantas,QF,Star Air,XX,USD,252,148940.0,8936.4,2020.0,127564.06,7653.88,1678.39,21375.94,1282.52,341.61,14.35,85.65
2025-02-12,February,Q1,2025,Thai Airways International,TG,Star Air,XX,USD,259,151030.0,9061.8,2210.0,127927.81,7675.74,1831.92,23102.19,1386.06,378.08,15.3,84.7
2025-02-12,February,Q1,2025,Air India,AI,Star Air,XX,USD,246,72750.0,4365.0,1210.0,60986.79,3659.22,1033.9,11763.21,705.78,176.1,16.17,83.83
2025-03-20,March,Q1,2025,JetBlue,B6,Star Air,XX,USD,226,318350.0,19101.0,3620.0,266487.44,15989.24,3067.95,51862.56,3111.76,552.05,16.29,83.71
2025-02-18,February,Q1,2025,Air India,AI,Star Air,XX,USD,248,79420.0,4765.2,1120.0,67500.29,4050.08,972.83,11919.71,715.12,147.17,15.01,84.99
2025-03-20,March,Q1,2025,Thai Airways International,TG,Star Air,XX,USD,251,169300.0,10158.0,2215.0,144908.06,8694.46,1893.91,24391.94,1463.54,321.09,14.41,85.59
2025-02-18,February,Q1,2025,Jet Airways,9W,Star Air,XX,USD,498,134245.0,8054.7,1805.0,112858.31,6771.55,1509.27,21386.69,1283.15,295.73,15.93,84.07
2025-02-18,February,Q1,2025,Qantas,QF,Star Air,XX,USD,745,412085.0,24725.1,6690.0,347901.5,20874.09,5565.03,64183.5,3851.01,1124.97,15.58,84.42
2025-01-16,January,Q1,2025,Air France,AF,Star Air,XX,USD,259,213165.0,12789.9,2755.0,179669.48,10780.18,2303.46,33495.52,2009.72,451.54,15.71,84.29
2025-03-20,March,Q1,2025,Air France,AF,Star Air,XX,USD,254,224520.0,13471.2,3180.0,192718.83,11563.11,2698.02,31801.17,1908.09,481.98,14.16,85.84
2025-02-06,February,Q1,2025,Qantas,QF,Star Air,XX,USD,786,653465.0,39207.9,7190.0,553024.66,33181.48,6060.55,100440.34,6026.42,1129.45,15.37,84.63
2025-02-12,February,Q1,2025,British Airways,BA,Star Air,XX,USD,256,114145.0,6848.7,1475.0,96507.23,5790.45,1269.25,17637.78,1058.25,205.75,15.45,84.55
2025-02-06,February,Q1,2025,Air India,AI,Star Air,XX,USD,244,64840.0,3890.4,1140.0,54861.65,3291.62,935.8,9978.35,598.78,204.2,15.39,84.61
2025-03-20,March,Q1,2025,Air India,AI,Star Air,XX,USD,255,68915.0,4134.9,965.0,58244.7,3494.75,831.05,10670.3,640.15,133.95,15.48,84.52
2025-01-16,January,Q1,2025,Vietnam Airlines,VN,Star Air,XX,USD,2,965.0,57.9,0.0,835.17,50.11,0.0,129.83,7.79,0.0,13.45,86.55
2025-03-20,March,Q1,2025,Vietnam Airlines,VN,Star Air,XX,USD,1,510.0,30.6,0.0,426.3,25.58,0.0,83.7,5.02,0.0,16.41,83.59
2025-01-16,January,Q1,2025,Blue Panorama,BV,Star Air,XX,USD,264,65530.0,3931.8,925.0,55756.55,3345.33,804.96,9773.45,586.47,120.04,14.91,85.09
2025-02-06,February,Q1,2025,PIA,PK,Star Air,XX,USD,270,72820.0,4369.2,1220.0,61479.94,3688.82,1026.17,11340.06,680.38,193.83,15.57,84.43
2025-03-20,March,Q1,2025,Blue Panorama,BV,Star Air,XX,USD,265,76170.0,4570.2,1235.0,64381.79,3862.92,1055.61,11788.21,707.28,179.39,15.48,84.52
2025-02-18,February,Q1,2025,Air Mauritius,MK,Star Air,XX,USD,244,143870.0,8632.2,1835.0,121932.39,7316.01,1585.48,21937.61,1316.19,249.52,15.25,84.75
2025-02-12,February,Q1,2025,PIA,PK,Star Air,XX,USD,234,71795.0,4307.7,1055.0,59945.39,3596.63,899.57,11849.61,711.07,155.43,16.5,83.5
2025-02-12,February,Q1,2025,Emirates,EK,Star Air,XX,USD,262,73220.0,4393.2,1230.0,62010.21,3720.57,1047.48,11209.79,672.63,182.52,15.31,84.69
2025-01-16,January,Q1,2025,PIA,PK,Star Air,XX,USD,259,75390.0,4523.4,1655.0,63793.28,3827.56,1414.52,11596.72,695.84,240.48,15.38,84.62
2025-02-06,February,Q1,2025,American Airlines,AA,Star Air,XX,USD,267,288160.0,17289.6,3215.0,243669.25,14620.2,2773.78,44490.75,2669.4,441.22,15.44,84.56
2025-02-18,February,Q1,2025,SIA,SQ,Star Air,XX,USD,262,99445.0,5966.7,1525.0,85055.58,5103.29,1281.12,14389.42,863.41,243.88,14.47,85.53
2025-02-12,February,Q1,2025,Air Canada,AC,Star Air,XX,USD,244,68660.0,4119.6,725.0,58026.75,3481.62,619.47,10633.25,637.98,105.53,15.49,84.51
2025-05-20,May,Q2,2025,Thai Airways International,TG,Star Air,XX,USD,230,164075.0,9844.5,2875.0,138209.66,8292.61,2383.74,25865.34,1551.89,491.26,15.76,84.24
2025-04-01,April,Q2,2025,Qantas,QF,Star Air,XX,USD,460,276895.0,16613.7,3775.0,232010.75,13920.71,3180.9,44884.25,2692.99,594.1,16.21,83.79
2025-01-16,January,Q1,2025,Siberia Airlines,S7,Star Air,XX,USD,1,1495.0,89.7,0.0,1126.74,67.6,0.0,368.26,22.1,0.0,24.63,75.37
2025-04-04,April,Q2,2025,Air New Zealand,NZ,Star Air,XX,USD,245,207335.0,12440.1,2380.0,177359.08,10641.55,2019.19,29975.92,1798.55,360.81,14.46,85.54
2025-04-01,April,Q2,2025,Air New Zealand,NZ,Star Air,XX,USD,498,273980.0,16438.8,4375.0,232442.15,13946.61,3778.77,41537.85,2492.19,596.23,15.16,84.84
2025-04-01,April,Q2,2025,Jet Airways,9W,Star Air,XX,USD,242,70595.0,4235.7,1120.0,59977.78,3598.68,969.82,10617.22,637.02,150.18,15.04,84.96
2025-04-08,April,Q2,2025,Air New Zealand,NZ,Star Air,XX,USD,261,212215.0,12732.9,2285.0,181897.39,10913.88,1861.27,30317.61,1819.02,423.73,14.29,85.71
2025-04-04,April,Q2,2025,Qantas,QF,Star Air,XX,USD,724,443145.0,26588.7,7635.0,376893.07,22613.52,6347.93,66251.93,3975.18,1287.07,14.95,85.05
2025-04-08,April,Q2,2025,JetBlue,B6,Star Air,XX,USD,242,349635.0,20978.1,4820.0,298975.95,17938.59,4151.53,50659.05,3039.51,668.47,14.49,85.51
2025-01-16,January,Q1,2025,Emirates,EK,Star Air,XX,USD,248,66895.0,4013.7,1095.0,56463.97,3387.88,919.08,10431.03,625.82,175.92,15.59,84.41
2025-01-16,January,Q1,2025,Air Canada,AC,Star Air,XX,USD,261,76490.0,4589.4,1340.0,64266.85,3856.03,1141.85,12223.15,733.37,198.15,15.98,84.02
2025-02-18,February,Q1,2025,Air Canada,AC,Star Air,XX,USD,259,71375.0,4282.5,1025.0,60512.4,3630.73,872.44,10862.6,651.77,152.56,15.22,84.78
2025-02-06,February,Q1,2025,Emirates,EK,Star Air,XX,USD,258,74185.0,4451.1,990.0,62776.4,3766.46,863.72,11408.6,684.64,126.28,15.38,84.62
2025-04-07,April,Q2,2025,Qantas,QF,Star Air,XX,USD,469,225115.0,13506.9,3265.0,190790.44,11447.43,2780.33,34324.56,2059.47,484.67,15.25,84.75
2025-04-08,April,Q2,2025,Qantas,QF,Star Air,XX,USD,735,448745.0,26924.7,7715.0,379576.69,22774.69,6597.65,69168.31,4150.01,1117.35,15.41,84.59
2025-03-20,March,Q1,2025,Emirates,EK,Star Air,XX,USD,251,69950.0,4197.0,1150.0,59143.06,3548.58,970.16,10806.95,648.42,179.84,15.45,84.55
2025-03-20,March,Q1,2025,Air Canada,AC,Star Air,XX,USD,259,74470.0,4468.2,1050.0,62771.09,3766.32,913.39,11698.91,701.88,136.61,15.71,84.29
2025-04-01,April,Q2,2025,Thai Airways International,TG,Star Air,XX,USD,258,165020.0,9901.2,2770.0,140560.7,8433.67,2340.28,24459.3,1467.53,429.72,14.82,85.18
2025-05-20,May,Q2,2025,Qantas,QF,Star Air,XX,USD,486,341755.0,20505.3,4170.0,287523.72,17251.49,3463.25,54231.28,3253.81,706.75,15.87,84.13
2025-04-04,April,Q2,2025,Thai Airways International,TG,Star Air,XX,USD,248,164700.0,9882.0,2165.0,140330.18,8419.83,1826.78,24369.82,1462.17,338.22,14.8,85.2
2025-04-08,April,Q2,2025,Jet Airways,9W,Star Air,XX,USD,232,68305.0,4098.3,780.0,57668.82,3460.1,691.61,10636.18,638.2,88.39,15.57,84.43
2025-04-01,April,Q2,2025,Air India,AI,Star Air,XX,USD,227,72085.0,4325.1,850.0,61442.14,3686.55,726.97,10642.86,638.55,123.03,14.76,85.24
2025-04-07,April,Q2,2025,Jet Airways,9W,Star Air,XX,USD,236,68365.0,4101.9,1525.0,58247.95,3494.93,1270.77,10117.05,606.97,254.23,14.8,85.2
2025-06-14,June,Q2,2025,Jet Airways,9W,Star Air,XX,USD,242,79040.0,4742.4,930.0,66389.86,3983.38,791.05,12650.14,759.02,138.95,16.0,84.0
2025-05-20,May,Q2,2025,Jet Airways,9W,Star Air,XX,USD,218,69315.0,4158.9,1210.0,58365.24,3501.89,1025.34,10949.76,657.01,184.66,15.8,84.2
2025-04-07,April,Q2,2025,Air Mauritius,MK,Star Air,XX,USD,253,178460.0,10707.6,4460.0,152347.55,9140.86,3797.22,26112.45,1566.74,662.78,14.63,85.37
2025-04-04,April,Q2,2025,Air Canada,AC,Star Air,XX,USD,239,70485.0,4229.1,1435.0,59361.47,3561.66,1202.74,11123.53,667.44,232.26,15.78,84.22
2025-06-14,June,Q2,2025,Air Mauritius,MK,Star Air,XX,USD,230,157840.0,9470.4,2845.0,134467.73,8068.09,2465.21,23372.27,1402.31,379.79,14.81,85.19
2025-05-20,May,Q2,2025,Emirates,EK,Star Air,XX,USD,223,80095.0,4805.7,1115.0,66917.7,4015.07,971.2,13177.3,790.63,143.8,16.45,83.55
2025-04-07,April,Q2,2025,Emirates,EK,Star Air,XX,USD,498,150705.0,9042.3,2370.0,127584.56,7654.97,1985.18,23120.44,1387.33,384.82,15.34,84.66
2025-06-14,June,Q2,2025,British Airways,BA,Star Air,XX,USD,242,133240.0,7994.4,1890.0,113296.33,6797.79,1607.81,19943.67,1196.61,282.19,14.97,85.03
2025-04-04,April,Q2,2025,SIA,SQ,Star Air,XX,USD,231,106815.0,6408.9,1170.0,90719.33,5443.17,960.99,16095.67,965.73,209.01,15.07,84.93
2025-04-01,April,Q2,2025,Emirates,EK,Star Air,XX,USD,485,145030.0,8701.8,2480.0,122884.43,7373.04,2082.91,22145.57,1328.76,397.09,15.27,84.73
2025-06-14,June,Q2,2025,Air Canada,AC,Star Air,XX,USD,229,73630.0,4417.8,935.0,62699.41,3761.96,785.96,10930.59,655.84,149.04,14.85,85.15
2025-04-01,April,Q2,2025,PIA,PK,Star Air,XX,USD,264,81735.0,4904.1,920.0,69026.31,4268.95,793.35,12708.69,635.15,126.65,15.55,84.45
2025-04-07,April,Q2,2025,Air India,AI,Star Air,XX,USD,255,71150.0,4269.0,1040.0,60298.89,3668.57,902.57,10851.11,600.43,137.43,15.25,84.75
2025-04-08,April,Q2,2025,PIA,PK,Star Air,XX,USD,245,77570.0,4654.2,890.0,65695.64,4009.74,743.87,11874.36,644.46,146.13,15.31,84.69
2025-06-14,June,Q2,2025,Qantas,QF,Star Air,XX,USD,236,306810.0,18408.6,4080.0,258224.91,14620.04,3484.68,48585.09,3788.56,595.32,15.84,84.16
2025-04-01,April,Q2,2025,Air Mauritius,MK,Star Air,XX,USD,221,121930.0,7315.8,1450.0,102083.58,6778.45,1260.32,19846.42,537.35,189.68,16.28,83.72
2025-05-20,May,Q2,2025,Siberia Airlines,S7,Star Air,XX,USD,1,570.0,34.2,0.0,434.83,26.09,0.0,135.17,8.11,0.0,23.71,76.29
2025-04-01,April,Q2,2025,Air Canada,AC,Star Air,XX,USD,239,72545.0,4352.7,940.0,62448.53,3746.8,799.11,10096.47,605.9,140.89,13.92,86.08
2025-06-14,June,Q2,2025,Emirates,EK,Star Air,XX,USD,244,78570.0,4714.2,1025.0,66020.2,3961.21,851.13,12549.8,752.99,173.87,15.97,84.03
2025-05-20,May,Q2,2025,Air Mauritius,MK,Star Air,XX,USD,233,137360.0,8241.6,2755.0,117077.35,7233.43,2362.49,20282.65,1008.17,392.51,14.77,85.23
2025-09-11,September,Q3,2025,Air France,AF,Star Air,XX,USD,245,225790.0,13547.4,5185.0,192132.69,11527.9,4538.42,33657.31,2019.5,646.58,14.91,85.09
2025-07-13,July,Q3,2025,Qantas,QF,Star Air,XX,USD,994,881145.0,52868.7,14445.0,742788.24,44567.36,12241.44,138356.76,8301.34,2203.56,15.7,84.3
2025-08-28,August,Q3,2025,Air France,AF,Star Air,XX,USD,251,231065.0,13863.9,4550.0,195105.82,11706.27,3864.41,35959.18,2157.63,685.59,15.56,84.44
2025-04-04,April,Q2,2025,Emirates,EK,Star Air,XX,USD,447,137390.0,8243.4,2075.0,115666.25,6939.97,1740.96,21723.75,1303.43,334.04,15.81,84.19
2025-07-26,July,Q3,2025,Air India,AI,Star Air,XX,USD,249,90105.0,5406.3,1290.0,76403.36,4584.19,1128.51,13701.64,822.11,161.49,15.21,84.79
2025-04-01,April,Q2,2025,SIA,SQ,Star Air,XX,USD,256,104445.0,6266.7,845.0,88366.09,4540.36,691.9,16078.91,1726.34,153.1,15.39,84.61
2025-04-08,April,Q2,2025,Air Canada,AC,Star Air,XX,USD,246,78160.0,4689.6,1040.0,66619.68,3997.22,893.02,11540.32,692.38,146.98,14.76,85.24
2025-07-26,July,Q3,2025,Jet Airways,9W,Star Air,XX,USD,250,73825.0,4429.5,1160.0,62848.52,3770.86,1011.71,10976.48,658.64,148.29,14.87,85.13
2025-09-11,September,Q3,2025,Vietnam Airlines,VN,Star Air,XX,USD,1,700.0,42.0,0.0,595.43,35.73,0.0,104.57,6.27,0.0,14.94,85.06
2025-07-26,July,Q3,2025,Thai Airways International,TG,Star Air,XX,USD,245,161240.0,9674.4,2540.0,137062.77,8223.82,2145.45,24177.23,1450.58,394.55,14.99,85.01
2025-08-28,August,Q3,2025,Air India,AI,Star Air,XX,USD,242,68590.0,4115.4,1335.0,59216.62,3553.03,1144.91,9373.38,562.37,190.09,13.67,86.33
2025-07-13,July,Q3,2025,American Airlines,AA,Star Air,XX,USD,249,296415.0,17784.9,2920.0,250532.34,15031.88,2428.71,45882.66,2753.02,491.29,15.48,84.52
2025-09-11,September,Q3,2025,JetBlue,B6,Star Air,XX,USD,231,300770.0,18046.2,7000.0,252813.52,15168.77,5895.38,47956.48,2877.43,1104.62,15.94,84.06
2025-09-11,September,Q3,2025,Qantas,QF,Star Air,XX,USD,491,390965.0,23457.9,6355.0,330382.91,19823.03,5320.37,60582.09,3634.87,1034.63,15.5,84.5
2025-08-28,August,Q3,2025,JetBlue,B6,Star Air,XX,USD,166,222860.0,13371.6,3545.0,189108.25,11346.46,2989.34,33751.75,2025.14,555.66,15.14,84.86
2025-07-26,July,Q3,2025,American Airlines,AA,Star Air,XX,USD,246,286340.0,17180.4,4680.0,242210.37,14532.65,3969.93,44129.63,2647.75,710.07,15.41,84.59
2025-07-26,July,Q3,2025,British Airways,BA,Star Air,XX,USD,248,130835.0,7850.1,2635.0,109293.26,6557.6,2205.91,21541.74,1292.5,429.09,16.46,83.54
2025-07-13,July,Q3,2025,Emirates,EK,Star Air,XX,USD,247,83130.0,4987.8,975.0,71305.57,4278.3,839.84,11824.44,709.5,135.16,14.22,85.78
2025-07-13,July,Q3,2025,Air Canada,AC,Star Air,XX,USD,250,80525.0,4831.5,1145.0,68740.61,4124.45,981.17,11784.39,707.05,163.83,14.63,85.37
2025-07-13,July,Q3,2025,Blue Panorama,BV,Star Air,XX,USD,244,79380.0,4762.8,995.0,66709.21,4002.62,843.88,12670.79,760.18,151.12,15.96,84.04
2025-07-26,July,Q3,2025,Qantas,QF,Star Air,XX,USD,489,523750.0,31425.0,7060.0,443803.88,26628.22,6051.06,79946.12,4796.78,1008.94,15.26,84.74
2025-09-11,September,Q3,2025,Emirates,EK,Star Air,XX,USD,499,154210.0,9252.6,2210.0,130089.88,7805.46,1876.94,24120.12,1447.14,333.06,15.64,84.36
2025-09-11,September,Q3,2025,PIA,PK,Star Air,XX,USD,257,77805.0,4668.3,930.0,65986.56,3959.15,786.87,11818.45,709.15,143.13,15.19,84.81
2025-08-28,August,Q3,2025,Blue Panorama,BV,Star Air,XX,USD,255,73420.0,4405.2,1310.0,61613.34,3696.84,1107.79,11806.66,708.36,202.21,16.08,83.92
2025-08-28,August,Q3,2025,PIA,PK,Star Air,XX,USD,253,76995.0,4619.7,890.0,64714.82,3882.93,744.73,12280.18,736.77,145.27,15.95,84.05
2025-09-11,September,Q3,2025,Air Canada,AC,Star Air,XX,USD,262,76195.0,4571.7,1095.0,63947.68,3836.85,908.03,12247.32,734.85,186.97,16.07,83.93
2025-08-28,August,Q3,2025,Emirates,EK,Star Air,XX,USD,497,148630.0,8917.8,2120.0,125622.31,7537.43,1784.55,23007.69,1380.37,335.45,15.48,84.52
2025-08-28,August,Q3,2025,Air Canada,AC,Star Air,XX,USD,251,79255.0,4755.3,1165.0,66736.44,4004.15,995.55,12518.56,751.15,169.45,15.8,84.2
2025-08-28,August,Q3,2025,Air Mauritius,MK,Star Air,XX,USD,253,167050.0,10023.0,2690.0,141706.24,8502.38,2274.64,25343.76,1520.62,415.36,15.17,84.83
2025-11-30,November,Q4,2025,Qantas,QF,Star Air,XX,USD,971,784645.0,47078.7,13685.0,667402.7,40044.07,10775.06,117242.3,7034.63,2909.94,14.94,85.06
2025-08-28,August,Q3,2025,American Airlines,AA,Star Air,XX,USD,250,304845.0,18290.7,4615.0,258315.93,15499.0,3873.28,46529.07,2791.7,741.72,15.26,84.74
2025-10-01,October,Q4,2025,Siberia Airlines,S7,Star Air,XX,USD,1,595.0,35.7,0.0,452.88,27.17,0.0,142.12,8.53,0.0,23.89,76.11
2025-10-01,October,Q4,2025,Qantas,QF,Star Air,XX,USD,752,644965.0,38697.9,18155.0,544416.04,32665.03,9211.1,100548.96,6032.87,8943.9,15.59,84.41
2025-11-12,November,Q4,2025,Thai Airways International,TG,Star Air,XX,USD,245,147230.0,8833.8,1330.0,125333.6,7520.09,1744.85,21896.4,1313.71,-414.85,14.87,85.13
2025-07-26,July,Q3,2025,Emirates,EK,Star Air,XX,USD,479,158015.0,9480.9,2410.0,133567.34,8013.99,2031.19,24447.66,1466.91,378.81,15.47,84.53
2025-02-17,February,Q1,2025,Qantas,QF,Star Air,XX,USD,765,368575.0,22114.5,6030.0,309187.85,18551.33,5064.36,59387.15,3563.17,965.64,16.11,83.89
2025-02-22,February,Q1,2025,Jet Airways,9W,Star Air,XX,USD,242,61615.0,3696.9,855.0,53061.49,3183.67,739.46,8553.52,513.23,115.54,13.88,86.12
2025-02-09,February,Q1,2025,Qantas,QF,Star Air,XX,USD,1534,1300300.0,78018.0,17815.0,1098777.16,65926.79,15094.15,201522.84,12091.21,2720.85,15.5,84.5
2025-02-09,February,Q1,2025,Air France,AF,Star Air,XX,USD,245,220665.0,13239.9,3445.0,185499.66,11130.02,2799.89,35165.34,2109.88,645.11,15.94,84.06
2025-01-07,January,Q1,2025,Qantas,QF,Star Air,XX,USD,764,473945.0,28436.7,7085.0,402013.69,24120.7,6116.08,71931.31,4316.0,968.92,15.18,84.82
2025-01-07,January,Q1,2025,Jet Airways,9W,Star Air,XX,USD,222,59285.0,3557.1,675.0,50052.66,3003.1,579.52,9232.34,554.0,95.48,15.57,84.43
2025-02-10,February,Q1,2025,Qantas,QF,Star Air,XX,USD,485,418275.0,25096.5,6405.0,348873.01,20932.41,5402.08,69401.99,4164.09,1002.92,16.59,83.41
2025-01-07,January,Q1,2025,Air India,AI,Star Air,XX,USD,264,81765.0,4905.9,785.0,68266.37,4096.02,664.96,13498.63,809.88,120.04,16.51,83.49
2025-02-17,February,Q1,2025,Jet Airways,9W,Star Air,XX,USD,258,70160.0,4209.6,1345.0,59432.47,3565.92,1145.63,10727.53,643.68,199.37,15.29,84.71
2025-01-22,January,Q1,2025,Air India,AI,Star Air,XX,USD,236,73120.0,4387.2,1010.0,61802.11,3708.29,861.04,11317.89,678.91,148.96,15.48,84.52
2025-02-22,February,Q1,2025,PIA,PK,Star Air,XX,USD,258,70855.0,4251.3,1210.0,59773.82,3586.38,1014.97,11081.18,664.92,195.03,15.64,84.36
2025-01-07,January,Q1,2025,Air New Zealand,NZ,Star Air,XX,USD,249,84720.0,5083.2,890.0,71558.03,4293.5,732.52,13161.97,789.71,157.48,15.54,84.46
2025-02-09,February,Q1,2025,Air India,AI,Star Air,XX,USD,262,86490.0,5189.4,1040.0,73718.77,4423.18,895.96,12771.23,766.22,144.04,14.77,85.23
2025-02-22,February,Q1,2025,Thai Airways International,TG,Star Air,XX,USD,259,166525.0,9991.5,2400.0,141681.23,8500.93,2051.69,24843.77,1490.57,348.31,14.92,85.08
2025-01-22,January,Q1,2025,British Airways,BA,Star Air,XX,USD,257,131750.0,7905.0,2365.0,109752.94,6585.13,2004.24,21997.06,1319.87,360.76,16.7,83.3
2025-01-07,January,Q1,2025,SIA,SQ,Star Air,XX,USD,258,102750.0,6165.0,1385.0,87275.58,5236.49,1181.51,15474.42,928.51,203.49,15.06,84.94
2025-02-09,February,Q1,2025,Blue Panorama,BV,Star Air,XX,USD,256,69635.0,4178.1,1065.0,58644.31,3518.68,908.06,10990.69,659.42,156.94,15.78,84.22
2025-02-17,February,Q1,2025,Emirates,EK,Star Air,XX,USD,254,71870.0,4312.2,930.0,60814.39,3648.88,788.05,11055.61,663.32,141.95,15.38,84.62
2025-01-07,January,Q1,2025,Vietnam Airlines,VN,Star Air,XX,USD,1,125.0,7.5,0.0,119.67,7.18,0.0,5.33,0.32,0.0,4.26,95.74
2025-02-09,February,Q1,2025,British Airways,BA,Star Air,XX,USD,254,119195.0,7151.7,1700.0,101576.31,6094.57,1489.3,17618.69,1057.13,210.7,14.78,85.22
2025-02-10,February,Q1,2025,Air Mauritius,MK,Star Air,XX,USD,239,141140.0,8468.4,1915.0,118544.56,7112.73,1612.23,22595.44,1355.67,302.77,16.01,83.99
2025-01-22,January,Q1,2025,Qantas,QF,Star Air,XX,USD,490,468965.0,28137.9,6680.0,398845.77,23930.73,5752.18,70119.23,4207.17,927.82,14.95,85.05
2025-01-07,January,Q1,2025,Emirates,EK,Star Air,XX,USD,503,135380.0,8122.8,1515.0,114896.51,6893.67,1268.42,20483.49,1229.13,246.58,15.13,84.87
2025-01-22,January,Q1,2025,Emirates,EK,Star Air,XX,USD,482,138570.0,8314.2,1765.0,117008.15,7020.46,1466.87,21561.85,1293.74,298.13,15.56,84.44
2025-02-22,February,Q1,2025,Air Canada,AC,Star Air,XX,USD,253,71425.0,4285.5,1050.0,59702.0,3582.04,837.74,11723.0,703.46,212.26,16.41,83.59
2025-02-22,February,Q1,2025,Emirates,EK,Star Air,XX,USD,488,136805.0,8208.3,1920.0,116309.5,6978.54,1649.17,20495.5,1229.76,270.83,14.98,85.02
2025-02-22,February,Q1,2025,Air Mauritius,MK,Star Air,XX,USD,244,156565.0,9393.9,2420.0,132380.88,7942.89,2033.19,24184.12,1451.01,386.81,15.45,84.55
2025-02-09,February,Q1,2025,Emirates,EK,Star Air,XX,USD,503,139590.0,8375.4,2300.0,118288.07,7097.21,1908.38,21301.93,1278.19,391.62,15.26,84.74
2025-02-09,February,Q1,2025,JetBlue,B6,Star Air,XX,USD,250,341925.0,20515.5,3740.0,286391.69,17183.52,3201.26,55533.31,3331.98,538.74,16.24,83.76
2025-02-09,February,Q1,2025,American Airlines,AA,Star Air,XX,USD,254,278020.0,16681.2,3845.0,235729.36,14143.75,3310.23,42290.64,2537.45,534.77,15.21,84.79
2025-01-07,January,Q1,2025,PIA,PK,Star Air,XX,USD,273,79695.0,4781.7,1495.0,66699.66,4002.05,1202.33,12995.34,779.65,292.67,16.31,83.69
2025-04-17,April,Q2,2025,Thai Airways International,TG,Star Air,XX,USD,243,166115.0,9966.9,2000.0,141859.31,8511.6,1742.95,24255.69,1455.3,257.05,14.6,85.4
2025-02-22,February,Q1,2025,SIA,SQ,Star Air,XX,USD,261,96975.0,5818.5,1555.0,81299.55,4877.9,1326.56,15675.45,940.6,228.44,16.16,83.84
2025-04-24,April,Q2,2025,Qantas,QF,Star Air,XX,USD,748,697260.0,41835.6,14210.0,586857.48,35587.59,11756.77,110402.52,6248.01,2453.23,15.83,84.17
2025-06-27,June,Q2,2025,Qantas,QF,Star Air,XX,USD,491,348675.0,20920.5,5150.0,294726.34,17683.56,4316.21,53948.66,3236.94,833.79,15.47,84.53
2025-04-22,April,Q2,2025,Jet Airways,9W,Star Air,XX,USD,486,150135.0,9008.1,1695.0,127574.4,7654.52,1433.1,22560.6,1353.58,261.9,15.03,84.97
2025-04-22,April,Q2,2025,Thai Airways International,TG,Star Air,XX,USD,235,169035.0,10142.1,2215.0,141533.09,8492.01,1853.24,27501.91,1650.09,361.76,16.27,83.73
2025-06-27,June,Q2,2025,Jet Airways,9W,Star Air,XX,USD,249,77945.0,4676.7,1270.0,65494.6,3929.69,1025.9,12450.4,747.01,244.1,15.97,84.03
2025-06-27,June,Q2,2025,Air New Zealand,NZ,Star Air,XX,USD,484,280050.0,16803.0,4555.0,239684.15,14381.14,3888.21,40365.85,2421.86,666.79,14.41,85.59
2025-04-22,April,Q2,2025,Air New Zealand,NZ,Star Air,XX,USD,239,189285.0,11357.1,2380.0,160613.67,9636.81,2013.46,28671.33,1720.29,366.54,15.15,84.85
2025-05-29,May,Q2,2025,Qantas,QF,Star Air,XX,USD,704,616345.0,36980.7,9605.0,521084.06,31265.08,8128.99,95260.94,5715.62,1476.01,15.46,84.54
2025-06-22,June,Q2,2025,Air France,AF,Star Air,XX,USD,243,228820.0,13729.2,3445.0,195352.87,11721.22,3008.72,33467.13,2007.98,436.28,14.63,85.37
2025-04-17,April,Q2,2025,Air France,AF,Star Air,XX,USD,220,232880.0,13972.8,4105.0,198079.75,11884.77,3566.1,34800.25,2088.03,538.9,14.94,85.06
2025-04-22,April,Q2,2025,JetBlue,B6,Star Air,XX,USD,247,359755.0,21585.3,6670.0,303376.77,18202.56,5473.11,56378.23,3382.74,1196.89,15.67,84.33
2025-01-07,January,Q1,2025,Air Canada,AC,Star Air,XX,USD,263,71500.0,4290.0,760.0,60571.76,3634.35,648.15,10928.24,655.65,111.85,15.28,84.72
2025-04-22,April,Q2,2025,Vietnam Airlines,VN,Star Air,XX,USD,1,815.0,48.9,0.0,621.67,37.3,0.0,193.33,11.6,0.0,23.72,76.28
2025-04-17,April,Q2,2025,Qantas,QF,Star Air,XX,USD,248,153670.0,9220.2,2430.0,131763.32,7905.85,2128.82,21906.68,1314.35,301.18,14.26,85.74
2025-04-22,April,Q2,2025,Qantas,QF,Star Air,XX,USD,247,151915.0,9114.9,1970.0,128430.39,7705.79,1684.53,23484.61,1409.11,285.47,15.46,84.54
2025-04-22,April,Q2,2025,Air India,AI,Star Air,XX,USD,246,92430.0,5545.8,1440.0,77958.21,4677.53,1236.88,14471.79,868.27,203.12,15.66,84.34
2025-04-24,April,Q2,2025,JetBlue,B6,Star Air,XX,USD,199,288690.0,17321.4,4975.0,245819.48,14749.19,4212.98,42870.52,2572.21,762.02,14.85,85.15
2025-05-29,May,Q2,2025,JetBlue,B6,Star Air,XX,USD,247,385570.0,23134.2,5110.0,327543.76,19652.6,4461.85,58026.24,3481.6,648.15,15.05,84.95
2025-04-24,April,Q2,2025,Air India,AI,Star Air,XX,USD,243,72585.0,4355.1,915.0,61820.66,3709.22,794.67,10764.34,645.88,120.33,14.83,85.17
2025-06-27,June,Q2,2025,SIA,SQ,Star Air,XX,USD,223,108035.0,6482.1,2565.0,90194.62,5411.68,2073.59,17840.38,1070.42,491.41,16.51,83.49
2025-06-22,June,Q2,2025,American Airlines,AA,Star Air,XX,USD,443,507485.0,30449.1,7345.0,428483.41,25708.98,6332.34,79001.59,4740.12,1012.66,15.57,84.43
2025-05-29,May,Q2,2025,Air India,AI,Star Air,XX,USD,238,72605.0,4356.3,1210.0,61271.9,3676.35,1037.27,11333.1,679.95,172.73,15.61,84.39
2025-04-22,April,Q2,2025,Emirates,EK,Star Air,XX,USD,462,152245.0,9134.7,2645.0,128142.0,7688.48,2261.65,24103.0,1446.22,383.35,15.83,84.17
2025-06-27,June,Q2,2025,PIA,PK,Star Air,XX,USD,239,84510.0,5070.6,680.0,71023.0,4261.43,563.91,13487.0,809.17,116.09,15.96,84.04
2025-06-22,June,Q2,2025,Emirates,EK,Star Air,XX,USD,489,156300.0,9378.0,1750.0,132969.96,7978.08,1496.52,23330.05,1399.92,253.48,14.93,85.07
2025-06-22,June,Q2,2025,Qantas,QF,Star Air,XX,USD,468,521990.0,31319.4,7020.0,442024.9,26521.57,6053.98,79965.1,4797.83,966.02,15.32,84.68
2025-06-27,June,Q2,2025,Air Canada,AC,Star Air,XX,USD,239,72235.0,4334.1,1335.0,61669.75,3700.26,1136.83,10565.25,633.84,198.17,14.63,85.37
2025-06-22,June,Q2,2025,British Airways,BA,Star Air,XX,USD,257,130875.0,7852.5,2030.0,111399.44,6120.71,1727.77,19475.57,1731.79,302.23,14.88,85.12
2025-06-22,June,Q2,2025,JetBlue,B6,Star Air,XX,USD,232,323610.0,19416.6,5080.0,273986.46,16439.2,4209.33,49623.54,2977.4,870.67,15.33,84.67
2025-04-17,April,Q2,2025,Blue Panorama,BV,Star Air,XX,USD,253,76600.0,4596.0,1080.0,65006.88,4010.26,955.99,11593.12,585.74,124.01,15.13,84.87
2025-04-24,April,Q2,2025,Blue Panorama,BV,Star Air,XX,USD,251,75560.0,4533.6,1130.0,63989.59,3939.59,951.22,11570.41,594.01,178.78,15.31,84.69
2025-04-22,April,Q2,2025,PIA,PK,Star Air,XX,USD,243,76775.0,4606.5,1325.0,64999.01,3926.11,1111.42,11775.99,680.39,213.58,15.34,84.66
2025-04-22,April,Q2,2025,SIA,SQ,Star Air,XX,USD,264,107525.0,6451.5,1470.0,90706.36,5287.35,1221.83,16818.64,1164.15,248.17,15.64,84.36
2025-05-29,May,Q2,2025,Siberia Airlines,S7,Star Air,XX,USD,1,1775.0,106.5,0.0,1458.89,87.53,0.0,316.11,18.97,0.0,17.81,82.19
2025-04-17,April,Q2,2025,Air Mauritius,MK,Star Air,XX,USD,247,144605.0,8676.3,2090.0,122112.22,7352.2,1700.3,22492.78,1324.1,389.7,15.55,84.45
2025-04-22,April,Q2,2025,Air Mauritius,MK,Star Air,XX,USD,234,151680.0,9100.8,3145.0,129857.42,6720.64,2743.48,21822.58,2380.16,401.52,14.39,85.61
2025-04-17,April,Q2,2025,Emirates,EK,Star Air,XX,USD,254,81490.0,4889.4,1195.0,68674.51,4120.48,1016.1,12815.49,768.92,178.9,15.73,84.27
2025-04-24,April,Q2,2025,Air Mauritius,MK,Star Air,XX,USD,256,154905.0,9294.3,1570.0,132383.05,7046.35,1374.01,22521.95,2247.95,195.99,14.54,85.46
2025-07-27,July,Q3,2025,Air France,AF,Star Air,XX,USD,257,234170.0,14050.2,2520.0,197385.45,11843.13,2096.2,36784.55,2207.07,423.8,15.71,84.29
2025-04-17,April,Q2,2025,Siberia Airlines,S7,Star Air,XX,USD,1,720.0,43.2,0.0,608.14,36.49,0.0,111.86,6.71,0.0,15.54,84.46
2025-04-17,April,Q2,2025,American Airlines,AA,Star Air,XX,USD,248,317985.0,19079.1,5105.0,270150.88,13177.45,4562.24,47834.12,5901.65,542.76,15.04,84.96
2025-09-06,September,Q3,2025,Air India,AI,Star Air,XX,USD,246,94645.0,5678.7,1410.0,80434.2,4826.12,1234.5,14210.8,852.58,175.5,15.01,84.99
2025-09-10,September,Q3,2025,Qantas,QF,Star Air,XX,USD,730,763500.0,45810.0,12620.0,644212.96,38652.73,10591.46,119287.04,7157.27,2028.54,15.62,84.38
2025-05-29,May,Q2,2025,American Airlines,AA,Star Air,XX,USD,250,247930.0,14875.8,2860.0,208977.75,11617.41,2369.63,38952.25,3258.39,490.37,15.71,84.29
2025-09-12,September,Q3,2025,Qantas,QF,Star Air,XX,USD,740,427885.0,25673.1,5940.0,361886.57,21713.13,5033.2,65998.43,3959.97,906.8,15.42,84.58
2025-07-19,July,Q3,2025,Jet Airways,9W,Star Air,XX,USD,238,68955.0,4137.3,1345.0,59222.04,3553.34,1114.96,9732.96,583.96,230.04,14.11,85.89
2025-04-24,April,Q2,2025,Emirates,EK,Star Air,XX,USD,228,70860.0,4251.6,1040.0,59306.31,3558.34,881.91,11553.69,693.26,158.09,16.3,83.7
2025-04-24,April,Q2,2025,Air Canada,AC,Star Air,XX,USD,241,74730.0,4483.8,1100.0,63305.95,3798.39,926.43,11424.05,685.41,173.57,15.29,84.71
2025-09-12,September,Q3,2025,Air New Zealand,NZ,Star Air,XX,USD,221,72915.0,4374.9,1065.0,61853.77,3711.22,903.56,11061.23,663.68,161.44,15.17,84.83
2025-09-06,September,Q3,2025,Jet Airways,9W,Star Air,XX,USD,236,66700.0,4002.0,755.0,56487.24,3389.14,637.9,10212.76,612.86,117.1,15.31,84.69
2025-09-12,September,Q3,2025,Jet Airways,9W,Star Air,XX,USD,244,74770.0,4486.2,1350.0,63756.4,3825.35,1138.08,11013.6,660.85,211.92,14.73,85.27
2025-07-19,July,Q3,2025,Thai Airways International,TG,Star Air,XX,USD,251,180425.0,10825.5,2405.0,154239.35,9254.37,1977.6,26185.65,1571.13,427.4,14.51,85.49
2025-07-27,July,Q3,2025,Qantas,QF,Star Air,XX,USD,1229,1225515.0,73530.9,19310.0,1035144.01,62108.58,16421.92,190370.99,11422.32,2888.08,15.53,84.47
2025-07-27,July,Q3,2025,Thai Airways International,TG,Star Air,XX,USD,242,173790.0,10427.4,2340.0,146492.94,8789.61,2014.64,27297.06,1637.79,325.36,15.71,84.29
2025-07-28,July,Q3,2025,Qantas,QF,Star Air,XX,USD,492,481055.0,28863.3,6740.0,404485.88,24269.15,5647.84,76569.12,4594.15,1092.16,15.92,84.08
2025-09-12,September,Q3,2025,PIA,PK,Star Air,XX,USD,246,72690.0,4361.4,845.0,61488.95,3689.33,723.82,11201.05,672.07,121.18,15.41,84.59
2025-09-07,September,Q3,2025,Qantas,QF,Star Air,XX,USD,230,318940.0,19136.4,5760.0,268755.49,16125.37,4891.77,50184.51,3011.03,868.23,15.73,84.27
2025-07-27,July,Q3,2025,PIA,PK,Star Air,XX,USD,240,81115.0,4866.9,940.0,68265.78,4095.92,800.32,12849.22,770.98,139.68,15.84,84.16
2025-09-06,September,Q3,2025,American Airlines,AA,Star Air,XX,USD,255,275855.0,16551.3,4720.0,232670.19,13960.13,4027.38,43184.81,2591.17,692.62,15.65,84.35
2025-07-19,July,Q3,2025,JetBlue,B6,Star Air,XX,USD,243,343475.0,20608.5,3850.0,291447.9,17486.89,3243.0,52027.1,3121.61,607.0,15.15,84.85
2025-09-07,September,Q3,2025,American Airlines,AA,Star Air,XX,USD,475,503195.0,30191.7,8115.0,430411.05,25824.56,6972.25,72783.95,4367.14,1142.75,14.46,85.54
2025-08-18,August,Q3,2025,Qantas,QF,Star Air,XX,USD,492,471985.0,28319.1,7510.0,395280.92,23716.83,6278.25,76704.08,4602.27,1231.75,16.25,83.75
2025-07-19,July,Q3,2025,American Airlines,AA,Star Air,XX,USD,500,608065.0,36483.9,8700.0,515332.82,30919.9,7344.3,92732.18,5564.0,1355.7,15.25,84.75
2025-07-27,July,Q3,2025,American Airlines,AA,Star Air,XX,USD,494,573295.0,34397.7,10065.0,484807.46,29088.44,8503.39,88487.54,5309.26,1561.61,15.43,84.57
2025-09-06,September,Q3,2025,Air Canada,AC,Star Air,XX,USD,435,130990.0,7859.4,1860.0,111411.34,6684.65,1583.62,19578.67,1174.75,276.38,14.95,85.05
2025-09-06,September,Q3,2025,Emirates,EK,Star Air,XX,USD,472,138580.0,8314.8,1735.0,116800.41,7008.08,1480.44,21779.59,1306.72,254.56,15.72,84.28
2025-09-10,September,Q3,2025,British Airways,BA,Star Air,XX,USD,492,236995.0,14219.7,2895.0,200410.99,12024.57,2471.57,36584.01,2195.13,423.43,15.44,84.56
2025-09-06,September,Q3,2025,PIA,PK,Star Air,XX,USD,220,66475.0,3988.5,940.0,56898.07,3413.83,788.22,9576.93,574.67,151.78,14.41,85.59
2025-09-07,September,Q3,2025,Emirates,EK,Star Air,XX,USD,723,215750.0,12945.0,3685.0,182835.59,10970.06,3079.35,32914.41,1974.94,605.65,15.26,84.74
2025-09-10,September,Q3,2025,Emirates,EK,Star Air,XX,USD,500,152915.0,9174.9,2740.0,130247.58,7814.75,2363.54,22667.42,1360.15,376.46,14.82,85.18
2025-07-19,July,Q3,2025,Qantas,QF,Star Air,XX,USD,481,512085.0,30725.1,6705.0,432718.45,25963.16,5690.21,79366.55,4761.94,1014.79,15.5,84.5
2025-08-18,August,Q3,2025,Air Mauritius,MK,Star Air,XX,USD,242,168480.0,10108.8,1995.0,142748.99,8564.96,1712.67,25731.01,1543.84,282.33,15.27,84.73
2025-08-18,August,Q3,2025,Emirates,EK,Star Air,XX,USD,257,74580.0,4474.8,995.0,63356.94,3801.35,850.41,11223.06,673.45,144.59,15.05,84.95
2025-07-19,July,Q3,2025,Air Canada,AC,Star Air,XX,USD,235,87885.0,5273.1,1055.0,73706.46,4422.47,902.69,14178.54,850.63,152.31,16.13,83.87
2025-09-10,September,Q3,2025,Malaysia Airlines,MH,Star Air,XX,USD,1,310.0,18.6,0.0,298.08,17.88,0.0,11.92,0.72,0.0,3.85,96.15
2025-09-10,September,Q3,2025,PIA,PK,Star Air,XX,USD,258,74100.0,4446.0,1145.0,63396.0,3803.7,967.41,10704.0,642.3,177.59,14.45,85.55
2025-08-18,August,Q3,2025,Air India,AI,Star Air,XX,USD,265,73950.0,4437.0,1290.0,62874.24,3772.41,1093.31,11075.76,664.59,196.69,14.98,85.02
2025-07-28,July,Q3,2025,Emirates,EK,Star Air,XX,USD,249,76215.0,4572.9,830.0,64334.83,3860.13,715.15,11880.17,712.77,114.85,15.59,84.41
2025-07-28,July,Q3,2025,Air India,AI,Star Air,XX,USD,250,72370.0,4342.2,1235.0,61077.29,3664.63,1051.79,11292.71,677.57,183.21,15.6,84.4
2025-09-07,September,Q3,2025,British Airways,BA,Star Air,XX,USD,238,120210.0,7212.6,2115.0,103379.26,6202.78,1780.2,16830.74,1009.82,334.8,14.0,86.0
2025-09-06,September,Q3,2025,Qantas,QF,Star Air,XX,USD,241,309900.0,18594.0,3690.0,263433.07,15805.98,3071.89,46466.93,2788.02,618.11,14.99,85.01
2025-09-10,September,Q3,2025,American Airlines,AA,Star Air,XX,USD,249,272205.0,16332.3,4290.0,231776.88,13906.56,3610.5,40428.12,2425.74,679.5,14.85,85.15
2025-09-07,September,Q3,2025,JetBlue,B6,Star Air,XX,USD,260,341260.0,20475.6,5165.0,288903.38,17334.2,4374.3,52356.62,3141.4,790.7,15.34,84.66
2025-07-27,July,Q3,2025,British Airways,BA,Star Air,XX,USD,254,133740.0,8024.4,3175.0,113092.25,6785.47,2678.08,20647.75,1238.93,496.92,15.44,84.56
2025-09-12,September,Q3,2025,Emirates,EK,Star Air,XX,USD,257,87120.0,5227.2,1365.0,73685.76,4421.05,1104.1,13434.24,806.15,260.9,15.42,84.58
2025-11-28,November,Q4,2025,Air New Zealand,NZ,Star Air,XX,USD,472,236905.0,14214.3,5730.0,201301.94,12078.2,3451.47,35603.06,2136.1,2278.53,15.03,84.97
2025-12-26,December,Q4,2025,Air New Zealand,NZ,Star Air,XX,USD,488,249440.0,14966.4,7715.0,210780.95,12647.04,4014.71,38659.05,2319.36,3700.29,15.5,84.5
2025-11-25,November,Q4,2025,Air New Zealand,NZ,Star Air,XX,USD,258,204250.0,12255.0,2465.0,172004.89,10320.27,2561.9,32245.11,1934.73,-96.9,15.79,84.21
2025-09-06,September,Q3,2025,SIA,SQ,Star Air,XX,USD,239,106840.0,6410.4,1555.0,90694.93,5441.65,1338.96,16145.07,968.75,216.04,15.11,84.89
2025-07-19,July,Q3,2025,Emirates,EK,Star Air,XX,USD,244,74765.0,4485.9,850.0,63602.01,3816.07,737.78,11162.99,669.83,112.22,14.93,85.07
2025-09-10,September,Q3,2025,Air Canada,AC,Star Air,XX,USD,258,78115.0,4686.9,1375.0,66708.41,4002.43,1160.99,11406.6,684.47,214.01,14.6,85.4
2025-07-19,July,Q3,2025,SIA,SQ,Star Air,XX,USD,263,122400.0,7344.0,2370.0,103716.35,6223.06,2024.98,18683.65,1120.94,345.02,15.26,84.74
2025-10-12,October,Q4,2025,Air India,AI,Star Air,XX,USD,259,82400.0,4944.0,755.0,69173.91,4150.43,1104.71,13226.09,793.57,-349.71,16.05,83.95
2025-07-27,July,Q3,2025,Emirates,EK,Star Air,XX,USD,231,70150.0,4209.0,1015.0,59376.65,3562.56,893.63,10773.35,646.44,121.37,15.36,84.64
2025-11-30,November,Q4,2025,Air France,AF,Star Air,XX,USD,235,195155.0,11709.3,6785.0,165390.51,9923.44,2138.98,29764.49,1785.86,4646.02,15.25,84.75
2025-11-30,November,Q4,2025,Siberia Airlines,S7,Star Air,XX,USD,1,1345.0,80.7,0.0,1273.29,76.4,0.0,71.71,4.3,0.0,5.33,94.67
2025-10-01,October,Q4,2025,Air India,AI,Star Air,XX,USD,232,74795.0,4487.7,9105.0,63142.45,3788.55,856.02,11652.55,699.15,8248.98,15.58,84.42
2025-11-30,November,Q4,2025,Thai Airways International,TG,Star Air,XX,USD,238,150380.0,9022.8,12675.0,127196.26,7631.85,1978.56,23183.74,1390.95,10696.44,15.42,84.58
2025-12-10,December,Q4,2025,Air India,AI,Star Air,XX,USD,236,75705.0,4542.3,16930.0,64208.34,3852.5,1294.52,11496.66,689.8,15635.48,15.19,84.81
2025-10-06,October,Q4,2025,Qantas,QF,Star Air,XX,USD,717,515310.0,30918.6,4260.0,435952.22,26157.11,4911.21,79357.78,4761.49,-651.21,15.4,84.6
2025-10-01,October,Q4,2025,American Airlines,AA,Star Air,XX,USD,478,542895.0,32573.7,13935.0,461762.81,27705.85,6573.36,81132.19,4867.85,7361.64,14.94,85.06
2025-12-10,December,Q4,2025,American Airlines,AA,Star Air,XX,USD,721,765390.0,45923.4,19960.0,648062.31,38883.69,8760.92,117327.69,7039.71,11199.08,15.33,84.67
2025-10-01,October,Q4,2025,British Airways,BA,Star Air,XX,USD,232,118465.0,7107.9,1135.0,100919.11,6055.1,1421.91,17545.89,1052.8,-286.91,14.81,85.19
2025-12-10,December,Q4,2025,Qantas,QF,Star Air,XX,USD,480,489875.0,29392.5,7695.0,415674.71,24940.49,5392.27,74200.29,4452.01,2302.73,15.15,84.85
2025-11-12,November,Q4,2025,British Airways,BA,Star Air,XX,USD,482,231360.0,13881.6,5705.0,194472.38,11668.18,3348.93,36887.62,2213.42,2356.07,15.94,84.06
2025-10-01,October,Q4,2025,Emirates,EK,Star Air,XX,USD,482,137220.0,8233.2,2070.0,116525.95,6991.49,1483.62,20694.06,1241.71,586.38,15.08,84.92
2025-10-06,October,Q4,2025,Jet Airways,9W,Star Air,XX,USD,250,67190.0,4031.4,12340.0,56474.04,3388.55,780.18,10715.96,642.85,11559.82,15.95,84.05
2025-10-06,October,Q4,2025,Emirates,EK,Star Air,XX,USD,237,68775.0,4126.5,705.0,57877.75,3472.58,858.82,10897.25,653.92,-153.82,15.84,84.16
2025-12-10,December,Q4,2025,Emirates,EK,Star Air,XX,USD,242,66430.0,3985.8,675.0,55780.69,3346.77,895.31,10649.31,639.03,-220.31,16.03,83.97
2025-11-12,November,Q4,2025,Emirates,EK,Star Air,XX,USD,477,143220.0,8593.2,3300.0,120728.23,7243.68,1947.15,22491.77,1349.52,1352.85,15.7,84.3
2025-10-01,October,Q4,2025,PIA,PK,Star Air,XX,USD,251,83725.0,5023.5,385.0,70641.45,4238.46,778.58,13083.55,785.04,-393.58,15.63,84.37
2025-11-30,November,Q4,2025,Air Canada,AC,Star Air,XX,USD,239,66380.0,3982.8,505.0,56128.39,3367.67,638.63,10251.61,615.13,-133.63,15.44,84.56
2025-11-30,November,Q4,2025,Emirates,EK,Star Air,XX,USD,483,138435.0,8306.1,1615.0,116435.13,6986.0,1857.78,21999.87,1320.1,-242.78,15.89,84.11
2025-11-30,November,Q4,2025,Vietnam Airlines,VN,Star Air,XX,USD,1,530.0,31.8,0.0,477.49,28.65,0.0,52.51,3.15,0.0,9.91,90.09
2025-11-12,November,Q4,2025,Qantas,QF,Star Air,XX,USD,495,492660.0,29559.6,11415.0,415667.42,24940.1,5773.25,76992.59,4619.5,5641.75,15.63,84.37
2025-11-30,November,Q4,2025,JetBlue,B6,Star Air,XX,USD,253,323170.0,19390.2,7830.0,273078.17,16384.63,2837.81,50091.84,3005.57,4992.19,15.5,84.5
2025-12-10,December,Q4,2025,Air Canada,AC,Star Air,XX,USD,494,143490.0,8609.4,3725.0,121652.51,7299.23,1799.97,21837.49,1310.17,1925.03,15.22,84.78
2025-10-06,October,Q4,2025,Air India,AI,Star Air,XX,USD,242,65975.0,3958.5,595.0,55433.33,3325.97,869.55,10541.67,632.53,-274.55,15.98,84.02
2025-10-01,October,Q4,2025,Air Canada,AC,Star Air,XX,USD,489,148560.0,8913.6,3935.0,124877.2,7492.63,2148.17,23682.8,1420.97,1786.83,15.94,84.06
2026-01-16,January,Q1,2026,Qantas,QF,Star Air,XX,USD,980,455835.0,27350.1,5820.0,385248.26,23114.92,4963.17,70586.74,4235.18,856.83,15.49,84.51
2026-01-01,January,Q1,2026,Qantas,QF,Star Air,XX,USD,712,513770.0,30826.2,8305.0,433630.92,26017.81,7041.56,80139.08,4808.39,1263.44,15.6,84.4
2026-02-22,February,Q1,2026,Qantas,QF,Star Air,XX,USD,1194,1105915.0,66354.9,18890.0,939498.31,56369.95,16018.94,166416.69,9984.95,2871.06,15.05,84.95
2026-03-18,March,Q1,2026,Qantas,QF,Star Air,XX,USD,930,759800.0,45588.0,11425.0,647115.63,38826.93,9687.24,112684.37,6761.07,1737.76,14.83,85.17
2026-01-16,January,Q1,2026,Air New Zealand,NZ,Star Air,XX,USD,237,169995.0,10199.7,2870.0,142748.9,8564.97,2404.48,27246.1,1634.73,465.52,16.03,83.97
2026-03-18,March,Q1,2026,Thai Airways International,TG,Star Air,XX,USD,245,162860.0,9771.6,2995.0,137501.93,8250.06,2482.66,25358.07,1521.54,512.34,15.57,84.43
2026-02-22,February,Q1,2026,Air India,AI,Star Air,XX,USD,249,78815.0,4728.9,1135.0,66590.8,3995.53,954.35,12224.2,733.37,180.65,15.51,84.49
2026-01-31,January,Q1,2026,Air India,AI,Star Air,XX,USD,248,81750.0,4905.0,1180.0,70212.78,4212.82,1036.52,11537.22,692.18,143.48,14.11,85.89
2026-01-16,January,Q1,2026,Thai Airways International,TG,Star Air,XX,USD,257,154975.0,9298.5,2050.0,131185.7,7871.12,1760.31,23789.3,1427.38,289.69,15.35,84.65
2026-01-18,January,Q1,2026,Thai Airways International,TG,Star Air,XX,USD,240,143730.0,8623.8,1515.0,122509.29,7350.61,1298.3,21220.71,1273.19,216.7,14.76,85.24
2026-03-18,March,Q1,2026,Air France,AF,Star Air,XX,USD,242,212055.0,12723.3,3240.0,179313.35,10758.76,2775.97,32741.65,1964.54,464.03,15.44,84.56
2026-01-31,January,Q1,2026,JetBlue,B6,Star Air,XX,USD,234,300985.0,18059.1,4535.0,255620.73,15337.2,3910.42,45364.27,2721.9,624.58,15.07,84.93
2026-01-31,January,Q1,2026,Thai Airways International,TG,Star Air,XX,USD,242,155370.0,9322.2,2055.0,130315.02,7818.97,1770.08,25054.98,1503.23,284.92,16.13,83.87
2026-02-22,February,Q1,2026,American Airlines,AA,Star Air,XX,USD,479,518255.0,31095.3,8295.0,436880.21,26212.87,7077.98,81374.79,4882.43,1217.02,15.7,84.3
2026-01-01,January,Q1,2026,Air India,AI,Star Air,XX,USD,244,60945.0,3656.7,900.0,51272.33,3076.38,779.8,9672.67,580.32,120.2,15.87,84.13
2026-01-18,January,Q1,2026,Qantas,QF,Star Air,XX,USD,479,443280.0,26596.8,5670.0,378271.5,22696.21,4822.1,65008.5,3900.59,847.9,14.67,85.33
2026-01-01,January,Q1,2026,Air France,AF,Star Air,XX,USD,250,210955.0,12657.3,2330.0,176832.31,10609.97,1922.02,34122.69,2047.33,407.98,16.18,83.82
2026-01-31,January,Q1,2026,American Airlines,AA,Star Air,XX,USD,493,499800.0,29988.0,7250.0,423091.06,25385.59,5997.36,76708.94,4602.41,1252.64,15.35,84.65
2026-01-31,January,Q1,2026,Jet Airways,9W,Star Air,XX,USD,223,56480.0,3388.8,865.0,48119.11,2887.08,744.61,8360.89,501.72,120.39,14.8,85.2
2026-01-16,January,Q1,2026,PIA,PK,Star Air,XX,USD,243,66730.0,4003.8,905.0,55615.03,3336.87,747.24,11114.97,666.93,157.76,16.66,83.34
2026-01-18,January,Q1,2026,PIA,PK,Star Air,XX,USD,224,59885.0,3593.1,1045.0,50838.56,3050.27,877.08,9046.44,542.83,167.92,15.11,84.89
2026-01-31,January,Q1,2026,Air Mauritius,MK,Star Air,XX,USD,248,163620.0,9817.2,2665.0,135667.22,8140.05,2231.9,27952.78,1677.15,433.1,17.08,82.92
2026-01-16,January,Q1,2026,Air Canada,AC,Star Air,XX,USD,245,72340.0,4340.4,850.0,61067.6,3664.0,724.14,11272.4,676.4,125.86,15.58,84.42
2026-01-18,January,Q1,2026,Emirates,EK,Star Air,XX,USD,210,62280.0,3736.8,770.0,52108.25,3126.39,631.41,10171.75,610.41,138.59,16.33,83.67
2026-01-31,January,Q1,2026,Emirates,EK,Star Air,XX,USD,496,148775.0,8926.5,2040.0,125321.36,7519.15,1752.15,23453.64,1407.35,287.85,15.76,84.24
2026-02-22,February,Q1,2026,Emirates,EK,Star Air,XX,USD,715,198685.0,11921.1,3230.0,167274.07,10036.42,2683.35,31410.93,1884.68,546.65,15.81,84.19
2026-03-18,March,Q1,2026,American Airlines,AA,Star Air,XX,USD,246,254845.0,15290.7,3255.0,215622.01,12937.4,2789.13,39222.99,2353.3,465.87,15.39,84.61
2026-01-18,January,Q1,2026,JetBlue,B6,Star Air,XX,USD,246,306990.0,18419.4,3945.0,259912.05,15594.68,3348.12,47077.96,2824.72,596.88,15.34,84.66
2026-01-18,January,Q1,2026,British Airways,BA,Star Air,XX,USD,245,110000.0,6600.0,1495.0,92196.95,5531.89,1243.35,17803.05,1068.11,251.65,16.18,83.82
2026-02-22,February,Q1,2026,British Airways,BA,Star Air,XX,USD,253,122510.0,7350.6,1770.0,104508.64,6270.57,1545.35,18001.36,1080.03,224.65,14.69,85.31
2026-01-01,January,Q1,2026,Blue Panorama,BV,Star Air,XX,USD,244,63125.0,3787.5,885.0,53385.39,3203.03,765.65,9739.61,584.47,119.35,15.43,84.57
2026-03-18,March,Q1,2026,PIA,PK,Star Air,XX,USD,253,75710.0,4542.6,830.0,63599.13,3815.92,683.17,12110.87,726.68,146.83,16.0,84.0
2026-01-01,January,Q1,2026,Air Canada,AC,Star Air,XX,USD,237,72340.0,4340.4,1095.0,61218.17,3673.07,928.39,11121.83,667.33,166.61,15.37,84.63
2026-03-18,March,Q1,2026,Blue Panorama,BV,Star Air,XX,USD,244,75000.0,4500.0,1540.0,63389.81,3803.26,1284.02,11610.19,696.74,255.98,15.48,84.52
2026-01-31,January,Q1,2026,SIA,SQ,Star Air,XX,USD,270,118700.0,7122.0,1575.0,99611.86,5976.64,1360.38,19088.14,1145.36,214.62,16.08,83.92
2025-12-26,December,Q4,2025,Qantas,QF,Star Air,XX,USD,491,208605.0,12516.3,5080.0,176156.36,10569.35,2679.19,32448.64,1946.95,2400.81,15.56,84.44
2025-11-28,November,Q4,2025,Qantas,QF,Star Air,XX,USD,726,464150.0,27849.0,12835.0,391608.73,23496.57,5989.26,72541.28,4352.43,6845.74,15.63,84.37
2025-11-25,November,Q4,2025,JetBlue,B6,Star Air,XX,USD,241,310330.0,18619.8,9470.0,262740.04,15764.4,3548.66,47589.96,2855.4,5921.34,15.34,84.66
2025-10-12,October,Q4,2025,Siberia Airlines,S7,Star Air,XX,USD,2,2690.0,161.4,0.0,2331.05,139.87,0.0,358.95,21.53,0.0,13.34,86.66
2025-12-26,December,Q4,2025,Thai Airways International,TG,Star Air,XX,USD,242,150135.0,9008.1,9640.0,127951.56,7677.13,1883.66,22183.44,1330.97,7756.34,14.78,85.22
2025-11-28,November,Q4,2025,Thai Airways International,TG,Star Air,XX,USD,247,158275.0,9496.5,12680.0,132973.97,7978.44,2073.97,25301.03,1518.06,10606.03,15.99,84.01
2025-10-19,October,Q4,2025,Thai Airways International,TG,Star Air,XX,USD,234,150915.0,9054.9,11430.0,129193.09,7751.63,1756.3,21721.92,1303.27,9673.7,14.39,85.61
2025-11-25,November,Q4,2025,Air India,AI,Star Air,XX,USD,248,76990.0,4619.4,10560.0,65576.89,3934.7,723.28,11413.11,684.7,9836.72,14.82,85.18
2025-10-19,October,Q4,2025,Blue Panorama,BV,Star Air,XX,USD,237,68770.0,4126.2,21635.0,58634.22,3518.07,1106.94,10135.78,608.13,20528.06,14.74,85.26
2025-12-26,December,Q4,2025,PIA,PK,Star Air,XX,USD,248,70485.0,4229.1,33850.0,59778.81,3586.69,971.03,10706.19,642.41,32878.97,15.19,84.81
2025-11-28,November,Q4,2025,PIA,PK,Star Air,XX,USD,254,70215.0,4212.9,55710.0,59574.03,3574.44,1183.83,10640.97,638.46,54526.17,15.15,84.85
2025-10-12,October,Q4,2025,Qantas,QF,Star Air,XX,USD,732,821985.0,49319.1,14080.0,691859.14,41511.62,12843.8,130125.86,7807.48,1236.2,15.83,84.17
2025-12-26,December,Q4,2025,SIA,SQ,Star Air,XX,USD,220,99270.0,5956.2,470.0,82061.35,4923.7,705.52,17208.65,1032.5,-235.52,17.34,82.66
2025-10-19,October,Q4,2025,Qantas,QF,Star Air,XX,USD,246,293010.0,17580.6,3645.0,248707.46,14922.4,4488.43,44302.54,2658.2,-843.43,15.12,84.88
2025-11-28,November,Q4,2025,SIA,SQ,Star Air,XX,USD,245,98260.0,5895.6,970.0,82530.49,4951.75,1407.71,15729.51,943.85,-437.71,16.01,83.99
2025-10-12,October,Q4,2025,Air Canada,AC,Star Air,XX,USD,246,71845.0,4310.7,870.0,60802.78,3648.15,944.97,11042.22,662.55,-74.97,15.37,84.63
2025-10-12,October,Q4,2025,Emirates,EK,Star Air,XX,USD,242,72400.0,4344.0,1005.0,61799.39,3707.89,1199.51,10600.61,636.11,-194.51,14.64,85.36
2025-11-28,November,Q4,2025,Air Canada,AC,Star Air,XX,USD,241,68280.0,4096.8,550.0,57931.26,3475.83,679.06,10348.74,620.97,-129.06,15.16,84.84
2025-10-19,October,Q4,2025,Air Canada,AC,Star Air,XX,USD,248,71675.0,4300.5,655.0,60846.79,3650.83,924.23,10828.21,649.67,-269.23,15.11,84.89
2025-10-19,October,Q4,2025,Emirates,EK,Star Air,XX,USD,492,146410.0,8784.6,2725.0,123795.77,7427.72,1923.39,22614.23,1356.88,801.61,15.45,84.55
2025-11-25,November,Q4,2025,Emirates,EK,Star Air,XX,USD,482,141175.0,8470.5,1395.0,118946.44,7136.81,1647.9,22228.56,1333.69,-252.9,15.75,84.25
2025-11-25,November,Q4,2025,PIA,PK,Star Air,XX,USD,256,68150.0,4089.0,580.0,57197.29,3431.81,927.22,10952.71,657.19,-347.22,16.07,83.93
2025-12-26,December,Q4,2025,Air Canada,AC,Star Air,XX,USD,248,68145.0,4088.7,680.0,57225.28,3433.4,978.39,10919.72,655.3,-298.39,16.02,83.98
2025-10-12,October,Q4,2025,JetBlue,B6,Star Air,XX,USD,236,321800.0,19308.0,11960.0,271495.42,16289.72,3615.29,50304.59,3018.28,8344.71,15.63,84.37
2025-11-25,November,Q4,2025,Air Canada,AC,Star Air,XX,USD,259,73250.0,4395.0,2600.0,61686.44,3701.19,1163.57,11563.56,693.81,1436.43,15.79,84.21
2025-12-26,December,Q4,2025,Emirates,EK,Star Air,XX,USD,246,73855.0,4431.3,1900.0,62815.59,3768.99,868.94,11039.41,662.31,1031.06,14.95,85.05
2025-11-28,November,Q4,2025,Emirates,EK,Star Air,XX,USD,516,149170.0,8950.2,2880.0,126348.34,7580.86,1449.15,22821.66,1369.34,1430.85,15.3,84.7
2026-01-14,January,Q1,2026,Thai Airways International,TG,Star Air,XX,USD,242,141030.0,8461.8,2425.0,119007.48,7140.4,2034.86,22022.52,1321.4,390.14,15.62,84.38
2026-01-14,January,Q1,2026,American Airlines,AA,Star Air,XX,USD,245,270235.0,16214.1,3925.0,231606.99,13896.39,3351.3,38628.01,2317.71,573.7,14.29,85.71
2026-01-14,January,Q1,2026,Air India,AI,Star Air,XX,USD,231,73760.0,4425.6,1220.0,62164.61,3729.88,1047.17,11595.39,695.72,172.83,15.72,84.28
2026-01-14,January,Q1,2026,Qantas,QF,Star Air,XX,USD,711,720305.0,43218.3,10575.0,615713.95,36942.75,9017.74,104591.05,6275.55,1557.26,14.52,85.48
2026-01-08,January,Q1,2026,Air India,AI,Star Air,XX,USD,239,62805.0,3768.3,1055.0,53266.02,3196.0,885.69,9538.98,572.3,169.31,15.19,84.81
2026-01-08,January,Q1,2026,American Airlines,AA,Star Air,XX,USD,246,251560.0,15093.6,3040.0,212010.82,12720.64,2638.23,39549.18,2372.96,401.77,15.72,84.28
2026-01-08,January,Q1,2026,Air Canada,AC,Star Air,XX,USD,251,75200.0,4512.0,835.0,63429.71,3805.81,700.03,11770.29,706.19,134.97,15.65,84.35
2026-01-08,January,Q1,2026,Emirates,EK,Star Air,XX,USD,241,70420.0,4225.2,990.0,60215.28,3612.96,815.51,10204.72,612.24,174.49,14.49,85.51
2026-01-08,January,Q1,2026,PIA,PK,Star Air,XX,USD,244,69080.0,4144.8,710.0,59145.57,3548.73,618.33,9934.43,596.07,91.67,14.38,85.62
2026-01-08,January,Q1,2026,Air Mauritius,MK,Star Air,XX,USD,247,157300.0,9438.0,3505.0,131509.29,7890.57,2822.51,25790.71,1547.43,682.49,16.4,83.6
2026-01-08,January,Q1,2026,Blue Panorama,BV,Star Air,XX,USD,241,61990.0,3719.4,1115.0,51963.39,3117.78,925.87,10026.61,601.62,189.13,16.17,83.83
2026-01-14,January,Q1,2026,Emirates,EK,Star Air,XX,USD,229,63975.0,3838.5,725.0,53620.29,3217.27,625.69,10354.71,621.23,99.31,16.19,83.81
2025-01-27,January,Q1,2025,Qantas,QF,Star Air,XX,USD,1008,678730.0,40723.8,10855.0,577506.59,34650.29,9268.3,101223.41,6073.51,1586.7,14.91,85.09
2025-02-16,February,Q1,2025,American Airlines,AA,Star Air,XX,USD,480,485055.0,29103.3,8680.0,410711.84,24642.66,7382.75,74343.16,4460.64,1297.25,15.33,84.67
2025-03-12,March,Q1,2025,Thai Airways International,TG,Star Air,XX,USD,263,176945.0,10616.7,2855.0,150174.23,9010.46,2482.81,26770.77,1606.24,372.19,15.13,84.87
2025-02-16,February,Q1,2025,Qantas,QF,Star Air,XX,USD,1017,950870.0,57052.2,14570.0,804053.87,48243.32,12360.41,146816.13,8808.88,2209.59,15.44,84.56
2025-01-27,January,Q1,2025,Jet Airways,9W,Star Air,XX,USD,255,69025.0,4141.5,1135.0,58056.31,3483.44,957.92,10968.69,658.06,177.08,15.89,84.11
2025-02-16,February,Q1,2025,Thai Airways International,TG,Star Air,XX,USD,245,153585.0,9215.1,3095.0,128733.45,7724.04,2549.08,24851.55,1491.06,545.92,16.18,83.82
2025-02-16,February,Q1,2025,Emirates,EK,Star Air,XX,USD,203,54625.0,3277.5,700.0,46187.17,2771.17,592.01,8437.83,506.33,107.99,15.45,84.55
2025-02-16,February,Q1,2025,Air Canada,AC,Star Air,XX,USD,252,72650.0,4359.0,1075.0,61515.72,3690.8,900.72,11134.28,668.2,174.28,15.33,84.67
2025-02-16,February,Q1,2025,Blue Panorama,BV,Star Air,XX,USD,254,67800.0,4068.0,900.0,57470.28,3448.22,757.28,10329.72,619.78,142.72,15.24,84.76
2025-03-12,March,Q1,2025,Qantas,QF,Star Air,XX,USD,780,853915.0,51234.9,12985.0,714846.95,42890.66,10874.14,139068.05,8344.24,2110.86,16.29,83.71
2025-02-16,February,Q1,2025,Vietnam Airlines,VN,Star Air,XX,USD,1,710.0,42.6,0.0,686.69,41.2,0.0,23.31,1.4,0.0,3.28,96.72
2025-03-12,March,Q1,2025,Vietnam Airlines,VN,Star Air,XX,USD,1,815.0,48.9,0.0,654.65,39.28,0.0,160.35,9.62,0.0,19.67,80.33
2025-03-12,March,Q1,2025,British Airways,BA,Star Air,XX,USD,252,128500.0,7710.0,1940.0,108069.32,6484.14,1622.7,20430.68,1225.86,317.3,15.9,84.1
2025-02-16,February,Q1,2025,JetBlue,B6,Star Air,XX,USD,244,311795.0,18707.7,5120.0,264713.63,15882.75,4162.09,47081.37,2824.95,957.91,15.1,84.9
2025-03-12,March,Q1,2025,Emirates,EK,Star Air,XX,USD,242,70455.0,4227.3,870.0,59583.09,3574.95,713.67,10871.91,652.35,156.33,15.43,84.57
2025-01-27,January,Q1,2025,Emirates,EK,Star Air,XX,USD,244,71405.0,4284.3,1265.0,60978.67,3658.66,1110.74,10426.33,625.64,154.26,14.6,85.4
2025-03-12,March,Q1,2025,American Airlines,AA,Star Air,XX,USD,267,284340.0,17060.4,4105.0,240078.92,14404.73,3449.89,44261.08,2655.67,655.11,15.57,84.43
2025-04-18,April,Q2,2025,Jet Airways,9W,Star Air,XX,USD,252,76050.0,4563.0,1165.0,64177.49,3850.62,981.7,11872.51,712.38,183.3,15.61,84.39
2025-03-12,March,Q1,2025,Air Canada,AC,Star Air,XX,USD,256,70675.0,4240.5,1020.0,60117.63,3607.09,866.08,10557.37,633.41,153.92,14.94,85.06
2025-06-28,June,Q2,2025,Jet Airways,9W,Star Air,XX,USD,235,72355.0,4341.3,575.0,60855.37,3651.37,473.07,11499.63,689.93,101.93,15.89,84.11
2025-05-02,May,Q2,2025,Vietnam Airlines,VN,Star Air,XX,USD,1,150.0,9.0,15.0,149.83,8.99,14.98,0.17,0.01,0.02,0.11,99.89
2025-05-02,May,Q2,2025,Qantas,QF,Star Air,XX,USD,254,158115.0,9486.9,2455.0,134020.8,8041.27,2097.05,24094.2,1445.63,357.95,15.24,84.76
2025-06-06,June,Q2,2025,Air New Zealand,NZ,Star Air,XX,USD,247,208905.0,12534.3,3140.0,177869.41,10672.15,2735.41,31035.59,1862.15,404.59,14.86,85.14
2025-05-02,May,Q2,2025,Air New Zealand,NZ,Star Air,XX,USD,464,283100.0,16986.0,5345.0,236688.67,14201.29,4495.36,46411.33,2784.71,849.64,16.39,83.61
2025-06-05,June,Q2,2025,Qantas,QF,Star Air,XX,USD,690,693170.0,41590.2,9360.0,587127.49,35224.62,8003.95,106042.51,6365.58,1356.05,15.3,84.7
2025-06-06,June,Q2,2025,Qantas,QF,Star Air,XX,USD,497,369845.0,22190.7,5140.0,311083.27,18665.02,4348.86,58761.73,3525.68,791.14,15.89,84.11
2025-04-18,April,Q2,2025,Air New Zealand,NZ,Star Air,XX,USD,236,185545.0,11132.7,2230.0,155797.57,9347.83,1889.85,29747.43,1784.87,340.15,16.03,83.97
2025-04-18,April,Q2,2025,Qantas,QF,Star Air,XX,USD,725,549200.0,32952.0,7775.0,467998.66,28079.85,6621.67,81201.34,4872.15,1153.33,14.79,85.21
2025-05-02,May,Q2,2025,Thai Airways International,TG,Star Air,XX,USD,250,172560.0,10353.6,2860.0,145998.81,8759.91,2471.57,26561.19,1593.69,388.43,15.39,84.61
2025-06-06,June,Q2,2025,Siberia Airlines,S7,Star Air,XX,USD,1,745.0,44.7,0.0,625.19,37.51,0.0,119.81,7.19,0.0,16.08,83.92
2025-04-23,April,Q2,2025,Qantas,QF,Star Air,XX,USD,722,658455.0,39507.3,9490.0,559932.24,32810.27,8033.66,98522.76,6697.03,1456.34,14.96,85.04
2025-05-02,May,Q2,2025,Jet Airways,9W,Star Air,XX,USD,265,82860.0,4971.6,1165.0,70324.06,4219.48,1011.51,12535.94,752.12,153.49,15.13,84.87
2025-06-06,June,Q2,2025,Thai Airways International,TG,Star Air,XX,USD,246,173615.0,10416.9,3230.0,146458.09,8787.47,2753.36,27156.91,1629.43,476.64,15.64,84.36
2025-06-05,June,Q2,2025,Air France,AF,Star Air,XX,USD,242,253585.0,15215.1,4000.0,213157.15,12789.48,3346.94,40427.85,2425.62,653.06,15.94,84.06
2025-06-05,June,Q2,2025,Air India,AI,Star Air,XX,USD,237,75545.0,4532.7,1135.0,64425.08,3865.51,951.63,11119.92,667.19,183.37,14.72,85.28
2025-06-28,June,Q2,2025,JetBlue,B6,Star Air,XX,USD,243,366080.0,21964.8,7245.0,310286.5,18617.21,6119.6,55793.51,3347.59,1125.4,15.24,84.76
2025-04-23,April,Q2,2025,American Airlines,AA,Star Air,XX,USD,248,315770.0,18946.2,5020.0,264693.49,15881.67,4216.05,51076.52,3064.53,803.95,16.18,83.82
2025-04-18,April,Q2,2025,PIA,PK,Star Air,XX,USD,235,80335.0,4820.1,1370.0,67920.75,4075.28,1158.82,12414.25,744.82,211.18,15.45,84.55
2025-05-02,May,Q2,2025,PIA,PK,Star Air,XX,USD,240,77080.0,4624.8,1305.0,65204.24,3912.24,1107.23,11875.76,712.56,197.77,15.41,84.59
2025-06-05,June,Q2,2025,JetBlue,B6,Star Air,XX,USD,242,347295.0,20837.7,5725.0,295479.31,17728.73,4883.3,51815.7,3108.97,841.7,14.92,85.08
2025-06-06,June,Q2,2025,Air Canada,AC,Star Air,XX,USD,241,78795.0,4727.7,1340.0,66437.21,3986.21,1151.92,12357.79,741.49,188.08,15.68,84.32
2025-06-28,June,Q2,2025,PIA,PK,Star Air,XX,USD,222,74565.0,4473.9,1040.0,62944.0,3776.61,876.74,11621.0,697.29,163.26,15.59,84.41
2025-06-28,June,Q2,2025,Qantas,QF,Star Air,XX,USD,468,490620.0,29437.2,6975.0,416837.52,25385.71,5861.01,73782.48,4051.49,1113.99,15.04,84.96
2025-06-28,June,Q2,2025,American Airlines,AA,Star Air,XX,USD,509,633760.0,38025.6,11325.0,538071.72,32284.37,9564.54,95688.28,5741.23,1760.46,15.1,84.9
2025-06-28,June,Q2,2025,Emirates,EK,Star Air,XX,USD,699,228045.0,13682.7,3420.0,194127.53,11647.72,2878.86,33917.47,2034.98,541.14,14.87,85.13
2025-04-23,April,Q2,2025,British Airways,BA,Star Air,XX,USD,256,150935.0,9056.1,2915.0,128570.87,6835.8,2478.31,22364.13,2220.3,436.69,14.82,85.18
2025-06-05,June,Q2,2025,Blue Panorama,BV,Star Air,XX,USD,254,76255.0,4575.3,1075.0,64453.51,3967.33,898.03,11801.49,607.97,176.97,15.48,84.52
2025-06-05,June,Q2,2025,PIA,PK,Star Air,XX,USD,255,77505.0,4650.3,1310.0,65858.68,4031.27,1106.16,11646.32,619.03,203.84,15.03,84.97
2025-06-05,June,Q2,2025,American Airlines,AA,Star Air,XX,USD,249,345125.0,20707.5,4595.0,291324.86,14895.38,3843.62,53800.14,5812.12,751.38,15.59,84.41
2025-06-28,June,Q2,2025,SIA,SQ,Star Air,XX,USD,260,107735.0,6464.1,1300.0,90847.41,4843.55,1090.26,16887.59,1620.55,209.74,15.68,84.32
2025-05-02,May,Q2,2025,Emirates,EK,Star Air,XX,USD,248,79290.0,4757.4,1155.0,67705.28,4062.32,987.23,11584.72,695.08,167.77,14.61,85.39
2025-07-18,July,Q3,2025,Air New Zealand,NZ,Star Air,XX,USD,504,303610.0,18216.6,4110.0,253939.78,15236.3,3547.94,49670.22,2980.3,562.06,16.36,83.64
2025-04-18,April,Q2,2025,Emirates,EK,Star Air,XX,USD,252,80665.0,4839.9,1090.0,67796.4,4067.79,933.66,12868.6,772.11,156.34,15.95,84.05
2025-06-05,June,Q2,2025,Emirates,EK,Star Air,XX,USD,481,165710.0,9942.6,1650.0,139982.1,8398.83,1408.5,25727.9,1543.77,241.5,15.53,84.47
2025-06-06,June,Q2,2025,Emirates,EK,Star Air,XX,USD,510,160670.0,9640.2,2590.0,136071.96,8164.23,2202.16,24598.04,1475.97,387.84,15.31,84.69
2025-07-18,July,Q3,2025,Qantas,QF,Star Air,XX,USD,998,605960.0,36357.6,9520.0,513659.38,30819.62,8132.53,92300.62,5537.99,1387.47,15.23,84.77
2025-08-23,August,Q3,2025,Air Mauritius,MK,Star Air,XX,USD,243,180545.0,10832.7,2200.0,151856.07,9111.3,1884.27,28688.93,1721.4,315.73,15.89,84.11
2025-08-23,August,Q3,2025,PIA,PK,Star Air,XX,USD,243,80405.0,4824.3,1190.0,67292.77,4037.64,967.22,13112.24,786.66,222.78,16.31,83.69
2025-08-23,August,Q3,2025,American Airlines,AA,Star Air,XX,USD,253,281175.0,16870.5,4260.0,238037.27,14282.17,3572.8,43137.73,2588.33,687.2,15.34,84.66
2025-08-23,August,Q3,2025,British Airways,BA,Star Air,XX,USD,240,125975.0,7558.5,1570.0,105583.38,6334.92,1360.95,20391.62,1223.58,209.05,16.19,83.81
2025-08-23,August,Q3,2025,Qantas,QF,Star Air,XX,USD,246,198785.0,11927.1,3440.0,168331.25,10099.93,2937.51,30453.75,1827.17,502.49,15.32,84.68
2025-07-18,July,Q3,2025,SIA,SQ,Star Air,XX,USD,242,112970.0,6778.2,1485.0,95544.23,5732.6,1279.41,17425.77,1045.6,205.59,15.43,84.57
2025-07-18,July,Q3,2025,Air Canada,AC,Star Air,XX,USD,238,71630.0,4297.8,870.0,60299.09,3617.97,719.83,11330.91,679.83,150.17,15.82,84.18
2025-08-23,August,Q3,2025,Emirates,EK,Star Air,XX,USD,482,151625.0,9097.5,2465.0,128678.0,7720.54,2125.65,22947.01,1376.96,339.35,15.13,84.87
2025-08-23,August,Q3,2025,Air Canada,AC,Star Air,XX,USD,214,65915.0,3954.9,865.0,54999.13,3299.85,711.75,10915.87,655.05,153.25,16.56,83.44
2025-01-03,January,Q1,2025,Air New Zealand,NZ,Star Air,XX,USD,504,244445.0,14666.7,3810.0,206345.39,12380.87,3190.84,38099.61,2285.83,619.16,15.59,84.41
2025-02-15,February,Q1,2025,Air India,AI,Star Air,XX,USD,222,70035.0,4202.1,1000.0,58523.85,3511.45,830.23,11511.15,690.65,169.77,16.44,83.56
2025-03-23,March,Q1,2025,American Airlines,AA,Star Air,XX,USD,510,557825.0,33469.5,10015.0,470581.0,28234.85,8437.34,87244.0,5234.65,1577.66,15.64,84.36
2025-02-26,February,Q1,2025,American Airlines,AA,Star Air,XX,USD,748,799290.0,47957.4,12910.0,678885.92,40733.25,11121.34,120404.08,7224.15,1788.66,15.06,84.94
2025-01-01,January,Q1,2025,Air India,AI,Star Air,XX,USD,243,74255.0,4455.3,1240.0,62821.48,3769.34,1047.72,11433.52,685.96,192.28,15.4,84.6
2025-01-01,January,Q1,2025,Thai Airways International,TG,Star Air,XX,USD,257,165355.0,9921.3,2890.0,140345.86,8420.82,2550.49,25009.14,1500.48,339.51,15.12,84.88
2025-02-26,February,Q1,2025,Qantas,QF,Star Air,XX,USD,510,321750.0,19305.0,4760.0,273622.57,16417.39,4069.0,48127.43,2887.61,691.0,14.96,85.04
2025-03-26,March,Q1,2025,Qantas,QF,Star Air,XX,USD,505,459775.0,27586.5,6540.0,390027.62,23401.52,5440.95,69747.38,4184.98,1099.05,15.17,84.83
2025-03-26,March,Q1,2025,Air India,AI,Star Air,XX,USD,242,81370.0,4882.2,1120.0,68248.87,4095.01,948.91,13121.13,787.19,171.09,16.13,83.87
2025-03-26,March,Q1,2025,Thai Airways International,TG,Star Air,XX,USD,252,163195.0,9791.7,1490.0,138789.31,8327.35,1290.61,24405.69,1464.35,199.39,14.95,85.05
2025-01-31,January,Q1,2025,Air New Zealand,NZ,Star Air,XX,USD,265,82105.0,4926.3,1135.0,69416.97,4165.08,975.1,12688.03,761.22,159.9,15.45,84.55
2025-02-15,February,Q1,2025,Thai Airways International,TG,Star Air,XX,USD,252,160655.0,9639.3,3970.0,136049.84,8163.03,3297.0,24605.16,1476.27,673.0,15.32,84.68
2025-01-03,January,Q1,2025,Qantas,QF,Star Air,XX,USD,777,429720.0,25783.2,7125.0,364696.22,21881.79,6007.99,65023.78,3901.41,1117.01,15.13,84.87
2025-03-23,March,Q1,2025,Qantas,QF,Star Air,XX,USD,487,348115.0,20886.9,5405.0,293716.67,17623.02,4488.0,54398.33,3263.88,917.0,15.63,84.37
2025-01-31,January,Q1,2025,Qantas,QF,Star Air,XX,USD,532,317040.0,19022.4,3580.0,263377.38,15802.69,3028.72,53662.62,3219.71,551.28,16.93,83.07
2025-01-01,January,Q1,2025,British Airways,BA,Star Air,XX,USD,475,218110.0,13086.6,4695.0,184394.42,11063.63,3866.8,33715.58,2022.97,828.2,15.46,84.54
2025-01-01,January,Q1,2025,Emirates,EK,Star Air,XX,USD,501,137015.0,8220.9,1910.0,115874.54,6952.4,1588.08,21140.46,1268.5,321.92,15.43,84.57
2025-02-26,February,Q1,2025,British Airways,BA,Star Air,XX,USD,447,211295.0,12677.7,2800.0,179383.26,10762.96,2362.3,31911.74,1914.74,437.7,15.1,84.9
2025-03-26,March,Q1,2025,British Airways,BA,Star Air,XX,USD,459,251655.0,15099.3,3120.0,212287.26,12737.12,2619.67,39367.74,2362.18,500.33,15.64,84.36
2025-02-15,February,Q1,2025,Air Canada,AC,Star Air,XX,USD,460,124725.0,7483.5,2080.0,105871.44,6352.22,1774.19,18853.56,1131.28,305.81,15.12,84.88
2025-02-15,February,Q1,2025,Emirates,EK,Star Air,XX,USD,477,134770.0,8086.2,1565.0,113897.24,6833.78,1319.72,20872.76,1252.42,245.28,15.49,84.51
2025-02-26,February,Q1,2025,PIA,PK,Star Air,XX,USD,262,72745.0,4364.7,1140.0,61551.12,3693.03,964.47,11193.89,671.67,175.53,15.39,84.61
2025-01-31,January,Q1,2025,Air Canada,AC,Star Air,XX,USD,260,72210.0,4332.6,835.0,60880.71,3652.82,718.81,11329.29,679.78,116.19,15.69,84.31
2025-03-23,March,Q1,2025,Blue Panorama,BV,Star Air,XX,USD,248,71880.0,4312.8,970.0,60857.52,3651.47,802.98,11022.48,661.33,167.02,15.33,84.67
2025-01-31,January,Q1,2025,SIA,SQ,Star Air,XX,USD,221,90905.0,5454.3,1215.0,78249.38,4694.9,1040.69,12655.62,759.4,174.31,13.92,86.08
2025-01-01,January,Q1,2025,Qantas,QF,Star Air,XX,USD,477,450575.0,27034.5,6515.0,386975.57,23218.47,5480.92,63599.43,3816.03,1034.08,14.12,85.88
2025-03-23,March,Q1,2025,Siberia Airlines,S7,Star Air,XX,USD,1,605.0,36.3,0.0,547.02,32.82,0.0,57.98,3.48,0.0,9.58,90.42
2025-02-15,February,Q1,2025,Qantas,QF,Star Air,XX,USD,238,276195.0,16571.7,5195.0,230448.82,13826.87,4449.44,45746.18,2744.83,745.56,16.56,83.44
2025-02-15,February,Q1,2025,American Airlines,AA,Star Air,XX,USD,248,282815.0,16968.9,5260.0,236243.69,14174.67,4417.79,46571.31,2794.23,842.21,16.47,83.53
2025-03-23,March,Q1,2025,British Airways,BA,Star Air,XX,USD,258,137490.0,8249.4,1430.0,116884.38,7013.04,1216.25,20605.63,1236.36,213.75,14.99,85.01
2025-03-23,March,Q1,2025,Emirates,EK,Star Air,XX,USD,509,147610.0,8856.6,1955.0,124497.13,7469.83,1661.81,23112.87,1386.77,293.19,15.66,84.34
2025-01-01,January,Q1,2025,PIA,PK,Star Air,XX,USD,248,71135.0,4268.1,915.0,60089.52,3605.35,779.25,11045.48,662.75,135.75,15.53,84.47
2025-02-26,February,Q1,2025,Emirates,EK,Star Air,XX,USD,486,134390.0,8063.4,1800.0,113509.09,6810.55,1531.36,20880.91,1252.85,268.64,15.54,84.46
2025-03-26,March,Q1,2025,American Airlines,AA,Star Air,XX,USD,258,292300.0,17538.0,3585.0,246876.39,14812.64,3017.77,45423.61,2725.36,567.23,15.54,84.46
2025-06-18,June,Q2,2025,Thai Airways International,TG,Star Air,XX,USD,248,169540.0,10172.4,1990.0,142892.81,8573.53,1681.19,26647.19,1598.87,308.81,15.72,84.28
2025-02-26,February,Q1,2025,Air Canada,AC,Star Air,XX,USD,249,79325.0,4759.5,900.0,66631.42,3997.87,728.7,12693.58,761.63,171.3,16.0,84.0
2025-03-26,March,Q1,2025,Emirates,EK,Star Air,XX,USD,246,72885.0,4373.1,1510.0,62459.72,3747.55,1339.21,10425.28,625.55,170.79,14.3,85.7
2025-04-19,April,Q2,2025,Jet Airways,9W,Star Air,XX,USD,475,151020.0,9061.2,2460.0,127318.3,7639.05,2086.03,23701.7,1422.15,373.97,15.69,84.31
2025-04-26,April,Q2,2025,Thai Airways International,TG,Star Air,XX,USD,244,166625.0,9997.5,1920.0,141192.99,8471.55,1676.79,25432.01,1525.95,243.21,15.26,84.74
2025-06-07,June,Q2,2025,Air India,AI,Star Air,XX,USD,252,85910.0,5154.6,1350.0,72439.88,4346.42,1124.35,13470.12,808.18,225.65,15.68,84.32
2025-04-19,April,Q2,2025,Air India,AI,Star Air,XX,USD,250,86730.0,5203.8,1495.0,73226.98,4393.66,1287.23,13503.02,810.14,207.77,15.57,84.43
2025-05-07,May,Q2,2025,Qantas,QF,Star Air,XX,USD,490,484185.0,29051.1,7490.0,410317.64,24618.98,6231.86,73867.36,4432.12,1258.14,15.26,84.74
2025-06-16,June,Q2,2025,Qantas,QF,Star Air,XX,USD,253,175760.0,10545.6,2745.0,148359.3,8901.55,2288.62,27400.7,1644.05,456.38,15.59,84.41
2025-06-07,June,Q2,2025,Jet Airways,9W,Star Air,XX,USD,230,70840.0,4250.4,1160.0,59973.98,3598.44,996.63,10866.02,651.96,163.37,15.34,84.66
2025-05-17,May,Q2,2025,Thai Airways International,TG,Star Air,XX,USD,253,179325.0,10759.5,2460.0,152279.56,9136.76,2061.77,27045.44,1622.74,398.23,15.08,84.92
2025-04-26,April,Q2,2025,Jet Airways,9W,Star Air,XX,USD,241,74235.0,4454.1,795.0,61942.65,3716.54,652.06,12292.35,737.56,142.94,16.56,83.44
2025-04-19,April,Q2,2025,Air Canada,AC,Star Air,XX,USD,479,158855.0,9531.3,2545.0,134720.65,8083.18,2156.36,24134.35,1448.12,388.64,15.19,84.81
2025-04-19,April,Q2,2025,JetBlue,B6,Star Air,XX,USD,220,324385.0,19463.1,5790.0,276568.87,16594.1,4856.82,47816.14,2869.0,933.18,14.74,85.26
2025-04-26,April,Q2,2025,JetBlue,B6,Star Air,XX,USD,241,365545.0,21932.7,4490.0,306472.0,18388.31,3797.53,59073.0,3544.39,692.47,16.16,83.84
2025-06-07,June,Q2,2025,Air Mauritius,MK,Star Air,XX,USD,229,170740.0,10244.4,2985.0,144856.7,8691.48,2566.97,25883.3,1552.92,418.03,15.16,84.84
2025-06-18,June,Q2,2025,American Airlines,AA,Star Air,XX,USD,724,900240.0,54014.4,13460.0,759102.27,43276.26,11231.8,141137.73,10738.14,2228.2,15.68,84.32
2025-05-17,May,Q2,2025,PIA,PK,Star Air,XX,USD,250,84360.0,5061.6,980.0,72055.6,4323.36,822.89,12304.4,738.24,157.11,14.59,85.41
2025-06-16,June,Q2,2025,Air Mauritius,MK,Star Air,XX,USD,253,171045.0,10262.7,2685.0,145145.95,8708.86,2279.26,25899.05,1553.84,405.74,15.14,84.86
2025-04-19,April,Q2,2025,PIA,PK,Star Air,XX,USD,230,79605.0,4776.3,765.0,68098.99,4085.98,644.87,11506.01,690.32,120.13,14.45,85.55
2025-04-19,April,Q2,2025,Air Mauritius,MK,Star Air,XX,USD,243,187240.0,11234.4,2640.0,160136.34,9608.19,2254.25,27103.66,1626.21,385.75,14.48,85.52
2025-04-26,April,Q2,2025,PIA,PK,Star Air,XX,USD,212,74640.0,4478.4,1090.0,62357.85,3741.54,904.19,12282.15,736.86,185.81,16.46,83.54
2025-06-04,June,Q2,2025,Qantas,QF,Star Air,XX,USD,730,836415.0,50184.9,11035.0,706245.76,41841.69,9195.01,130169.24,8343.21,1839.99,15.56,84.44
2025-05-07,May,Q2,2025,Emirates,EK,Star Air,XX,USD,243,76725.0,4603.5,1310.0,64297.11,3857.81,1097.22,12427.89,745.69,212.78,16.2,83.8
2025-06-07,June,Q2,2025,Air Canada,AC,Star Air,XX,USD,444,134695.0,8081.7,2190.0,114070.18,6844.25,1844.3,20624.82,1237.45,345.7,15.31,84.69
2025-06-07,June,Q2,2025,Emirates,EK,Star Air,XX,USD,241,77335.0,4640.1,1250.0,65257.24,3915.36,1059.5,12077.77,724.74,190.5,15.62,84.38
2025-06-07,June,Q2,2025,American Airlines,AA,Star Air,XX,USD,246,309395.0,18563.7,4665.0,261176.39,15670.53,3938.87,48218.61,2893.17,726.13,15.58,84.42
2025-05-07,May,Q2,2025,British Airways,BA,Star Air,XX,USD,252,140185.0,8411.1,1940.0,118591.02,7115.39,1659.67,21593.98,1295.71,280.33,15.4,84.6
2025-05-17,May,Q2,2025,American Airlines,AA,Star Air,XX,USD,508,600550.0,36033.0,10530.0,507331.19,30439.72,8892.9,93218.81,5593.28,1637.1,15.52,84.48
2025-04-19,April,Q2,2025,Qantas,QF,Star Air,XX,USD,247,220505.0,13230.3,4560.0,184732.02,11083.93,3745.42,35772.98,2146.37,814.58,16.22,83.78
2025-04-19,April,Q2,2025,American Airlines,AA,Star Air,XX,USD,246,312290.0,18737.4,4350.0,261891.72,15713.59,3698.94,50398.28,3023.81,651.06,16.14,83.86
2025-05-17,May,Q2,2025,British Airways,BA,Star Air,XX,USD,250,126590.0,7595.4,2060.0,107183.68,6431.05,1778.69,19406.32,1164.35,281.31,15.33,84.67
2025-06-18,June,Q2,2025,British Airways,BA,Star Air,XX,USD,423,233495.0,14009.7,3405.0,196665.04,11367.91,2895.4,36829.96,2641.79,509.6,15.77,84.23
2025-04-19,April,Q2,2025,British Airways,BA,Star Air,XX,USD,220,119285.0,7157.1,1320.0,101310.47,6078.66,1132.94,17974.53,1078.44,187.06,15.07,84.93
2025-04-26,April,Q2,2025,Air Canada,AC,Star Air,XX,USD,458,155470.0,9328.2,2795.0,131676.65,7900.59,2359.6,23793.36,1427.61,435.4,15.3,84.7
2025-04-26,April,Q2,2025,Emirates,EK,Star Air,XX,USD,707,223795.0,13427.7,3175.0,189255.29,11355.12,2688.35,34539.71,2072.58,486.65,15.43,84.57
2025-04-19,April,Q2,2025,Vietnam Airlines,VN,Star Air,XX,USD,2,2630.0,157.8,115.0,2182.24,130.93,108.94,447.76,26.87,6.06,17.03,82.97
2025-06-04,June,Q2,2025,Vietnam Airlines,VN,Star Air,XX,USD,1,360.0,21.6,0.0,353.04,21.18,0.0,6.96,0.42,0.0,1.93,98.07
2025-06-16,June,Q2,2025,Emirates,EK,Star Air,XX,USD,242,75705.0,4542.3,785.0,64200.96,3851.96,640.23,11504.04,690.34,144.77,15.2,84.8
2025-05-17,May,Q2,2025,Emirates,EK,Star Air,XX,USD,708,234115.0,14046.9,3670.0,197272.87,11836.27,3125.57,36842.13,2210.63,544.43,15.74,84.26
2025-06-18,June,Q2,2025,Emirates,EK,Star Air,XX,USD,462,146915.0,8814.9,2265.0,124968.72,7498.22,1933.32,21946.28,1316.68,331.68,14.94,85.06
2025-06-18,June,Q2,2025,Malaysia Airlines,MH,Star Air,XX,USD,1,480.0,28.8,0.0,382.19,22.93,0.0,97.81,5.87,0.0,20.38,79.62
2025-06-04,June,Q2,2025,PIA,PK,Star Air,XX,USD,243,84275.0,5056.5,1200.0,71113.87,4063.48,1018.04,13161.13,993.02,181.96,15.62,84.38
2025-04-26,April,Q2,2025,Qantas,QF,Star Air,XX,USD,235,303630.0,18217.8,4710.0,258415.71,15021.94,4029.44,45214.29,3195.86,680.56,14.89,85.11
2025-05-17,May,Q2,2025,SIA,SQ,Star Air,XX,USD,254,123545.0,7412.7,2045.0,102981.38,5961.12,1681.69,20563.62,1451.58,363.31,16.64,83.36
2025-05-17,May,Q2,2025,Qantas,QF,Star Air,XX,USD,233,293305.0,17598.3,5430.0,248580.28,14330.93,4456.37,44724.72,3267.37,973.63,15.25,84.75
2025-06-18,June,Q2,2025,Qantas,QF,Star Air,XX,USD,223,281620.0,16897.2,2630.0,239408.26,13896.98,2229.77,42211.74,3000.22,400.23,14.99,85.01
2025-08-05,August,Q3,2025,Air New Zealand,NZ,Star Air,XX,USD,481,284105.0,17046.3,3435.0,241260.9,14475.61,2895.23,42844.1,2570.69,539.77,15.08,84.92
2025-04-19,April,Q2,2025,SriLankan,UL,Star Air,XX,USD,1,720.0,43.2,0.0,646.07,38.76,0.0,73.93,4.44,0.0,10.27,89.73
2025-05-07,May,Q2,2025,American Airlines,AA,Star Air,XX,USD,246,285335.0,17120.1,3480.0,242876.38,12659.44,2993.99,42458.62,4460.66,486.01,14.88,85.12
2025-06-18,June,Q2,2025,Air Canada,AC,Star Air,XX,USD,236,76345.0,4580.7,1150.0,64555.65,3873.35,991.79,11789.35,707.35,158.21,15.44,84.56
2025-08-16,August,Q3,2025,Jet Airways,9W,Star Air,XX,USD,482,140230.0,8413.8,1985.0,118991.88,7139.55,1698.22,21238.12,1274.25,286.78,15.15,84.85
2025-08-16,August,Q3,2025,Air India,AI,Star Air,XX,USD,250,87400.0,5244.0,1385.0,74540.75,4472.49,1167.38,12859.25,771.51,217.62,14.71,85.29
2025-04-19,April,Q2,2025,Emirates,EK,Star Air,XX,USD,239,73375.0,4402.5,1220.0,62203.03,3732.16,1015.86,11171.97,670.34,204.14,15.23,84.77
2025-07-10,July,Q3,2025,Thai Airways International,TG,Star Air,XX,USD,257,175190.0,10511.4,1930.0,148024.92,8881.55,1646.48,27165.08,1629.85,283.52,15.51,84.49
2025-06-07,June,Q2,2025,SIA,SQ,Star Air,XX,USD,265,116170.0,6970.2,1115.0,97995.0,5214.55,951.84,18175.0,1755.65,163.16,15.65,84.35
2025-08-12,August,Q3,2025,JetBlue,B6,Star Air,XX,USD,255,360095.0,21605.7,5505.0,302538.93,18152.32,4662.68,57556.07,3453.38,842.32,15.98,84.02
2025-07-15,July,Q3,2025,JetBlue,B6,Star Air,XX,USD,250,379405.0,22764.3,4925.0,319869.63,19192.17,4274.23,59535.37,3572.13,650.77,15.69,84.31
2025-08-05,August,Q3,2025,Jet Airways,9W,Star Air,XX,USD,253,72340.0,4340.4,1110.0,61783.75,3707.01,974.66,10556.25,633.39,135.34,14.59,85.41
2025-08-16,August,Q3,2025,Thai Airways International,TG,Star Air,XX,USD,240,160115.0,9606.9,1870.0,136477.59,8188.63,1543.78,23637.41,1418.27,326.22,14.76,85.24
2025-08-05,August,Q3,2025,Qantas,QF,Star Air,XX,USD,242,149740.0,8984.4,2765.0,124797.92,7487.89,2223.81,24942.08,1496.51,541.19,16.66,83.34
2025-08-12,August,Q3,2025,Jet Airways,9W,Star Air,XX,USD,228,69570.0,4174.2,1295.0,58200.93,3492.03,1088.78,11369.07,682.17,206.22,16.34,83.66
2025-08-05,August,Q3,2025,Air India,AI,Star Air,XX,USD,246,88080.0,5284.8,1060.0,74896.27,4493.71,921.98,13183.73,791.09,138.02,14.97,85.03
2025-08-12,August,Q3,2025,Qantas,QF,Star Air,XX,USD,246,140010.0,8400.6,2300.0,118693.71,7121.65,1957.5,21316.29,1278.95,342.5,15.22,84.78
2025-07-15,July,Q3,2025,Qantas,QF,Star Air,XX,USD,732,522690.0,31361.4,7225.0,441029.99,26461.93,6187.35,81660.01,4899.47,1037.65,15.62,84.38
2025-08-16,August,Q3,2025,PIA,PK,Star Air,XX,USD,228,71350.0,4281.0,1180.0,60149.51,3609.05,1007.48,11200.49,671.95,172.52,15.7,84.3
2025-07-15,July,Q3,2025,Air India,AI,Star Air,XX,USD,233,84600.0,5076.0,1190.0,71498.74,4289.89,1001.26,13101.26,786.11,188.74,15.49,84.51
2025-08-16,August,Q3,2025,JetBlue,B6,Star Air,XX,USD,234,348520.0,20911.2,4680.0,292211.0,17532.59,3880.39,56309.0,3378.61,799.61,16.16,83.84
2025-08-16,August,Q3,2025,American Airlines,AA,Star Air,XX,USD,513,612955.0,36777.3,9220.0,517627.85,31057.61,7942.29,95327.15,5719.69,1277.71,15.55,84.45
2025-07-10,July,Q3,2025,Qantas,QF,Star Air,XX,USD,499,556025.0,33361.5,8225.0,468686.4,28121.16,6825.71,87338.6,5240.34,1399.29,15.71,84.29
2025-08-16,August,Q3,2025,British Airways,BA,Star Air,XX,USD,246,133965.0,8037.9,1680.0,113774.14,6826.44,1421.63,20190.86,1211.46,258.37,15.07,84.93
2025-07-15,July,Q3,2025,Air New Zealand,NZ,Star Air,XX,USD,241,81770.0,4906.2,1315.0,69330.5,4159.8,1106.16,12439.5,746.4,208.84,15.21,84.79
2025-08-05,August,Q3,2025,SIA,SQ,Star Air,XX,USD,253,109855.0,6591.3,1385.0,93279.35,5596.71,1185.99,16575.65,994.59,199.01,15.09,84.91
2025-07-10,July,Q3,2025,Air India,AI,Star Air,XX,USD,250,75080.0,4504.8,1205.0,63131.91,3787.88,999.21,11948.09,716.92,205.79,15.91,84.09
2025-08-12,August,Q3,2025,Emirates,EK,Star Air,XX,USD,244,77950.0,4677.0,1135.0,64885.05,3893.05,954.57,13064.95,783.95,180.43,16.76,83.24
2025-07-15,July,Q3,2025,SIA,SQ,Star Air,XX,USD,497,224040.0,13442.4,3325.0,189970.73,11398.25,2864.13,34069.27,2044.15,460.87,15.21,84.79
2025-08-12,August,Q3,2025,SIA,SQ,Star Air,XX,USD,247,112910.0,6774.6,1870.0,96173.75,5770.38,1625.1,16736.25,1004.22,244.9,14.82,85.18
2025-08-16,August,Q3,2025,Air Canada,AC,Star Air,XX,USD,221,66295.0,3977.7,885.0,55854.47,3351.19,733.49,10440.53,626.51,151.51,15.75,84.25
2025-08-16,August,Q3,2025,Emirates,EK,Star Air,XX,USD,480,146365.0,8781.9,2025.0,123477.91,7408.59,1704.75,22887.09,1373.31,320.25,15.64,84.36
2025-08-05,August,Q3,2025,Emirates,EK,Star Air,XX,USD,247,71510.0,4290.6,915.0,60492.15,3629.57,784.37,11017.85,661.03,130.63,15.41,84.59
2025-07-15,July,Q3,2025,Vietnam Airlines,VN,Star Air,XX,USD,1,120.0,7.2,0.0,91.19,5.47,0.0,28.81,1.73,0.0,24.01,75.99
2025-07-10,July,Q3,2025,Blue Panorama,BV,Star Air,XX,USD,252,73825.0,4429.5,1250.0,62419.57,3745.16,1065.52,11405.43,684.34,184.48,15.45,84.55
2025-08-05,August,Q3,2025,PIA,PK,Star Air,XX,USD,269,83630.0,5017.8,1145.0,69990.5,4199.36,937.53,13639.5,818.44,207.47,16.31,83.69
2025-07-15,July,Q3,2025,PIA,PK,Star Air,XX,USD,259,85055.0,5103.3,960.0,71656.6,4299.41,817.08,13398.4,803.89,142.92,15.75,84.25
2025-07-10,July,Q3,2025,Air Mauritius,MK,Star Air,XX,USD,252,166805.0,10008.3,2245.0,141626.72,8497.53,1865.83,25178.28,1510.77,379.17,15.09,84.91
2025-08-16,August,Q3,2025,Qantas,QF,Star Air,XX,USD,226,305135.0,18308.1,4140.0,255239.26,15314.33,3471.92,49895.74,2993.77,668.08,16.35,83.65
2025-08-12,August,Q3,2025,Air Canada,AC,Star Air,XX,USD,253,75850.0,4551.0,1065.0,64324.49,3859.42,899.46,11525.51,691.58,165.54,15.2,84.8
2025-08-05,August,Q3,2025,Air Mauritius,MK,Star Air,XX,USD,244,171850.0,10311.0,2760.0,145587.77,8735.23,2365.11,26262.23,1575.77,394.89,15.28,84.72
2025-07-10,July,Q3,2025,American Airlines,AA,Star Air,XX,USD,273,308120.0,18487.2,4645.0,260532.5,15632.01,3872.82,47587.5,2855.19,772.18,15.44,84.56
2025-10-05,October,Q4,2025,Air France,AF,Star Air,XX,USD,239,216570.0,12994.2,8220.0,184360.04,11061.55,2593.85,32209.96,1932.65,5626.15,14.87,85.13
2025-12-02,December,Q4,2025,Jet Airways,9W,Star Air,XX,USD,505,134515.0,8070.9,12820.0,113980.8,6838.92,1483.95,20534.2,1231.98,11336.05,15.27,84.73
2025-10-26,October,Q4,2025,Qantas,QF,Star Air,XX,USD,938,849180.0,50950.8,18790.0,717685.98,43061.26,11731.47,131494.03,7889.54,7058.53,15.48,84.52
2025-11-18,November,Q4,2025,Air New Zealand,NZ,Star Air,XX,USD,482,250250.0,15015.0,2480.0,212785.17,12767.17,2686.3,37464.83,2247.83,-206.3,14.97,85.03
2025-08-05,August,Q3,2025,Air Canada,AC,Star Air,XX,USD,255,79370.0,4762.2,1050.0,66859.75,4011.63,909.96,12510.25,750.57,140.04,15.76,84.24
2025-12-02,December,Q4,2025,Thai Airways International,TG,Star Air,XX,USD,270,163790.0,9827.4,960.0,137522.28,8251.34,1786.78,26267.72,1576.06,-826.78,16.04,83.96
2025-07-10,July,Q3,2025,Emirates,EK,Star Air,XX,USD,250,81630.0,4897.8,1030.0,68943.56,4136.56,860.2,12686.44,761.24,169.8,15.54,84.46
2025-07-10,July,Q3,2025,Air Canada,AC,Star Air,XX,USD,252,76100.0,4566.0,935.0,64504.56,3870.26,817.84,11595.44,695.74,117.16,15.24,84.76
2025-10-05,October,Q4,2025,Air India,AI,Star Air,XX,USD,269,87370.0,5242.2,715.0,74296.9,4457.85,1277.93,13073.1,784.35,-562.93,14.96,85.04
2025-11-29,November,Q4,2025,Air India,AI,Star Air,XX,USD,243,77290.0,4637.4,810.0,64206.89,3852.45,1215.34,13083.11,784.95,-405.34,16.93,83.07
2025-10-24,October,Q4,2025,Qantas,QF,Star Air,XX,USD,950,490095.0,29405.7,13330.0,415384.62,24923.06,7019.76,74710.38,4482.64,6310.24,15.24,84.76
2025-10-24,October,Q4,2025,Thai Airways International,TG,Star Air,XX,USD,244,158065.0,9483.9,9665.0,135005.69,8100.33,1394.47,23059.31,1383.57,8270.53,14.59,85.41
2025-10-24,October,Q4,2025,Air New Zealand,NZ,Star Air,XX,USD,242,76820.0,4609.2,1580.0,65105.38,3906.34,810.34,11714.62,702.86,769.66,15.25,84.75
2025-11-29,November,Q4,2025,Jet Airways,9W,Star Air,XX,USD,249,68130.0,4087.8,13975.0,57965.73,3477.92,1121.75,10164.27,609.88,12853.25,14.92,85.08
2025-10-24,October,Q4,2025,PIA,PK,Star Air,XX,USD,244,82125.0,4927.5,37885.0,68873.84,4132.45,746.12,13251.16,795.05,37138.88,16.14,83.86
2025-11-29,November,Q4,2025,JetBlue,B6,Star Air,XX,USD,228,316805.0,19008.3,4045.0,267970.7,16078.22,5065.55,48834.3,2930.08,-1020.55,15.41,84.59
2025-11-29,November,Q4,2025,PIA,PK,Star Air,XX,USD,237,64800.0,3888.0,35940.0,55446.01,3326.79,842.43,9354.0,561.21,35097.57,14.44,85.56
2025-11-29,November,Q4,2025,American Airlines,AA,Star Air,XX,USD,494,556210.0,33372.6,12410.0,467516.56,28051.02,6411.19,88693.44,5321.58,5998.81,15.95,84.05
2025-11-29,November,Q4,2025,Air Canada,AC,Star Air,XX,USD,229,66275.0,3976.5,730.0,55494.15,3329.53,882.43,10780.86,646.97,-152.43,16.27,83.73
2025-11-29,November,Q4,2025,Emirates,EK,Star Air,XX,USD,477,136575.0,8194.5,2090.0,114565.89,6873.93,1365.48,22009.11,1320.57,724.52,16.12,83.88
2025-10-24,October,Q4,2025,Emirates,EK,Star Air,XX,USD,252,75890.0,4553.4,2400.0,63928.36,3835.66,1052.48,11961.64,717.74,1347.52,15.76,84.24
2025-11-29,November,Q4,2025,Qantas,QF,Star Air,XX,USD,234,329355.0,19761.3,8885.0,278361.64,16701.7,4231.59,50993.36,3059.6,4653.41,15.48,84.52
2026-01-04,January,Q1,2026,Qantas,QF,Star Air,XX,USD,480,476880.0,28612.8,8210.0,403985.06,24239.16,6953.18,72894.94,4373.64,1256.82,15.29,84.71
2026-02-26,February,Q1,2026,Thai Airways International,TG,Star Air,XX,USD,249,165340.0,9920.4,3570.0,139018.32,8341.03,2970.82,26321.69,1579.37,599.18,15.92,84.08
2026-03-05,March,Q1,2026,Qantas,QF,Star Air,XX,USD,1213,627855.0,37671.3,9710.0,531708.36,31902.34,8211.78,96146.64,5768.96,1498.22,15.31,84.69
2026-02-01,February,Q1,2026,Air India,AI,Star Air,XX,USD,228,78275.0,4696.5,545.0,65833.64,3950.06,474.46,12441.36,746.44,70.54,15.89,84.11
2026-01-04,January,Q1,2026,Air India,AI,Star Air,XX,USD,254,81325.0,4879.5,1035.0,69220.02,4153.32,891.1,12104.98,726.18,143.9,14.88,85.12
2026-01-04,January,Q1,2026,Thai Airways International,TG,Star Air,XX,USD,249,153155.0,9189.3,1795.0,129570.23,7774.21,1521.97,23584.77,1415.09,273.03,15.4,84.6
2026-02-01,February,Q1,2026,Air France,AF,Star Air,XX,USD,246,227150.0,13629.0,2700.0,192726.05,11563.54,2307.43,34423.95,2065.46,392.57,15.15,84.85
2026-01-04,January,Q1,2026,Air France,AF,Star Air,XX,USD,226,183115.0,10986.9,2825.0,154242.14,9254.55,2356.59,28872.86,1732.35,468.41,15.77,84.23
2026-01-19,January,Q1,2026,Qantas,QF,Star Air,XX,USD,723,491380.0,29482.8,6440.0,413358.46,24801.51,5467.12,78021.54,4681.29,972.88,15.88,84.12
2026-02-01,February,Q1,2026,Qantas,QF,Star Air,XX,USD,480,422180.0,25330.8,7335.0,356425.2,21385.5,6280.96,65754.8,3945.3,1054.04,15.58,84.42
2026-02-26,February,Q1,2026,JetBlue,B6,Star Air,XX,USD,244,326455.0,19587.3,4565.0,277369.27,16642.11,3801.91,49085.73,2945.19,763.09,15.04,84.96
2026-02-01,February,Q1,2026,PIA,PK,Star Air,XX,USD,247,73200.0,4392.0,780.0,61734.21,3704.06,662.7,11465.79,687.94,117.3,15.66,84.34
2026-01-04,January,Q1,2026,Blue Panorama,BV,Star Air,XX,USD,238,68045.0,4082.7,985.0,58497.86,3509.87,878.74,9547.14,572.83,106.26,14.03,85.97
2026-01-04,January,Q1,2026,PIA,PK,Star Air,XX,USD,234,63900.0,3834.0,800.0,54520.15,3271.25,695.7,9379.85,562.75,104.3,14.68,85.32
2026-02-26,February,Q1,2026,Air India,AI,Star Air,XX,USD,245,62605.0,3756.3,1040.0,53002.55,3180.17,898.87,9602.45,576.13,141.13,15.34,84.66
2026-03-05,March,Q1,2026,SIA,SQ,Star Air,XX,USD,241,106650.0,6399.0,1985.0,90914.16,5454.78,1682.35,15735.84,944.22,302.65,14.75,85.25
2026-02-01,February,Q1,2026,American Airlines,AA,Star Air,XX,USD,236,242905.0,14574.3,2505.0,204336.97,12260.24,2114.94,38568.03,2314.06,390.06,15.88,84.12
2026-02-26,February,Q1,2026,Qantas,QF,Star Air,XX,USD,493,362950.0,21777.0,5250.0,305424.8,18325.55,4463.03,57525.2,3451.45,786.97,15.85,84.15
2026-02-01,February,Q1,2026,Emirates,EK,Star Air,XX,USD,488,137740.0,8264.4,1945.0,116179.36,6970.71,1651.62,21560.64,1293.69,293.38,15.65,84.35
2026-02-01,February,Q1,2026,Air Canada,AC,Star Air,XX,USD,241,64305.0,3858.3,985.0,53884.58,3233.05,790.49,10420.42,625.25,194.51,16.2,83.8
2026-01-04,January,Q1,2026,Emirates,EK,Star Air,XX,USD,493,141910.0,8514.6,2535.0,120376.85,7222.46,2123.25,21533.15,1292.14,411.75,15.17,84.83
2026-02-26,February,Q1,2026,PIA,PK,Star Air,XX,USD,221,62170.0,3730.2,830.0,52074.78,3124.39,700.93,10095.22,605.81,129.07,16.24,83.76
2026-01-04,January,Q1,2026,British Airways,BA,Star Air,XX,USD,248,143895.0,8633.7,2105.0,122183.94,7331.07,1882.07,21711.06,1302.63,222.93,15.09,84.91
2026-01-04,January,Q1,2026,JetBlue,B6,Star Air,XX,USD,250,338260.0,20295.6,6585.0,285046.08,17102.75,5489.93,53213.92,3192.85,1095.07,15.73,84.27
2026-02-26,February,Q1,2026,Blue Panorama,BV,Star Air,XX,USD,226,59810.0,3588.6,805.0,50598.8,3035.89,693.32,9211.2,552.71,111.68,15.4,84.6
2026-02-26,February,Q1,2026,Air Mauritius,MK,Star Air,XX,USD,241,143685.0,8621.1,2870.0,121935.8,7316.16,2413.64,21749.2,1304.94,456.36,15.14,84.86
2026-03-05,March,Q1,2026,Emirates,EK,Star Air,XX,USD,250,71620.0,4297.2,1025.0,60007.98,3600.46,865.28,11612.02,696.74,159.72,16.21,83.79
2026-02-26,February,Q1,2026,Emirates,EK,Star Air,XX,USD,247,67555.0,4053.3,1035.0,57551.19,3453.02,881.05,10003.81,600.28,153.95,14.81,85.19
2026-02-26,February,Q1,2026,Air Canada,AC,Star Air,XX,USD,258,72680.0,4360.8,1270.0,61970.83,3718.26,1067.42,10709.17,642.54,202.58,14.73,85.27
2025-11-22,November,Q4,2025,Jet Airways,9W,Star Air,XX,USD,235,63015.0,3780.9,570.0,52641.69,3158.47,729.18,10373.31,622.43,-159.18,16.46,83.54
2025-10-26,October,Q4,2025,Air France,AF,Star Air,XX,USD,233,218960.0,13137.6,8205.0,184654.35,11079.24,3121.17,34305.65,2058.36,5083.83,15.67,84.33
2025-10-05,October,Q4,2025,Thai Airways International,TG,Star Air,XX,USD,247,158105.0,9486.3,15335.0,131984.71,7919.1,1801.9,26120.29,1567.2,13533.1,16.52,83.48
2025-12-02,December,Q4,2025,Qantas,QF,Star Air,XX,USD,467,312485.0,18749.1,3105.0,266151.71,15969.09,3709.16,46333.29,2780.01,-604.16,14.83,85.17
2025-11-03,November,Q4,2025,Qantas,QF,Star Air,XX,USD,243,137325.0,8239.5,945.0,115736.64,6944.19,1210.91,21588.36,1295.31,-265.91,15.72,84.28
2025-11-22,November,Q4,2025,Thai Airways International,TG,Star Air,XX,USD,240,153675.0,9220.5,6930.0,130853.96,7851.24,1922.67,22821.04,1369.26,5007.33,14.85,85.15
2025-10-05,October,Q4,2025,Qantas,QF,Star Air,XX,USD,943,917830.0,55069.8,13565.0,777253.35,46635.02,12217.08,140576.65,8434.78,1347.92,15.32,84.68
2025-10-29,October,Q4,2025,Air India,AI,Star Air,XX,USD,234,78400.0,4704.0,8595.0,65808.69,3948.55,762.91,12591.31,755.45,7832.09,16.06,83.94
2025-10-26,October,Q4,2025,PIA,PK,Star Air,XX,USD,241,72725.0,4363.5,31710.0,61364.86,3681.86,853.27,11360.14,681.64,30856.73,15.62,84.38
2025-10-26,October,Q4,2025,Blue Panorama,BV,Star Air,XX,USD,241,65180.0,3910.8,15590.0,55230.91,3313.77,848.91,9949.09,597.03,14741.09,15.26,84.74
2025-11-22,November,Q4,2025,JetBlue,B6,Star Air,XX,USD,240,340475.0,20428.5,3180.0,288336.71,17300.18,4127.07,52138.29,3128.32,-947.07,15.31,84.69
2025-11-18,November,Q4,2025,Qantas,QF,Star Air,XX,USD,482,337325.0,20239.5,3325.0,285378.19,17122.69,3669.0,51946.81,3116.81,-344.0,15.4,84.6
2025-10-29,October,Q4,2025,Qantas,QF,Star Air,XX,USD,733,882415.0,52944.9,19980.0,741501.92,44490.15,11452.66,140913.08,8454.75,8527.34,15.97,84.03
2025-10-05,October,Q4,2025,American Airlines,AA,Star Air,XX,USD,223,237130.0,14227.8,2130.0,200508.65,12030.47,2782.03,36621.35,2197.33,-652.03,15.44,84.56
2025-10-26,October,Q4,2025,American Airlines,AA,Star Air,XX,USD,236,262165.0,15729.9,2340.0,220729.78,13243.77,2766.22,41435.22,2486.13,-426.22,15.81,84.19
2025-10-29,October,Q4,2025,American Airlines,AA,Star Air,XX,USD,498,539070.0,32344.2,10245.0,460256.48,27615.49,5556.36,78813.52,4728.71,4688.64,14.62,85.38
2025-11-03,November,Q4,2025,Air Mauritius,MK,Star Air,XX,USD,242,158340.0,9500.4,13905.0,133289.85,7997.35,1857.12,25050.16,1503.05,12047.88,15.82,84.18
2025-11-22,November,Q4,2025,American Airlines,AA,Star Air,XX,USD,244,265800.0,15948.0,2560.0,226971.43,13618.31,3483.23,38828.57,2329.69,-923.23,14.61,85.39
2025-10-05,October,Q4,2025,Emirates,EK,Star Air,XX,USD,479,144555.0,8673.3,1735.0,122548.53,7352.87,2195.09,22006.47,1320.43,-460.09,15.22,84.78
2025-11-22,November,Q4,2025,British Airways,BA,Star Air,XX,USD,241,117435.0,7046.1,1030.0,99633.94,5977.95,1280.77,17801.06,1068.15,-250.77,15.16,84.84
2025-11-03,November,Q4,2025,Emirates,EK,Star Air,XX,USD,242,69615.0,4176.9,870.0,58369.5,3502.26,930.13,11245.5,674.64,-60.13,16.15,83.85
2025-10-05,October,Q4,2025,Blue Panorama,BV,Star Air,XX,USD,223,63410.0,3804.6,10390.0,53372.7,3202.4,875.36,10037.3,602.2,9514.64,15.83,84.17
2025-12-02,December,Q4,2025,SIA,SQ,Star Air,XX,USD,244,103095.0,6185.7,1230.0,88220.45,5293.22,1442.45,14874.55,892.48,-212.45,14.43,85.57
2025-11-22,November,Q4,2025,Qantas,QF,Star Air,XX,USD,476,454090.0,27245.4,8805.0,385045.81,23102.71,5912.52,69044.19,4142.69,2892.48,15.2,84.8
2025-11-18,November,Q4,2025,Emirates,EK,Star Air,XX,USD,238,73725.0,4423.5,670.0,62540.08,3752.37,874.45,11184.92,671.13,-204.45,15.17,84.83
2025-12-02,December,Q4,2025,PIA,PK,Star Air,XX,USD,254,75035.0,4502.1,515.0,63134.49,3788.0,983.8,11900.51,714.1,-468.8,15.86,84.14
2025-11-18,November,Q4,2025,Vietnam Airlines,VN,Star Air,XX,USD,1,730.0,43.8,0.0,601.29,36.08,0.0,128.71,7.72,0.0,17.63,82.37
2025-11-22,November,Q4,2025,Emirates,EK,Star Air,XX,USD,487,146205.0,8772.3,3395.0,123395.18,7403.72,2192.49,22809.82,1368.58,1202.51,15.6,84.4
2025-11-22,November,Q4,2025,Air Canada,AC,Star Air,XX,USD,222,61130.0,3667.8,475.0,51949.04,3116.84,681.17,9180.96,550.96,-206.17,15.02,84.98
2025-10-26,October,Q4,2025,Emirates,EK,Star Air,XX,USD,479,148925.0,8935.5,1765.0,125351.53,7521.01,2342.66,23573.47,1414.49,-577.66,15.83,84.17
2025-11-18,November,Q4,2025,Air Mauritius,MK,Star Air,XX,USD,229,149505.0,8970.3,820.0,127665.61,7659.91,1469.48,21839.39,1310.39,-649.48,14.61,85.39
2025-10-26,October,Q4,2025,JetBlue,B6,Star Air,XX,USD,239,318920.0,19135.2,11615.0,269845.29,16190.66,3953.54,49074.71,2944.54,7661.46,15.39,84.61
2025-10-29,October,Q4,2025,British Airways,BA,Star Air,XX,USD,238,110300.0,6618.0,5445.0,92811.09,5568.61,1460.85,17488.91,1049.39,3984.15,15.86,84.14
2025-11-03,November,Q4,2025,Air India,AI,Star Air,XX,USD,256,71405.0,4284.3,510.0,60375.4,3622.59,618.21,11029.6,661.71,-108.21,15.45,84.55
2025-11-18,November,Q4,2025,SIA,SQ,Star Air,XX,USD,266,118580.0,7114.8,4350.0,100519.26,6031.16,1507.89,18060.74,1083.64,2842.11,15.23,84.77
2025-12-02,December,Q4,2025,Air Mauritius,MK,Star Air,XX,USD,249,150920.0,9055.2,1170.0,128787.69,7727.28,1645.04,22132.31,1327.92,-475.04,14.66,85.34
2025-10-29,October,Q4,2025,Air Canada,AC,Star Air,XX,USD,471,148910.0,8934.6,4400.0,125362.36,7521.74,1868.24,23547.64,1412.86,2531.76,15.81,84.19
2025-10-29,October,Q4,2025,Emirates,EK,Star Air,XX,USD,232,66770.0,4006.2,2070.0,56505.86,3390.41,971.34,10264.14,615.79,1098.66,15.37,84.63
2025-11-18,November,Q4,2025,Air Canada,AC,Star Air,XX,USD,254,73985.0,4439.1,1945.0,61521.62,3691.26,848.87,12463.38,747.84,1096.13,16.85,83.15
2025-10-26,October,Q4,2025,Vietnam Airlines,VN,Star Air,XX,USD,1,955.0,57.3,255.0,740.95,44.46,74.09,214.05,12.84,180.91,22.41,77.59
2026-03-14,March,Q1,2026,Qantas,QF,Star Air,XX,USD,735,675350.0,40521.0,9940.0,568687.74,34121.19,8276.67,106662.26,6399.81,1663.33,15.79,84.21
2026-02-24,February,Q1,2026,Air New Zealand,NZ,Star Air,XX,USD,239,167775.0,10066.5,1560.0,142796.35,8567.79,1336.16,24978.65,1498.71,223.84,14.89,85.11
2026-02-06,February,Q1,2026,Air New Zealand,NZ,Star Air,XX,USD,474,238490.0,14309.4,3370.0,202540.93,12152.42,2830.05,35949.07,2156.98,539.95,15.07,84.93
2026-02-24,February,Q1,2026,Jet Airways,9W,Star Air,XX,USD,244,67745.0,4064.7,1055.0,57509.85,3450.59,887.74,10235.15,614.11,167.26,15.11,84.89
2026-01-20,January,Q1,2026,Thai Airways International,TG,Star Air,XX,USD,244,153510.0,9210.6,1945.0,131496.16,7889.89,1668.47,22013.84,1320.71,276.53,14.34,85.66
2026-02-06,February,Q1,2026,Qantas,QF,Star Air,XX,USD,725,433825.0,26029.5,5890.0,365986.12,21959.12,5099.55,67838.88,4070.38,790.45,15.64,84.36
2026-02-07,February,Q1,2026,Air India,AI,Star Air,XX,USD,251,78015.0,4680.9,1440.0,65369.3,3922.15,1213.09,12645.7,758.75,226.91,16.21,83.79
2026-03-13,March,Q1,2026,JetBlue,B6,Star Air,XX,USD,245,337145.0,20228.7,4430.0,287925.61,17275.55,3772.85,49219.39,2953.15,657.15,14.6,85.4
2026-02-06,February,Q1,2026,Jet Airways,9W,Star Air,XX,USD,246,64565.0,3873.9,1050.0,54463.66,3267.69,901.37,10101.34,606.21,148.63,15.65,84.35
2026-03-13,March,Q1,2026,Jet Airways,9W,Star Air,XX,USD,236,63145.0,3788.7,1090.0,53523.8,3211.41,953.26,9621.2,577.29,136.74,15.24,84.76
2026-03-13,March,Q1,2026,Thai Airways International,TG,Star Air,XX,USD,230,139065.0,8343.9,1650.0,117336.65,7040.23,1383.81,21728.35,1303.67,266.19,15.62,84.38
2026-03-14,March,Q1,2026,Thai Airways International,TG,Star Air,XX,USD,257,165150.0,9909.0,2135.0,141094.48,8465.72,1806.48,24055.52,1443.28,328.52,14.57,85.43
2026-01-20,January,Q1,2026,Jet Airways,9W,Star Air,XX,USD,251,69530.0,4171.8,1075.0,58911.77,3534.7,936.64,10618.23,637.1,138.36,15.27,84.73
2026-02-24,February,Q1,2026,Qantas,QF,Star Air,XX,USD,464,258270.0,15496.2,3155.0,218819.55,13129.19,2713.85,39450.45,2367.01,441.15,15.27,84.73
2026-03-31,March,Q1,2026,American Airlines,AA,Star Air,XX,USD,482,583930.0,35035.8,10340.0,493737.59,29624.29,8891.18,90192.41,5411.51,1448.82,15.45,84.55
2026-01-20,January,Q1,2026,JetBlue,B6,Star Air,XX,USD,245,326265.0,19575.9,5045.0,275668.13,16540.06,4138.71,50596.87,3035.84,906.29,15.51,84.49
2026-03-13,March,Q1,2026,American Airlines,AA,Star Air,XX,USD,476,534575.0,32074.5,7475.0,450367.76,27022.07,6432.09,84207.24,5052.43,1042.91,15.75,84.25
2026-02-24,February,Q1,2026,Air India,AI,Star Air,XX,USD,236,72575.0,4354.5,1125.0,61557.67,3693.52,967.42,11017.33,660.98,157.58,15.18,84.82
2026-02-07,February,Q1,2026,Jet Airways,9W,Star Air,XX,USD,250,66620.0,3997.2,770.0,56925.36,3415.54,661.17,9694.64,581.66,108.83,14.55,85.45
2026-03-31,March,Q1,2026,Air India,AI,Star Air,XX,USD,234,82090.0,4925.4,935.0,69241.59,4154.49,794.49,12848.41,770.91,140.51,15.65,84.35
2026-02-06,February,Q1,2026,PIA,PK,Star Air,XX,USD,239,74825.0,4489.5,765.0,63754.94,3825.27,626.05,11070.06,664.23,138.95,14.79,85.21
2026-02-07,February,Q1,2026,PIA,PK,Star Air,XX,USD,234,65655.0,3939.3,1030.0,56096.54,3365.73,841.46,9558.46,573.57,188.54,14.56,85.44
2026-03-14,March,Q1,2026,PIA,PK,Star Air,XX,USD,230,73220.0,4393.2,790.0,62319.32,3739.11,676.55,10900.68,654.09,113.45,14.89,85.11
2026-02-07,February,Q1,2026,JetBlue,B6,Star Air,XX,USD,221,293220.0,17593.2,3200.0,247315.59,14838.91,2716.21,45904.41,2754.29,483.79,15.66,84.34
2026-03-31,March,Q1,2026,Qantas,QF,Star Air,XX,USD,757,976415.0,58584.9,13355.0,832481.46,49948.8,11160.61,143933.54,8636.1,2194.39,14.74,85.26
2026-02-06,February,Q1,2026,SIA,SQ,Star Air,XX,USD,240,100995.0,6059.7,1080.0,86202.8,5172.16,911.87,14792.2,887.54,168.13,14.65,85.35
2026-03-13,March,Q1,2026,Air Mauritius,MK,Star Air,XX,USD,235,154145.0,9248.7,3060.0,131018.36,7861.06,2641.25,23126.64,1387.64,418.75,15.0,85.0
2026-01-20,January,Q1,2026,SIA,SQ,Star Air,XX,USD,497,203270.0,12196.2,3180.0,171226.33,10273.5,2737.96,32043.67,1922.7,442.04,15.76,84.24
2026-02-07,February,Q1,2026,American Airlines,AA,Star Air,XX,USD,245,269310.0,16158.6,2815.0,227893.49,13673.58,2386.84,41416.51,2485.02,428.16,15.38,84.62
2026-03-13,March,Q1,2026,Qantas,QF,Star Air,XX,USD,476,469475.0,28168.5,7810.0,402007.01,24120.43,6823.49,67467.99,4048.07,986.51,14.37,85.63
2026-03-13,March,Q1,2026,Air Canada,AC,Star Air,XX,USD,210,62100.0,3726.0,800.0,52422.66,3145.31,651.42,9677.34,580.69,148.58,15.58,84.42
2026-02-07,February,Q1,2026,Qantas,QF,Star Air,XX,USD,254,297265.0,17835.9,4515.0,254901.93,15294.08,3896.68,42363.07,2541.82,618.32,14.25,85.75
2026-03-31,March,Q1,2026,PIA,PK,Star Air,XX,USD,240,74305.0,4458.3,1315.0,62014.85,3720.88,1120.75,12290.15,737.42,194.25,16.54,83.46
2026-02-07,February,Q1,2026,Emirates,EK,Star Air,XX,USD,223,62360.0,3741.6,815.0,52913.51,3174.8,705.16,9446.49,566.8,109.84,15.15,84.85
2026-02-24,February,Q1,2026,Emirates,EK,Star Air,XX,USD,245,68840.0,4130.4,835.0,58040.69,3482.44,709.08,10799.32,647.96,125.92,15.69,84.31
2026-03-13,March,Q1,2026,Emirates,EK,Star Air,XX,USD,243,69065.0,4143.9,855.0,58203.08,3492.16,741.28,10861.92,651.74,113.72,15.73,84.27
2026-01-20,January,Q1,2026,Air Mauritius,MK,Star Air,XX,USD,246,144250.0,8655.0,2295.0,120931.03,7255.87,1892.5,23318.97,1399.13,402.5,16.17,83.83
2026-02-24,February,Q1,2026,Air Mauritius,MK,Star Air,XX,USD,241,146610.0,8796.6,1690.0,122871.94,7372.32,1379.27,23738.06,1424.28,310.73,16.19,83.81
2026-02-06,February,Q1,2026,Emirates,EK,Star Air,XX,USD,227,65745.0,3944.7,945.0,56168.12,3370.16,782.25,9576.88,574.54,162.75,14.57,85.43
2026-03-31,March,Q1,2026,Air Canada,AC,Star Air,XX,USD,253,73460.0,4407.6,1070.0,62866.01,3771.98,927.19,10593.99,635.62,142.81,14.42,85.58
2025-01-10,January,Q1,2025,Qantas,QF,Star Air,XX,USD,262,146465.0,8787.9,2400.0,123390.76,7403.36,2026.62,23074.24,1384.54,373.38,15.75,84.25
2025-03-14,March,Q1,2025,Qantas,QF,Star Air,XX,USD,741,347145.0,20828.7,4530.0,293949.77,17636.94,3872.43,53195.23,3191.76,657.57,15.32,84.68
2025-02-11,February,Q1,2025,JetBlue,B6,Star Air,XX,USD,248,326585.0,19595.1,5770.0,277390.64,16643.43,4834.46,49194.36,2951.67,935.54,15.06,84.94
2025-01-10,January,Q1,2025,Air New Zealand,NZ,Star Air,XX,USD,263,81090.0,4865.4,1565.0,67858.7,4071.52,1297.18,13231.3,793.88,267.82,16.32,83.68
2025-02-11,February,Q1,2025,Qantas,QF,Star Air,XX,USD,782,488660.0,29319.6,6915.0,415342.43,24920.69,5919.43,73317.57,4398.91,995.57,15.0,85.0
2025-01-23,January,Q1,2025,JetBlue,B6,Star Air,XX,USD,222,287500.0,17250.0,3160.0,242875.87,14572.53,2627.2,44624.13,2677.47,532.8,15.52,84.48
2025-01-23,January,Q1,2025,Thai Airways International,TG,Star Air,XX,USD,256,170435.0,10226.1,2810.0,144015.24,8640.95,2365.62,26419.76,1585.15,444.38,15.5,84.5
2025-02-24,February,Q1,2025,Jet Airways,9W,Star Air,XX,USD,260,72245.0,4334.7,1210.0,60591.94,3635.51,1013.03,11653.06,699.19,196.97,16.13,83.87
2025-03-14,March,Q1,2025,PIA,PK,Star Air,XX,USD,255,72595.0,4355.7,1095.0,61218.85,3673.1,930.67,11376.15,682.6,164.33,15.67,84.33
2025-01-10,January,Q1,2025,Thai Airways International,TG,Star Air,XX,USD,259,154470.0,9268.2,1810.0,131130.99,7867.86,1510.14,23339.01,1400.34,299.86,15.11,84.89
2025-01-10,January,Q1,2025,Jet Airways,9W,Star Air,XX,USD,259,74570.0,4474.2,1385.0,64009.73,3840.58,1190.45,10560.27,633.62,194.55,14.16,85.84
2025-02-11,February,Q1,2025,Jet Airways,9W,Star Air,XX,USD,255,69245.0,4154.7,1005.0,58998.29,3539.89,892.19,10246.71,614.81,112.81,14.8,85.2
2025-02-24,February,Q1,2025,Qantas,QF,Star Air,XX,USD,260,144425.0,8665.5,1870.0,123942.86,7436.59,1601.67,20482.14,1228.91,268.33,14.18,85.82
2025-02-11,February,Q1,2025,Air New Zealand,NZ,Star Air,XX,USD,266,80645.0,4838.7,1480.0,68293.06,4097.62,1252.58,12351.94,741.08,227.42,15.32,84.68
2025-03-14,March,Q1,2025,Air Canada,AC,Star Air,XX,USD,258,70225.0,4213.5,915.0,59675.91,3580.53,783.05,10549.09,632.97,131.95,15.02,84.98
2025-02-11,February,Q1,2025,SIA,SQ,Star Air,XX,USD,527,226620.0,13597.2,4830.0,190671.81,11440.19,4051.57,35948.19,2157.01,778.43,15.86,84.14
2025-01-23,January,Q1,2025,PIA,PK,Star Air,XX,USD,237,65560.0,3933.6,975.0,55906.9,3354.41,796.83,9653.1,579.19,178.17,14.72,85.28
2025-03-14,March,Q1,2025,SIA,SQ,Star Air,XX,USD,247,104080.0,6244.8,1655.0,88132.7,5287.93,1408.29,15947.3,956.87,246.71,15.32,84.68
2025-01-23,January,Q1,2025,Air India,AI,Star Air,XX,USD,259,70830.0,4249.8,975.0,59488.3,3569.3,818.21,11341.7,680.5,156.79,16.01,83.99
2025-01-23,January,Q1,2025,Qantas,QF,Star Air,XX,USD,206,149290.0,8957.4,1985.0,124603.67,7476.24,1646.04,24686.33,1481.16,338.96,16.54,83.46
2025-02-11,February,Q1,2025,Air Mauritius,MK,Star Air,XX,USD,237,152015.0,9120.9,2020.0,128741.72,7724.46,1796.42,23273.28,1396.44,223.58,15.31,84.69
2025-02-11,February,Q1,2025,Emirates,EK,Star Air,XX,USD,254,69220.0,4153.2,850.0,58444.01,3506.62,732.08,10775.99,646.58,117.92,15.57,84.43
2025-02-24,February,Q1,2025,Emirates,EK,Star Air,XX,USD,259,72035.0,4322.1,760.0,61000.56,3659.98,633.21,11034.44,662.12,126.79,15.32,84.68
2025-01-23,January,Q1,2025,Blue Panorama,BV,Star Air,XX,USD,260,70755.0,4245.3,1030.0,59017.28,3541.04,864.17,11737.72,704.26,165.83,16.59,83.41
2025-01-23,January,Q1,2025,Air Mauritius,MK,Star Air,XX,USD,255,149890.0,8993.4,1760.0,126662.65,7599.73,1531.58,23227.35,1393.67,228.42,15.5,84.5
2025-02-11,February,Q1,2025,Air Canada,AC,Star Air,XX,USD,250,67850.0,4071.0,1330.0,57517.26,3450.97,1145.44,10332.74,620.03,184.56,15.23,84.77
2025-04-13,April,Q2,2025,Air India,AI,Star Air,XX,USD,234,81880.0,4912.8,935.0,69283.54,4156.96,786.65,12596.46,755.84,148.35,15.38,84.62
2025-04-13,April,Q2,2025,Air France,AF,Star Air,XX,USD,248,238770.0,14326.2,2580.0,201006.55,12060.33,2199.89,37763.45,2265.87,380.11,15.82,84.18
2025-06-24,June,Q2,2025,Jet Airways,9W,Star Air,XX,USD,224,65385.0,3923.1,940.0,55232.25,3313.91,801.32,10152.75,609.19,138.68,15.53,84.47
2025-06-24,June,Q2,2025,Air New Zealand,NZ,Star Air,XX,USD,468,277540.0,16652.4,3410.0,233129.42,13987.78,2848.83,44410.58,2664.62,561.17,16.0,84.0
2025-06-11,June,Q2,2025,Qantas,QF,Star Air,XX,USD,1212,1281075.0,76864.5,18095.0,1085894.57,63414.06,15422.82,195180.43,13450.44,2672.18,15.24,84.76
2025-01-23,January,Q1,2025,Air Canada,AC,Star Air,XX,USD,253,71155.0,4269.3,1010.0,59577.68,3574.6,845.84,11577.32,694.7,164.16,16.27,83.73
2025-01-23,January,Q1,2025,Emirates,EK,Star Air,XX,USD,247,70895.0,4253.7,1075.0,59852.4,3591.13,933.99,11042.6,662.57,141.01,15.58,84.42
2025-04-21,April,Q2,2025,Qantas,QF,Star Air,XX,USD,730,541255.0,32475.3,7850.0,460559.3,27633.61,6646.54,80695.7,4841.69,1203.46,14.91,85.09
2025-06-11,June,Q2,2025,Thai Airways International,TG,Star Air,XX,USD,243,171415.0,10284.9,1855.0,146039.12,8762.36,1582.4,25375.88,1522.54,272.6,14.8,85.2
2025-05-12,May,Q2,2025,Jet Airways,9W,Star Air,XX,USD,248,76935.0,4616.1,1245.0,65266.21,3916.04,1080.4,11668.79,700.06,164.6,15.17,84.83
2025-05-12,May,Q2,2025,Qantas,QF,Star Air,XX,USD,250,96760.0,5805.6,1580.0,81150.64,4869.05,1344.35,15609.36,936.55,235.65,16.13,83.87
2025-04-13,April,Q2,2025,American Airlines,AA,Star Air,XX,USD,233,299450.0,17967.0,3095.0,253641.13,15218.48,2675.55,45808.87,2748.52,419.45,15.3,84.7
2025-04-13,April,Q2,2025,Blue Panorama,BV,Star Air,XX,USD,229,74955.0,4497.3,1165.0,62542.33,3752.48,981.11,12412.67,744.82,183.89,16.56,83.44
2025-05-12,May,Q2,2025,Air Mauritius,MK,Star Air,XX,USD,231,158675.0,9520.5,3310.0,134332.34,8060.01,2797.61,24342.66,1460.49,512.39,15.34,84.66
2025-04-21,April,Q2,2025,Emirates,EK,Star Air,XX,USD,241,73605.0,4416.3,1155.0,62740.65,3764.39,975.52,10864.35,651.91,179.48,14.76,85.24
2025-06-11,June,Q2,2025,British Airways,BA,Star Air,XX,USD,247,136480.0,8188.8,1885.0,114778.84,6886.65,1581.72,21701.16,1302.15,303.28,15.9,84.1
2025-04-13,April,Q2,2025,Qantas,QF,Star Air,XX,USD,485,532135.0,31928.1,8870.0,447249.64,26834.86,7427.7,84885.36,5093.24,1442.3,15.95,84.05
2025-06-24,June,Q2,2025,Emirates,EK,Star Air,XX,USD,494,164160.0,9849.6,2790.0,138487.42,8309.33,2341.13,25672.59,1540.27,448.87,15.64,84.36
2025-04-13,April,Q2,2025,Emirates,EK,Star Air,XX,USD,245,75605.0,4536.3,1290.0,64669.53,3880.09,1106.58,10935.47,656.21,183.42,14.46,85.54
2025-04-13,April,Q2,2025,Air Canada,AC,Star Air,XX,USD,245,85345.0,5120.7,1050.0,72860.82,4371.68,887.65,12484.18,749.02,162.35,14.63,85.37
2025-06-24,June,Q2,2025,Vietnam Airlines,VN,Star Air,XX,USD,1,850.0,51.0,0.0,691.39,41.48,0.0,158.61,9.52,0.0,18.66,81.34
2025-04-13,April,Q2,2025,JetBlue,B6,Star Air,XX,USD,234,338100.0,20286.0,5310.0,283359.09,17001.51,4408.37,54740.91,3284.49,901.63,16.19,83.81
2025-05-12,May,Q2,2025,Air India,AI,Star Air,XX,USD,248,81100.0,4866.0,1300.0,67610.21,3984.99,1111.51,13489.79,881.01,188.49,16.63,83.37
2025-04-21,April,Q2,2025,Air India,AI,Star Air,XX,USD,260,83890.0,5033.4,980.0,70903.9,4264.24,816.21,12986.1,769.16,163.79,15.48,84.52
2025-06-24,June,Q2,2025,PIA,PK,Star Air,XX,USD,254,82690.0,4961.4,1030.0,69600.46,4206.27,885.53,13089.54,755.13,144.47,15.83,84.17
2025-08-27,August,Q3,2025,Thai Airways International,TG,Star Air,XX,USD,256,171325.0,10279.5,1825.0,146028.6,8761.73,1568.73,25296.4,1517.77,256.27,14.77,85.23
2025-09-23,September,Q3,2025,Air New Zealand,NZ,Star Air,XX,USD,244,180640.0,10838.4,3115.0,152688.89,9161.37,2609.95,27951.11,1677.03,505.05,15.47,84.53
2025-09-28,September,Q3,2025,Air France,AF,Star Air,XX,USD,235,215200.0,12912.0,3345.0,182392.95,10943.48,2862.14,32807.06,1968.52,482.86,15.24,84.76
2025-06-11,June,Q2,2025,Air Canada,AC,Star Air,XX,USD,474,158430.0,9505.8,1855.0,133786.87,8027.27,1537.46,24643.13,1478.53,317.54,15.55,84.45
2025-09-23,September,Q3,2025,JetBlue,B6,Star Air,XX,USD,244,358310.0,21498.6,4170.0,306892.3,18413.58,3545.61,51417.7,3085.02,624.39,14.35,85.65
2025-08-25,August,Q3,2025,Qantas,QF,Star Air,XX,USD,728,580280.0,34816.8,7970.0,490172.53,29410.27,6846.12,90107.47,5406.53,1123.88,15.53,84.47
2025-09-28,September,Q3,2025,Qantas,QF,Star Air,XX,USD,736,531675.0,31900.5,9975.0,450177.46,27010.7,8412.8,81497.54,4889.8,1562.2,15.33,84.67
2025-09-08,September,Q3,2025,Jet Airways,9W,Star Air,XX,USD,256,80610.0,4836.6,1295.0,67360.39,4041.6,1121.55,13249.61,795.0,173.45,16.44,83.56
2025-09-08,September,Q3,2025,Qantas,QF,Star Air,XX,USD,754,617945.0,37076.7,10475.0,525577.64,31534.57,9071.36,92367.36,5542.13,1403.64,14.95,85.05
2025-09-28,September,Q3,2025,Blue Panorama,BV,Star Air,XX,USD,255,73900.0,4434.0,855.0,62901.76,3774.09,734.67,10998.24,659.91,120.33,14.88,85.12
2025-09-23,September,Q3,2025,Qantas,QF,Star Air,XX,USD,479,275515.0,16530.9,3685.0,233348.2,14000.87,3118.41,42166.8,2530.03,566.59,15.3,84.7
2025-09-08,September,Q3,2025,Emirates,EK,Star Air,XX,USD,241,73055.0,4383.3,1250.0,61719.91,3703.11,1050.32,11335.09,680.19,199.68,15.52,84.48
2025-09-08,September,Q3,2025,Air Mauritius,MK,Star Air,XX,USD,249,166885.0,10013.1,2110.0,143319.9,8599.2,1804.36,23565.1,1413.9,305.64,14.12,85.88
2025-09-28,September,Q3,2025,JetBlue,B6,Star Air,XX,USD,257,337880.0,20272.8,3950.0,284852.64,17091.1,3360.68,53027.37,3181.7,589.32,15.69,84.31
2025-09-23,September,Q3,2025,SIA,SQ,Star Air,XX,USD,251,106835.0,6410.1,2005.0,90715.18,5442.93,1696.63,16119.82,967.17,308.37,15.09,84.91
2025-08-27,August,Q3,2025,Air Canada,AC,Star Air,XX,USD,490,161105.0,9666.3,1950.0,136546.75,8192.78,1675.04,24558.25,1473.52,274.96,15.24,84.76
2025-09-23,September,Q3,2025,Emirates,EK,Star Air,XX,USD,256,83255.0,4995.3,945.0,70779.31,4246.72,814.65,12475.69,748.58,130.35,14.98,85.02
2025-08-25,August,Q3,2025,Emirates,EK,Star Air,XX,USD,242,75945.0,4556.7,1425.0,63599.34,3816.0,1233.96,12345.66,740.7,191.04,16.26,83.74
2025-09-28,September,Q3,2025,Air Canada,AC,Star Air,XX,USD,238,71400.0,4284.0,725.0,60795.51,3647.63,598.9,10604.49,636.37,126.1,14.85,85.15
2025-08-25,August,Q3,2025,Air India,AI,Star Air,XX,USD,246,73920.0,4435.2,1135.0,62941.59,3776.54,968.11,10978.41,658.66,166.89,14.85,85.15
2025-09-23,September,Q3,2025,PIA,PK,Star Air,XX,USD,251,76030.0,4561.8,960.0,64732.47,3883.92,815.27,11297.53,677.88,144.73,14.86,85.14
2025-08-27,August,Q3,2025,American Airlines,AA,Star Air,XX,USD,498,557795.0,33467.7,8315.0,472586.79,28355.26,7049.22,85208.21,5112.44,1265.78,15.28,84.72
2025-09-23,September,Q3,2025,Air Mauritius,MK,Star Air,XX,USD,232,159555.0,9573.3,1890.0,135768.43,8146.14,1565.4,23786.57,1427.16,324.6,14.91,85.09
2025-11-14,November,Q4,2025,Air New Zealand,NZ,Star Air,XX,USD,250,195970.0,11758.2,3315.0,166820.57,10009.2,1754.99,29149.43,1749.0,1560.01,14.87,85.13
2025-12-11,December,Q4,2025,Qantas,QF,Star Air,XX,USD,482,423410.0,25404.6,10590.0,358121.76,21487.37,5726.08,65288.24,3917.23,4863.92,15.42,84.58
2025-11-14,November,Q4,2025,Qantas,QF,Star Air,XX,USD,489,272405.0,16344.3,5995.0,230322.96,13819.34,3121.58,42082.04,2524.96,2873.42,15.45,84.55
2025-11-14,November,Q4,2025,Jet Airways,9W,Star Air,XX,USD,262,72120.0,4327.2,475.0,61347.1,3680.77,874.66,10772.9,646.43,-399.66,14.94,85.06
2025-08-27,August,Q3,2025,Qantas,QF,Star Air,XX,USD,229,170705.0,10242.3,2095.0,144713.93,8682.82,1817.75,25991.08,1559.48,277.25,15.23,84.77
2025-03-09,March,Q1,2025,Air India,AI,Star Air,XX,USD,263,88395.0,5303.7,1825.0,75541.68,4532.57,1539.57,12853.32,771.13,285.43,14.54,85.46
2025-03-09,March,Q1,2025,Air France,AF,Star Air,XX,USD,264,218465.0,13107.9,2765.0,183983.12,11038.98,2338.72,34481.88,2068.92,426.28,15.78,84.22
2025-03-29,March,Q1,2025,Thai Airways International,TG,Star Air,XX,USD,259,171295.0,10277.7,2780.0,145306.42,8718.33,2362.65,25988.58,1559.37,417.35,15.17,84.83
2025-03-29,March,Q1,2025,Jet Airways,9W,Star Air,XX,USD,507,146790.0,8807.4,2425.0,124088.66,7445.34,2102.54,22701.34,1362.06,322.46,15.47,84.53
2025-02-05,February,Q1,2025,Air India,AI,Star Air,XX,USD,243,83260.0,4995.6,1145.0,69724.15,4183.48,955.02,13535.85,812.12,189.98,16.26,83.74
2025-03-09,March,Q1,2025,Thai Airways International,TG,Star Air,XX,USD,248,147130.0,8827.8,2135.0,124760.89,7485.68,1764.39,22369.11,1342.12,370.61,15.2,84.8
2025-02-05,February,Q1,2025,Qantas,QF,Star Air,XX,USD,768,735845.0,44150.7,12730.0,628363.28,37701.79,10914.47,107481.72,6448.91,1815.53,14.61,85.39
2025-02-05,February,Q1,2025,American Airlines,AA,Star Air,XX,USD,520,531205.0,31872.3,7430.0,449476.77,26968.57,6271.25,81728.23,4903.73,1158.75,15.39,84.61
2025-02-05,February,Q1,2025,British Airways,BA,Star Air,XX,USD,260,130645.0,7838.7,2935.0,110270.14,6616.2,2587.98,20374.86,1222.5,347.02,15.6,84.4
2025-03-29,March,Q1,2025,American Airlines,AA,Star Air,XX,USD,256,279890.0,16793.4,3655.0,237702.23,14262.17,3086.41,42187.77,2531.23,568.59,15.07,84.93
2025-03-29,March,Q1,2025,Emirates,EK,Star Air,XX,USD,485,148585.0,8915.1,2990.0,126301.3,7578.16,2528.28,22283.7,1336.94,461.72,15.0,85.0
2025-03-29,March,Q1,2025,Air Canada,AC,Star Air,XX,USD,468,154600.0,9276.0,2560.0,131686.63,7901.07,2223.21,22913.37,1374.93,336.79,14.82,85.18
2025-02-05,February,Q1,2025,Emirates,EK,Star Air,XX,USD,243,65815.0,3948.9,935.0,55647.21,3338.79,769.45,10167.79,610.11,165.55,15.45,84.55
2025-03-09,March,Q1,2025,British Airways,BA,Star Air,XX,USD,227,102050.0,6123.0,1790.0,86451.26,5187.11,1558.75,15598.74,935.89,231.25,15.29,84.71
2025-03-29,March,Q1,2025,Air Mauritius,MK,Star Air,XX,USD,239,158885.0,9533.1,2620.0,134746.92,8084.79,2223.77,24138.08,1448.31,396.23,15.19,84.81
2025-03-09,March,Q1,2025,Qantas,QF,Star Air,XX,USD,504,476495.0,28589.7,6800.0,403411.08,24204.61,5653.9,73083.92,4385.09,1146.1,15.34,84.66
2025-03-09,March,Q1,2025,JetBlue,B6,Star Air,XX,USD,243,319915.0,19194.9,3105.0,271433.27,16285.98,2613.75,48481.73,2908.92,491.25,15.15,84.85
2025-03-29,March,Q1,2025,Qantas,QF,Star Air,XX,USD,258,205705.0,12342.3,3725.0,174195.79,10451.79,3043.75,31509.21,1890.51,681.25,15.32,84.68
2025-03-09,March,Q1,2025,Emirates,EK,Star Air,XX,USD,255,74105.0,4446.3,895.0,62682.24,3760.9,756.34,11422.76,685.4,138.66,15.41,84.59
2025-02-05,February,Q1,2025,PIA,PK,Star Air,XX,USD,267,77885.0,4673.1,925.0,65804.69,3948.32,783.45,12080.31,724.78,141.55,15.51,84.49
2025-03-29,March,Q1,2025,Vietnam Airlines,VN,Star Air,XX,USD,1,980.0,58.8,0.0,796.72,47.8,0.0,183.28,11.0,0.0,18.7,81.3
2025-04-30,April,Q2,2025,Thai Airways International,TG,Star Air,XX,USD,265,196630.0,11797.8,3250.0,165632.85,9937.93,2708.15,30997.15,1859.87,541.85,15.76,84.24
2025-03-29,March,Q1,2025,SIA,SQ,Star Air,XX,USD,261,107710.0,6462.6,1430.0,91135.91,5468.19,1185.01,16574.09,994.41,244.99,15.39,84.61
2025-04-30,April,Q2,2025,Qantas,QF,Star Air,XX,USD,496,514800.0,30888.0,6305.0,432181.94,24649.0,5268.93,82618.06,6239.0,1036.07,16.05,83.95
2025-06-17,June,Q2,2025,Air New Zealand,NZ,Star Air,XX,USD,485,287645.0,17258.7,5220.0,243955.48,14637.41,4522.06,43689.52,2621.29,697.94,15.19,84.81
2025-02-05,February,Q1,2025,Air Canada,AC,Star Air,XX,USD,263,72670.0,4360.2,1285.0,61082.32,3664.93,1025.16,11587.68,695.27,259.84,15.95,84.05
2025-04-03,April,Q2,2025,Vietnam Airlines,VN,Star Air,XX,USD,2,1400.0,84.0,0.0,1191.79,71.51,0.0,208.21,12.49,0.0,14.87,85.13
2025-06-17,June,Q2,2025,Qantas,QF,Star Air,XX,USD,222,138625.0,8317.5,2050.0,117365.84,7041.99,1742.02,21259.16,1275.51,307.98,15.34,84.66
2025-04-03,April,Q2,2025,Thai Airways International,TG,Star Air,XX,USD,242,158170.0,9490.2,1990.0,134005.41,8040.36,1729.56,24164.59,1449.84,260.44,15.28,84.72
2025-06-17,June,Q2,2025,Air India,AI,Star Air,XX,USD,232,82145.0,4928.7,1040.0,69403.13,4164.13,881.46,12741.87,764.57,158.54,15.51,84.49
2025-04-30,April,Q2,2025,Air India,AI,Star Air,XX,USD,246,91125.0,5467.5,1480.0,77771.96,4666.28,1246.57,13353.04,801.22,233.43,14.65,85.35
2025-04-03,April,Q2,2025,Qantas,QF,Star Air,XX,USD,459,365840.0,21950.4,6255.0,311144.8,18668.71,5384.71,54695.2,3281.69,870.29,14.95,85.05
2025-04-30,April,Q2,2025,American Airlines,AA,Star Air,XX,USD,488,555525.0,33331.5,6800.0,465230.39,26094.42,5846.17,90294.61,7237.08,953.83,16.25,83.75
2025-06-17,June,Q2,2025,SIA,SQ,Star Air,XX,USD,246,125875.0,7552.5,1845.0,107100.06,6426.06,1584.71,18774.94,1126.44,260.29,14.92,85.08
2025-04-03,April,Q2,2025,PIA,PK,Star Air,XX,USD,224,68710.0,4122.6,1110.0,58045.87,3578.22,955.34,10664.13,544.38,154.66,15.52,84.48
2025-04-30,April,Q2,2025,British Airways,BA,Star Air,XX,USD,254,150090.0,9005.4,2315.0,126340.33,7012.48,1978.59,23749.67,1992.92,336.41,15.82,84.18
2025-06-17,June,Q2,2025,PIA,PK,Star Air,XX,USD,257,78815.0,4728.9,1225.0,66476.13,4062.22,1029.03,12338.87,666.68,195.97,15.66,84.34
2025-08-26,August,Q3,2025,Thai Airways International,TG,Star Air,XX,USD,236,156190.0,9371.4,3225.0,132344.49,7940.71,2775.98,23845.51,1430.69,449.02,15.27,84.73
2025-04-03,April,Q2,2025,Air Mauritius,MK,Star Air,XX,USD,234,132800.0,7968.0,2110.0,112011.4,6657.47,1827.04,20788.6,1310.53,282.96,15.65,84.35
2025-07-29,July,Q3,2025,Thai Airways International,TG,Star Air,XX,USD,255,168950.0,10137.0,2460.0,142924.69,8575.48,2073.85,26025.31,1561.52,386.15,15.4,84.6
2025-04-30,April,Q2,2025,Air Canada,AC,Star Air,XX,USD,237,75805.0,4548.3,1240.0,63821.04,3829.21,1040.37,11983.96,719.09,199.63,15.81,84.19
2025-07-03,July,Q3,2025,Qantas,QF,Star Air,XX,USD,1219,1106130.0,66367.8,15165.0,933051.6,55983.03,12785.72,173078.4,10384.77,2379.28,15.65,84.35
2025-08-26,August,Q3,2025,Air New Zealand,NZ,Star Air,XX,USD,240,205375.0,12322.5,3470.0,173086.01,10385.12,2897.57,32288.99,1937.38,572.43,15.72,84.28
2025-07-31,July,Q3,2025,Air France,AF,Star Air,XX,USD,232,215625.0,12937.5,2525.0,183294.89,10997.72,2145.98,32330.11,1939.78,379.02,14.99,85.01
2025-07-22,July,Q3,2025,Air New Zealand,NZ,Star Air,XX,USD,245,190335.0,11420.1,2505.0,162211.81,9732.7,2099.76,28123.19,1687.4,405.24,14.78,85.22
2025-07-29,July,Q3,2025,Jet Airways,9W,Star Air,XX,USD,498,154360.0,9261.6,2130.0,129307.99,7758.44,1798.95,25052.01,1503.16,331.05,16.23,83.77
2025-06-17,June,Q2,2025,Air Canada,AC,Star Air,XX,USD,256,77870.0,4672.2,1150.0,65094.42,3905.74,967.4,12775.58,766.46,182.6,16.41,83.59
2025-08-20,August,Q3,2025,Qantas,QF,Star Air,XX,USD,243,140785.0,8447.1,1880.0,118096.63,7085.87,1578.73,22688.37,1361.23,301.27,16.12,83.88
2025-08-26,August,Q3,2025,Jet Airways,9W,Star Air,XX,USD,245,69225.0,4153.5,940.0,58208.48,3492.53,804.92,11016.52,660.97,135.08,15.91,84.09
2025-07-29,July,Q3,2025,Air New Zealand,NZ,Star Air,XX,USD,240,81530.0,4891.8,1145.0,69280.1,4156.78,956.6,12249.9,735.02,188.4,15.03,84.97
2025-07-29,July,Q3,2025,Qantas,QF,Star Air,XX,USD,488,306305.0,18378.3,6605.0,259543.93,15572.68,5732.14,46761.07,2805.62,872.86,15.27,84.73
2025-07-31,July,Q3,2025,Air India,AI,Star Air,XX,USD,245,72295.0,4337.7,650.0,60800.77,3648.11,549.41,11494.23,689.59,100.59,15.9,84.1
2025-09-22,September,Q3,2025,Jet Airways,9W,Star Air,XX,USD,253,74385.0,4463.1,895.0,63311.73,3798.76,783.64,11073.27,664.34,111.36,14.89,85.11
2025-07-29,July,Q3,2025,Air India,AI,Star Air,XX,USD,242,87860.0,5271.6,985.0,75005.25,4500.28,845.62,12854.75,771.32,139.38,14.63,85.37
2025-07-22,July,Q3,2025,Qantas,QF,Star Air,XX,USD,248,146905.0,8814.3,1735.0,124100.6,7446.14,1447.77,22804.4,1368.16,287.23,15.52,84.48
2025-07-31,July,Q3,2025,Qantas,QF,Star Air,XX,USD,242,211585.0,12695.1,3030.0,178864.75,10731.89,2620.97,32720.25,1963.21,409.03,15.46,84.54
2025-08-26,August,Q3,2025,SIA,SQ,Star Air,XX,USD,494,218005.0,13080.3,2825.0,184547.41,11072.89,2365.63,33457.59,2007.41,459.37,15.35,84.65
2025-09-22,September,Q3,2025,Air Mauritius,MK,Star Air,XX,USD,232,149725.0,8983.5,2540.0,126792.29,7607.5,2125.64,22932.71,1376.0,414.36,15.32,84.68
2025-07-22,July,Q3,2025,Emirates,EK,Star Air,XX,USD,494,153660.0,9219.6,1895.0,130413.22,7824.76,1620.43,23246.78,1394.84,274.57,15.13,84.87
2025-08-20,August,Q3,2025,Emirates,EK,Star Air,XX,USD,482,155630.0,9337.8,3330.0,131359.32,7881.61,2773.47,24270.69,1456.19,556.53,15.6,84.4
2025-09-22,September,Q3,2025,Air India,AI,Star Air,XX,USD,257,79380.0,4762.8,820.0,67184.93,4031.06,694.22,12195.07,731.74,125.78,15.36,84.64
2025-08-20,August,Q3,2025,PIA,PK,Star Air,XX,USD,259,86910.0,5214.6,1110.0,73153.43,4389.27,953.26,13756.58,825.33,156.74,15.83,84.17
2025-07-22,July,Q3,2025,Vietnam Airlines,VN,Star Air,XX,USD,2,575.0,34.5,0.0,481.72,28.91,0.0,93.28,5.59,0.0,16.22,83.78
2025-07-31,July,Q3,2025,PIA,PK,Star Air,XX,USD,246,78250.0,4695.0,1345.0,66449.59,3986.94,1100.29,11800.41,708.06,244.71,15.08,84.92
2025-07-16,July,Q3,2025,British Airways,BA,Star Air,XX,USD,232,132405.0,7944.3,2820.0,112816.64,6769.05,2382.57,19588.36,1175.25,437.43,14.79,85.21
2025-07-16,July,Q3,2025,Qantas,QF,Star Air,XX,USD,477,521905.0,31314.3,6775.0,441325.67,26479.64,5635.25,80579.33,4834.66,1139.75,15.44,84.56
2025-08-20,August,Q3,2025,British Airways,BA,Star Air,XX,USD,240,116340.0,6980.4,2060.0,98441.37,5906.43,1739.27,17898.63,1073.97,320.73,15.38,84.62
2025-07-22,July,Q3,2025,Air Mauritius,MK,Star Air,XX,USD,215,152650.0,9159.0,2330.0,129482.35,7768.98,2067.91,23167.65,1390.02,262.09,15.18,84.82
2025-08-20,August,Q3,2025,Siberia Airlines,S7,Star Air,XX,USD,1,460.0,27.6,0.0,403.22,24.19,0.0,56.78,3.41,0.0,12.34,87.66
2025-07-03,July,Q3,2025,Blue Panorama,BV,Star Air,XX,USD,255,74960.0,4497.6,1180.0,63907.18,3834.38,1017.13,11052.82,663.22,162.87,14.74,85.26
2025-07-03,July,Q3,2025,Air Canada,AC,Star Air,XX,USD,244,77105.0,4626.3,1260.0,64790.39,3887.34,1042.06,12314.61,738.96,217.94,15.97,84.03
2025-07-29,July,Q3,2025,Air Mauritius,MK,Star Air,XX,USD,226,156710.0,9402.6,2715.0,131838.2,7910.26,2307.29,24871.8,1492.34,407.71,15.87,84.13
2025-07-03,July,Q3,2025,American Airlines,AA,Star Air,XX,USD,270,332885.0,19973.1,5215.0,285726.06,17143.73,4308.14,47158.94,2829.37,906.86,14.17,85.83
2025-07-29,July,Q3,2025,Air Canada,AC,Star Air,XX,USD,260,75910.0,4554.6,1030.0,64474.11,3868.57,892.08,11435.89,686.03,137.92,15.07,84.93
2025-07-03,July,Q3,2025,Emirates,EK,Star Air,XX,USD,483,151740.0,9104.4,2370.0,128448.09,7706.97,2028.44,23291.91,1397.43,341.56,15.35,84.65
2025-07-16,July,Q3,2025,Air Canada,AC,Star Air,XX,USD,232,71960.0,4317.6,1190.0,60541.86,3632.49,980.38,11418.14,685.11,209.62,15.87,84.13
2025-07-16,July,Q3,2025,Emirates,EK,Star Air,XX,USD,236,83755.0,5025.3,1285.0,70854.53,4251.32,1102.47,12900.47,773.98,182.53,15.4,84.6
2025-12-09,December,Q4,2025,Air New Zealand,NZ,Star Air,XX,USD,478,260130.0,15607.8,2440.0,220213.77,13212.89,2801.41,39916.23,2394.91,-361.41,15.34,84.66
2025-07-16,July,Q3,2025,American Airlines,AA,Star Air,XX,USD,271,283840.0,17030.4,4550.0,242326.38,14539.52,3853.67,41513.62,2490.88,696.33,14.63,85.37
2025-08-20,August,Q3,2025,American Airlines,AA,Star Air,XX,USD,257,286365.0,17181.9,4485.0,242096.07,14525.75,3835.23,44268.93,2656.15,649.77,15.46,84.54
2025-10-17,October,Q4,2025,Air New Zealand,NZ,Star Air,XX,USD,490,256810.0,15408.6,5005.0,215100.95,12906.05,2810.93,41709.05,2502.55,2194.07,16.24,83.76
2025-07-31,July,Q3,2025,American Airlines,AA,Star Air,XX,USD,244,273415.0,16404.9,5345.0,234385.49,14063.12,4451.67,39029.51,2341.78,893.33,14.27,85.73
2025-08-20,August,Q3,2025,Air Canada,AC,Star Air,XX,USD,235,70890.0,4253.4,1165.0,59819.65,3589.15,985.62,11070.35,664.25,179.38,15.62,84.38
2025-07-22,July,Q3,2025,SIA,SQ,Star Air,XX,USD,232,105105.0,6306.3,1455.0,88156.91,5289.4,1211.13,16948.09,1016.9,243.87,16.12,83.88
2025-12-09,December,Q4,2025,Jet Airways,9W,Star Air,XX,USD,490,132045.0,7922.7,9970.0,112103.22,6726.23,1505.29,19941.78,1196.47,8464.71,15.1,84.9
2025-10-11,October,Q4,2025,Air India,AI,Star Air,XX,USD,259,87700.0,5262.0,640.0,73974.49,4438.57,937.44,13725.51,823.43,-297.44,15.65,84.35
2025-10-11,October,Q4,2025,Jet Airways,9W,Star Air,XX,USD,259,69945.0,4196.7,510.0,59511.91,3570.71,801.94,10433.09,625.99,-291.94,14.92,85.08
2025-10-17,October,Q4,2025,Qantas,QF,Star Air,XX,USD,477,279445.0,16766.7,6450.0,235482.72,14128.98,3080.71,43962.28,2637.72,3369.29,15.73,84.27
2025-11-16,November,Q4,2025,Air France,AF,Star Air,XX,USD,239,192295.0,11537.7,7560.0,163637.46,9818.22,2556.68,28657.54,1719.48,5003.32,14.9,85.1
2025-11-14,November,Q4,2025,Thai Airways International,TG,Star Air,XX,USD,251,159670.0,9580.2,14260.0,137493.58,8249.65,2303.05,22176.42,1330.55,11956.95,13.89,86.11
2025-11-16,November,Q4,2025,Thai Airways International,TG,Star Air,XX,USD,253,163530.0,9811.8,11880.0,139162.07,8349.75,2027.63,24367.93,1462.05,9852.37,14.9,85.1
2025-12-11,December,Q4,2025,Air India,AI,Star Air,XX,USD,246,64380.0,3862.8,13165.0,55003.51,3300.22,759.55,9376.49,562.58,12405.45,14.56,85.44
2025-11-16,November,Q4,2025,Blue Panorama,BV,Star Air,XX,USD,237,63160.0,3789.6,14605.0,53847.09,3230.86,1035.73,9312.91,558.74,13569.27,14.74,85.26
2025-11-16,November,Q4,2025,Qantas,QF,Star Air,XX,USD,479,334525.0,20071.5,7420.0,282628.57,16957.67,4343.71,51896.43,3113.83,3076.29,15.51,84.49
2025-11-16,November,Q4,2025,Emirates,EK,Star Air,XX,USD,485,142600.0,8556.0,2600.0,120838.61,7250.3,1771.6,21761.39,1305.7,828.4,15.26,84.74
2025-12-11,December,Q4,2025,Air Mauritius,MK,Star Air,XX,USD,249,158900.0,9534.0,930.0,135471.48,8128.26,1377.75,23428.52,1405.74,-447.75,14.74,85.26
2025-11-16,November,Q4,2025,JetBlue,B6,Star Air,XX,USD,238,316270.0,18976.2,7195.0,267263.85,16035.82,3845.51,49006.15,2940.38,3349.49,15.5,84.5
2025-12-11,December,Q4,2025,American Airlines,AA,Star Air,XX,USD,238,228350.0,13701.0,7930.0,194318.79,11659.07,2832.85,34031.21,2041.93,5097.15,14.9,85.1
2025-12-11,December,Q4,2025,Emirates,EK,Star Air,XX,USD,485,134190.0,8051.4,3255.0,113343.86,6800.57,1572.52,20846.14,1250.83,1682.48,15.53,84.47
2026-01-30,January,Q1,2026,Air New Zealand,NZ,Star Air,XX,USD,257,186955.0,11217.3,3740.0,158078.53,9484.79,3163.4,28876.47,1732.51,576.6,15.45,84.55
2026-01-30,January,Q1,2026,Qantas,QF,Star Air,XX,USD,762,458205.0,27492.3,7270.0,388586.65,23315.24,6257.43,69618.35,4177.06,1012.57,15.19,84.81
2026-01-30,January,Q1,2026,Thai Airways International,TG,Star Air,XX,USD,245,148060.0,8883.6,2235.0,126434.14,7585.97,1880.9,21625.86,1297.63,354.1,14.61,85.39
2025-10-17,October,Q4,2025,Jet Airways,9W,Star Air,XX,USD,244,70525.0,4231.5,685.0,59294.19,3557.63,1215.28,11230.81,673.87,-530.28,15.92,84.08
2025-12-09,December,Q4,2025,JetBlue,B6,Star Air,XX,USD,245,327805.0,19668.3,8830.0,276084.23,16565.02,3218.46,51720.77,3103.28,5611.54,15.78,84.22
2025-11-26,November,Q4,2025,Air India,AI,Star Air,XX,USD,238,76540.0,4592.4,14405.0,65621.98,3937.36,1122.22,10918.02,655.04,13282.78,14.26,85.74
2025-10-17,October,Q4,2025,PIA,PK,Star Air,XX,USD,247,76195.0,4571.7,42755.0,64516.01,3870.89,1089.37,11678.99,700.81,41665.63,15.33,84.67
2025-12-09,December,Q4,2025,Qantas,QF,Star Air,XX,USD,732,460050.0,27603.0,5165.0,389557.12,23373.49,6501.07,70492.88,4229.51,-1336.07,15.32,84.68
2025-10-13,October,Q4,2025,Qantas,QF,Star Air,XX,USD,466,365210.0,21912.6,4995.0,310592.89,18635.63,5596.43,54617.11,3276.97,-601.43,14.95,85.05
2025-11-26,November,Q4,2025,American Airlines,AA,Star Air,XX,USD,740,776295.0,46577.7,18200.0,660914.35,39654.89,8818.24,115380.65,6922.81,9381.76,14.86,85.14
2025-10-11,October,Q4,2025,Air Mauritius,MK,Star Air,XX,USD,220,147385.0,8843.1,20350.0,125744.91,7544.75,3058.95,21640.09,1298.35,17291.05,14.68,85.32
2025-10-11,October,Q4,2025,British Airways,BA,Star Air,XX,USD,246,151135.0,9068.1,945.0,128416.42,7704.97,1348.74,22718.58,1363.13,-403.74,15.03,84.97
2025-10-13,October,Q4,2025,Air Mauritius,MK,Star Air,XX,USD,240,147755.0,8865.3,20425.0,125503.39,7530.18,1933.94,22251.61,1335.12,18491.06,15.06,84.94
2025-10-17,October,Q4,2025,SIA,SQ,Star Air,XX,USD,235,105385.0,6323.1,1040.0,88623.68,5317.35,1190.53,16761.32,1005.75,-150.53,15.9,84.1
2025-12-09,December,Q4,2025,SIA,SQ,Star Air,XX,USD,241,93450.0,5607.0,1120.0,80374.96,4822.42,1344.99,13075.04,784.58,-224.99,13.99,86.01
2025-12-09,December,Q4,2025,Emirates,EK,Star Air,XX,USD,235,69110.0,4146.6,530.0,58002.8,3480.14,607.32,11107.2,666.46,-77.32,16.07,83.93
2025-10-11,October,Q4,2025,Air Canada,AC,Star Air,XX,USD,242,68295.0,4097.7,745.0,57458.52,3447.5,944.06,10836.48,650.2,-199.06,15.87,84.13
2025-10-11,October,Q4,2025,Emirates,EK,Star Air,XX,USD,458,137610.0,8256.6,2960.0,115894.52,6953.65,1943.31,21715.48,1302.95,1016.69,15.78,84.22
2025-10-13,October,Q4,2025,Emirates,EK,Star Air,XX,USD,489,141055.0,8463.3,1275.0,119254.82,7155.27,1643.58,21800.18,1308.03,-368.58,15.46,84.54
2025-10-17,October,Q4,2025,Air Canada,AC,Star Air,XX,USD,245,72835.0,4370.1,660.0,61802.7,3708.1,768.6,11032.31,662.0,-108.6,15.15,84.85
2025-10-11,October,Q4,2025,American Airlines,AA,Star Air,XX,USD,253,312655.0,18759.3,9240.0,266862.34,16011.76,4366.85,45792.66,2747.54,4873.15,14.65,85.35
2025-11-26,November,Q4,2025,Emirates,EK,Star Air,XX,USD,477,140605.0,8436.3,2845.0,119252.32,7155.18,1821.08,21352.68,1281.12,1023.92,15.19,84.81
2025-11-26,November,Q4,2025,British Airways,BA,Star Air,XX,USD,248,119925.0,7195.5,4945.0,101816.48,6109.09,1579.92,18108.52,1086.41,3365.08,15.1,84.9
2025-11-26,November,Q4,2025,Qantas,QF,Star Air,XX,USD,461,449285.0,26957.1,11780.0,378755.7,22725.33,5925.64,70529.3,4231.77,5854.36,15.7,84.3
2025-12-01,December,Q4,2025,Air India,AI,Star Air,XX,USD,258,65430.0,3925.8,480.0,55357.27,3321.4,805.1,10072.73,604.4,-325.1,15.39,84.61
2025-11-26,November,Q4,2025,Air Canada,AC,Star Air,XX,USD,240,77020.0,4621.2,1610.0,65392.55,3923.55,763.66,11627.45,697.65,846.34,15.1,84.9
2025-10-11,October,Q4,2025,Vietnam Airlines,VN,Star Air,XX,USD,1,815.0,48.9,0.0,618.66,37.12,0.0,196.34,11.78,0.0,24.09,75.91
2025-10-13,October,Q4,2025,Air India,AI,Star Air,XX,USD,257,76410.0,4584.6,590.0,64654.85,3879.29,1068.35,11755.15,705.31,-478.35,15.38,84.62
2026-01-07,January,Q1,2026,Thai Airways International,TG,Star Air,XX,USD,227,137930.0,8275.8,1905.0,116125.14,6967.6,1559.44,21804.86,1308.2,345.56,15.81,84.19
2026-01-25,January,Q1,2026,Emirates,EK,Star Air,XX,USD,229,63245.0,3794.7,965.0,53773.85,3226.36,799.93,9471.15,568.34,165.07,14.98,85.02
2026-02-21,February,Q1,2026,Air India,AI,Star Air,XX,USD,252,78515.0,4710.9,1185.0,66600.42,3996.06,992.46,11914.58,714.84,192.54,15.17,84.83
2026-03-27,March,Q1,2026,Air India,AI,Star Air,XX,USD,262,88490.0,5309.4,1450.0,74087.9,4445.28,1223.49,14402.1,864.12,226.51,16.28,83.72
2026-03-15,March,Q1,2026,Qantas,QF,Star Air,XX,USD,729,514290.0,30857.4,9735.0,438015.94,26281.05,8317.2,76274.06,4576.35,1417.8,14.83,85.17
2026-02-21,February,Q1,2026,PIA,PK,Star Air,XX,USD,215,59645.0,3578.7,835.0,50553.82,3033.27,710.31,9091.18,545.43,124.69,15.24,84.76
2026-02-21,February,Q1,2026,Jet Airways,9W,Star Air,XX,USD,248,66640.0,3998.4,740.0,55817.78,3349.03,638.95,10822.22,649.37,101.05,16.24,83.76
2026-01-25,January,Q1,2026,Qantas,QF,Star Air,XX,USD,969,889055.0,53343.3,13140.0,751768.35,45106.08,11039.72,137286.65,8237.22,2100.28,15.44,84.56
2026-03-27,March,Q1,2026,Thai Airways International,TG,Star Air,XX,USD,242,153800.0,9228.0,2435.0,129676.85,7780.59,2079.67,24123.15,1447.41,355.33,15.68,84.32
2026-01-05,January,Q1,2026,Qantas,QF,Star Air,XX,USD,488,413055.0,24783.3,6940.0,343260.94,20595.66,5733.9,69794.06,4187.64,1206.1,16.9,83.1
2026-01-03,January,Q1,2026,British Airways,BA,Star Air,XX,USD,235,104360.0,6261.6,1635.0,87930.36,5275.79,1353.64,16429.64,985.81,281.36,15.74,84.26
2026-01-07,January,Q1,2026,British Airways,BA,Star Air,XX,USD,251,111565.0,6693.9,1430.0,95243.73,5714.56,1205.16,16321.27,979.34,224.84,14.63,85.37
2026-01-10,January,Q1,2026,British Airways,BA,Star Air,XX,USD,245,108325.0,6499.5,1670.0,91126.52,5467.53,1435.65,17198.48,1031.97,234.35,15.88,84.12
2026-01-25,January,Q1,2026,American Airlines,AA,Star Air,XX,USD,237,269645.0,16178.7,3605.0,229833.11,13789.97,3170.42,39811.89,2388.73,434.58,14.76,85.24
2026-01-07,January,Q1,2026,Air India,AI,Star Air,XX,USD,235,76795.0,4607.7,1055.0,64849.64,3891.0,872.87,11945.36,716.7,182.13,15.55,84.45
2026-02-11,February,Q1,2026,Air India,AI,Star Air,XX,USD,224,66775.0,4006.5,1155.0,56985.14,3419.15,998.31,9789.86,587.35,156.69,14.66,85.34
2026-02-21,February,Q1,2026,British Airways,BA,Star Air,XX,USD,236,113165.0,6789.9,1890.0,95023.53,5701.33,1636.28,18141.47,1088.57,253.72,16.03,83.97
2026-02-11,February,Q1,2026,Qantas,QF,Star Air,XX,USD,235,315560.0,18933.6,4395.0,268643.14,16118.64,3631.4,46916.86,2814.96,763.6,14.87,85.13
2026-03-27,March,Q1,2026,British Airways,BA,Star Air,XX,USD,240,124930.0,7495.8,2640.0,106931.56,6415.8,2339.63,17998.44,1080.0,300.37,14.41,85.59
2026-02-21,February,Q1,2026,American Airlines,AA,Star Air,XX,USD,465,453930.0,27235.8,6425.0,383975.62,23038.56,5437.08,69954.38,4197.24,987.92,15.41,84.59
2026-03-27,March,Q1,2026,Jet Airways,9W,Star Air,XX,USD,246,77620.0,4657.2,1085.0,66733.84,4004.04,951.87,10886.16,653.16,133.13,14.02,85.98
2026-01-10,January,Q1,2026,PIA,PK,Star Air,XX,USD,238,66685.0,4001.1,1070.0,56620.48,3397.23,928.84,10064.52,603.87,141.16,15.09,84.91
2026-03-27,March,Q1,2026,American Airlines,AA,Star Air,XX,USD,256,286635.0,17198.1,4365.0,239352.09,14361.16,3707.16,47282.92,2836.94,657.84,16.5,83.5
2026-01-10,January,Q1,2026,JetBlue,B6,Star Air,XX,USD,223,289880.0,17392.8,3640.0,245838.24,14750.26,3158.06,44041.76,2642.54,481.94,15.19,84.81
2026-03-15,March,Q1,2026,Air Mauritius,MK,Star Air,XX,USD,249,166330.0,9979.8,2360.0,139035.12,8342.06,1952.9,27294.88,1637.74,407.1,16.41,83.59
2026-01-10,January,Q1,2026,Air Mauritius,MK,Star Air,XX,USD,231,140365.0,8421.9,2100.0,119589.21,7175.46,1817.05,20775.79,1246.44,282.95,14.8,85.2
2026-02-21,February,Q1,2026,Air Mauritius,MK,Star Air,XX,USD,238,145605.0,8736.3,2720.0,123604.19,7416.21,2328.96,22000.81,1320.09,391.04,15.11,84.89
2026-02-21,February,Q1,2026,Qantas,QF,Star Air,XX,USD,481,481310.0,28878.6,6085.0,410285.33,24617.11,5017.16,71024.67,4261.49,1067.84,14.76,85.24
2026-01-10,January,Q1,2026,Qantas,QF,Star Air,XX,USD,245,186625.0,11197.5,2175.0,158937.77,9536.23,1811.67,27687.23,1661.27,363.33,14.84,85.16
2026-03-15,March,Q1,2026,Emirates,EK,Star Air,XX,USD,249,69850.0,4191.0,1075.0,58702.95,3522.11,894.7,11147.05,668.89,180.3,15.96,84.04
2026-01-03,January,Q1,2026,Air Canada,AC,Star Air,XX,USD,248,66725.0,4003.5,950.0,56648.3,3398.9,809.65,10076.7,604.6,140.35,15.1,84.9
2026-01-03,January,Q1,2026,Emirates,EK,Star Air,XX,USD,475,130820.0,7849.2,1935.0,110534.48,6632.01,1607.12,20285.52,1217.19,327.88,15.51,84.49
2026-01-03,January,Q1,2026,American Airlines,AA,Star Air,XX,USD,264,260700.0,15642.0,3600.0,222046.7,13322.77,3076.65,38653.3,2319.23,523.35,14.83,85.17
2026-01-05,January,Q1,2026,Emirates,EK,Star Air,XX,USD,482,137240.0,8234.4,2275.0,117327.93,7039.6,1887.54,19912.07,1194.8,387.46,14.51,85.49
2026-02-21,February,Q1,2026,Air Canada,AC,Star Air,XX,USD,210,56075.0,3364.5,695.0,47706.52,2862.33,608.84,8368.48,502.17,86.16,14.92,85.08
2026-01-07,January,Q1,2026,Qantas,QF,Star Air,XX,USD,262,314910.0,18894.6,4035.0,263800.71,15827.99,3409.86,51109.29,3066.61,625.14,16.23,83.77
2026-01-10,January,Q1,2026,American Airlines,AA,Star Air,XX,USD,253,286065.0,17163.9,2750.0,243341.3,14600.48,2347.16,42723.7,2563.42,402.84,14.93,85.07
2026-02-11,February,Q1,2026,American Airlines,AA,Star Air,XX,USD,244,258805.0,15528.3,2985.0,219265.04,13155.91,2477.69,39539.96,2372.39,507.31,15.28,84.72
2026-01-07,January,Q1,2026,Emirates,EK,Star Air,XX,USD,229,64140.0,3848.4,1415.0,54699.99,3282.0,1196.25,9440.01,566.4,218.75,14.72,85.28
2026-01-25,January,Q1,2026,Air Canada,AC,Star Air,XX,USD,248,68875.0,4132.5,1015.0,58082.55,3484.96,866.04,10792.45,647.54,148.96,15.67,84.33
2026-01-10,January,Q1,2026,Air Canada,AC,Star Air,XX,USD,212,61535.0,3692.1,785.0,51174.08,3070.45,638.92,10360.92,621.65,146.08,16.84,83.16
2026-03-27,March,Q1,2026,Air Canada,AC,Star Air,XX,USD,488,143355.0,8601.3,2060.0,121847.08,7310.74,1784.88,21507.92,1290.56,275.12,15.0,85.0
2026-03-27,March,Q1,2026,Emirates,EK,Star Air,XX,USD,734,223830.0,13429.8,2880.0,189326.99,11359.64,2432.82,34503.01,2070.16,447.18,15.41,84.59
2026-01-03,January,Q1,2026,SIA,SQ,Star Air,XX,USD,261,118010.0,7080.6,1765.0,101134.03,6067.88,1478.34,16875.97,1012.72,286.66,14.3,85.7
2026-01-07,January,Q1,2026,PIA,PK,Star Air,XX,USD,251,67455.0,4047.3,1150.0,56803.38,3408.22,945.81,10651.62,639.08,204.19,15.79,84.21
2026-01-25,January,Q1,2026,British Airways,BA,Star Air,XX,USD,251,117925.0,7075.5,2045.0,99560.29,5973.56,1770.67,18364.71,1101.94,274.33,15.57,84.43
2026-01-10,January,Q1,2026,SIA,SQ,Star Air,XX,USD,262,106215.0,6372.9,1530.0,89816.53,5388.93,1303.17,16398.47,983.97,226.83,15.44,84.56
2026-01-10,January,Q1,2026,Emirates,EK,Star Air,XX,USD,235,65570.0,3934.2,485.0,55590.78,3335.54,419.3,9979.22,598.66,65.7,15.22,84.78
2026-01-05,January,Q1,2026,Air India,AI,Star Air,XX,USD,241,68560.0,4113.6,760.0,58195.62,3491.65,665.23,10364.38,621.95,94.77,15.12,84.88
2026-02-11,February,Q1,2026,Air Canada,AC,Star Air,XX,USD,476,141770.0,8506.2,2390.0,120551.09,7233.03,2060.53,21218.91,1273.17,329.47,14.97,85.03
2026-02-11,February,Q1,2026,Emirates,EK,Star Air,XX,USD,233,65530.0,3931.8,900.0,55531.22,3331.93,794.28,9998.78,599.87,105.72,15.26,84.74
2026-03-15,March,Q1,2026,Air India,AI,Star Air,XX,USD,249,66920.0,4015.2,890.0,56518.43,3391.12,778.3,10401.57,624.08,111.7,15.54,84.46
2026-02-21,February,Q1,2026,SIA,SQ,Star Air,XX,USD,266,120160.0,7209.6,2485.0,102192.65,6131.44,2057.17,17967.35,1078.16,427.83,14.95,85.05
2026-01-07,January,Q1,2026,Air Canada,AC,Star Air,XX,USD,231,61410.0,3684.6,925.0,51730.18,3103.77,780.81,9679.82,580.83,144.19,15.76,84.24
2026-02-21,February,Q1,2026,Emirates,EK,Star Air,XX,USD,264,76215.0,4572.9,1150.0,64980.43,3898.85,1019.82,11234.57,674.05,130.18,14.74,85.26
2025-03-05,March,Q1,2025,American Airlines,AA,Star Air,XX,USD,505,522750.0,31365.0,8280.0,442669.07,26560.22,6998.7,80080.93,4804.78,1281.3,15.32,84.68
2025-02-13,February,Q1,2025,Qantas,QF,Star Air,XX,USD,495,315165.0,18909.9,4665.0,266591.42,15995.34,3914.06,48573.58,2914.56,750.94,15.41,84.59
2025-03-24,March,Q1,2025,Qantas,QF,Star Air,XX,USD,753,540345.0,32420.7,6965.0,457739.37,27464.52,5949.62,82605.63,4956.18,1015.38,15.29,84.71
2025-02-13,February,Q1,2025,Thai Airways International,TG,Star Air,XX,USD,257,168720.0,10123.2,2860.0,142061.83,8523.75,2404.71,26658.17,1599.45,455.29,15.8,84.2
2025-01-20,January,Q1,2025,Qantas,QF,Star Air,XX,USD,773,591115.0,35466.9,9340.0,500044.98,30002.64,8012.06,91070.02,5464.26,1327.94,15.41,84.59
2025-02-23,February,Q1,2025,Qantas,QF,Star Air,XX,USD,1003,962755.0,57765.3,14495.0,814021.98,48841.33,12333.87,148733.02,8923.97,2161.13,15.45,84.55
2025-03-05,March,Q1,2025,Qantas,QF,Star Air,XX,USD,749,734065.0,44043.9,9570.0,619901.5,37194.0,8112.92,114163.5,6849.9,1457.08,15.55,84.45
2025-02-23,February,Q1,2025,PIA,PK,Star Air,XX,USD,222,57700.0,3462.0,885.0,49364.01,2961.85,744.49,8335.99,500.15,140.51,14.45,85.55
2025-02-23,February,Q1,2025,Thai Airways International,TG,Star Air,XX,USD,252,151945.0,9116.7,2120.0,130832.74,7849.94,1757.09,21112.26,1266.76,362.91,13.89,86.11
2025-03-05,March,Q1,2025,Emirates,EK,Star Air,XX,USD,261,76955.0,4617.3,1140.0,65301.82,3917.96,948.9,11653.18,699.34,191.1,15.14,84.86
2025-01-20,January,Q1,2025,Emirates,EK,Star Air,XX,USD,511,145095.0,8705.7,2925.0,123198.41,7391.83,2458.91,21896.59,1313.87,466.09,15.09,84.91
2025-02-23,February,Q1,2025,British Airways,BA,Star Air,XX,USD,259,135260.0,8115.6,1545.0,114018.26,6841.0,1312.99,21241.74,1274.6,232.01,15.7,84.3
2025-01-20,January,Q1,2025,Air Mauritius,MK,Star Air,XX,USD,260,161520.0,9691.2,3305.0,137821.3,8269.29,2778.77,23698.7,1421.91,526.23,14.67,85.33
2025-02-23,February,Q1,2025,Air Canada,AC,Star Air,XX,USD,246,73130.0,4387.8,750.0,61528.79,3691.79,631.33,11601.21,696.01,118.67,15.86,84.14
2025-02-23,February,Q1,2025,Emirates,EK,Star Air,XX,USD,508,140395.0,8423.7,2400.0,119017.93,7140.99,2008.65,21377.07,1282.71,391.35,15.23,84.77
2025-02-13,February,Q1,2025,Air Mauritius,MK,Star Air,XX,USD,260,153515.0,9210.9,1910.0,129225.28,7753.58,1605.55,24289.72,1457.32,304.45,15.82,84.18
2025-02-23,February,Q1,2025,American Airlines,AA,Star Air,XX,USD,258,255560.0,15333.6,3605.0,217393.31,13043.63,3003.34,38166.69,2289.97,601.66,14.93,85.07
2025-02-13,February,Q1,2025,Emirates,EK,Star Air,XX,USD,490,136825.0,8209.5,2140.0,115899.2,6953.98,1844.13,20925.8,1255.52,295.87,15.29,84.71
2025-06-01,June,Q2,2025,Qantas,QF,Star Air,XX,USD,1216,1251535.0,75092.1,13490.0,1059289.51,63557.44,11524.09,192245.49,11534.66,1965.91,15.36,84.64
2025-06-15,June,Q2,2025,Air India,AI,Star Air,XX,USD,216,79130.0,4747.8,1590.0,68227.26,4093.67,1352.11,10902.74,654.13,237.89,13.78,86.22
2025-05-13,May,Q2,2025,Air New Zealand,NZ,Star Air,XX,USD,245,195680.0,11740.8,2990.0,163883.75,9833.07,2512.05,31796.25,1907.73,477.95,16.25,83.75
2025-03-05,March,Q1,2025,Air Canada,AC,Star Air,XX,USD,521,150345.0,9020.7,2015.0,127111.39,7626.69,1701.66,23233.61,1394.01,313.34,15.45,84.55
2025-06-01,June,Q2,2025,Air France,AF,Star Air,XX,USD,237,245025.0,14701.5,3280.0,209881.48,12592.87,2787.99,35143.52,2108.63,492.01,14.34,85.66
2025-06-15,June,Q2,2025,Air France,AF,Star Air,XX,USD,232,244075.0,14644.5,3185.0,204843.34,12290.63,2597.45,39231.66,2353.87,587.55,16.07,83.93
2025-05-13,May,Q2,2025,Qantas,QF,Star Air,XX,USD,244,148395.0,8903.7,2290.0,125348.23,7520.93,1932.77,23046.77,1382.77,357.23,15.53,84.47
2025-06-01,June,Q2,2025,Thai Airways International,TG,Star Air,XX,USD,247,188820.0,11329.2,3330.0,160940.32,9656.49,2809.94,27879.68,1672.71,520.06,14.77,85.23
2025-04-28,April,Q2,2025,Qantas,QF,Star Air,XX,USD,454,224855.0,13491.3,3240.0,190138.25,11408.26,2753.48,34716.75,2083.04,486.52,15.44,84.56
2025-04-28,April,Q2,2025,Siberia Airlines,S7,Star Air,XX,USD,1,1070.0,64.2,0.0,847.69,50.86,0.0,222.31,13.34,0.0,20.78,79.22
2025-06-15,June,Q2,2025,Thai Airways International,TG,Star Air,XX,USD,248,170205.0,10212.3,2425.0,144051.77,8643.03,2017.33,26153.23,1569.27,407.67,15.37,84.63
2025-06-01,June,Q2,2025,Blue Panorama,BV,Star Air,XX,USD,217,66120.0,3967.2,1350.0,56006.27,3360.3,1115.85,10113.73,606.9,234.15,15.3,84.7
2025-04-28,April,Q2,2025,Jet Airways,9W,Star Air,XX,USD,239,70560.0,4233.6,1070.0,59705.63,3582.45,922.06,10854.37,651.15,147.94,15.38,84.62
2025-06-01,June,Q2,2025,PIA,PK,Star Air,XX,USD,194,62580.0,3754.8,825.0,52446.7,3146.76,695.77,10133.3,608.04,129.23,16.19,83.81
2025-06-01,June,Q2,2025,American Airlines,AA,Star Air,XX,USD,231,292050.0,17523.0,4270.0,250192.25,15011.5,3678.06,41857.75,2511.5,591.94,14.33,85.67
2025-06-15,June,Q2,2025,Blue Panorama,BV,Star Air,XX,USD,226,75090.0,4505.4,1015.0,63011.86,3780.77,858.16,12078.14,724.63,156.84,16.08,83.92
2025-04-28,April,Q2,2025,Air Mauritius,MK,Star Air,XX,USD,239,168730.0,10123.8,2040.0,142726.78,8563.55,1742.91,26003.22,1560.25,297.09,15.41,84.59
2025-06-15,June,Q2,2025,Qantas,QF,Star Air,XX,USD,964,1062825.0,63769.5,15315.0,896314.45,53778.85,12880.02,166510.55,9990.65,2434.98,15.67,84.33
2025-05-13,May,Q2,2025,Emirates,EK,Star Air,XX,USD,248,87525.0,5251.5,1620.0,74308.95,4458.48,1411.69,13216.06,793.02,208.31,15.1,84.9
2025-06-15,June,Q2,2025,British Airways,BA,Star Air,XX,USD,253,154970.0,9298.2,1970.0,129882.6,7292.35,1681.71,25087.4,2005.85,288.29,16.19,83.81
2025-06-01,June,Q2,2025,Emirates,EK,Star Air,XX,USD,470,152880.0,9172.8,1815.0,129378.1,7762.65,1528.3,23501.9,1410.15,286.7,15.37,84.63
2025-06-01,June,Q2,2025,Air Canada,AC,Star Air,XX,USD,244,78345.0,4700.7,925.0,65745.55,3944.67,769.24,12599.45,756.03,155.76,16.08,83.92
2025-06-15,June,Q2,2025,Emirates,EK,Star Air,XX,USD,236,73465.0,4407.9,1010.0,62250.17,3734.98,845.18,11214.83,672.92,164.82,15.27,84.73
2025-06-15,June,Q2,2025,JetBlue,B6,Star Air,XX,USD,230,348620.0,20917.2,7065.0,296067.79,17764.02,6085.5,52552.21,3153.18,979.5,15.07,84.93
2025-05-13,May,Q2,2025,SIA,SQ,Star Air,XX,USD,244,101715.0,6102.9,1350.0,85889.58,4574.04,1127.59,15825.42,1528.86,222.41,15.56,84.44
2025-04-28,April,Q2,2025,Air India,AI,Star Air,XX,USD,256,84725.0,5083.5,1395.0,71746.53,4039.06,1143.07,12978.47,1044.44,251.93,15.32,84.68
2025-05-13,May,Q2,2025,Air Mauritius,MK,Star Air,XX,USD,201,121605.0,7296.3,1535.0,101995.88,6296.9,1305.62,19609.12,999.4,229.38,16.13,83.87
2025-08-09,August,Q3,2025,Air India,AI,Star Air,XX,USD,267,92835.0,5570.1,1550.0,78999.38,4739.92,1326.66,13835.62,830.18,223.34,14.9,85.1
2025-05-13,May,Q2,2025,Air Canada,AC,Star Air,XX,USD,238,84945.0,5096.7,1285.0,71151.39,4269.06,1098.07,13793.61,827.64,186.93,16.24,83.76
2025-08-09,August,Q3,2025,Thai Airways International,TG,Star Air,XX,USD,243,185820.0,11149.2,3255.0,155988.58,9359.31,2708.95,29831.42,1789.89,546.05,16.05,83.95
2025-08-09,August,Q3,2025,Jet Airways,9W,Star Air,XX,USD,247,76620.0,4597.2,1040.0,64561.99,3873.7,867.15,12058.01,723.5,172.85,15.74,84.26
2025-08-09,August,Q3,2025,PIA,PK,Star Air,XX,USD,250,76750.0,4605.0,1575.0,65085.45,3905.08,1287.97,11664.56,699.92,287.03,15.2,84.8
2025-08-09,August,Q3,2025,American Airlines,AA,Star Air,XX,USD,508,588750.0,35325.0,8135.0,497969.5,29878.26,6903.74,90780.5,5446.74,1231.26,15.42,84.58
2025-08-09,August,Q3,2025,Qantas,QF,Star Air,XX,USD,247,193195.0,11591.7,2735.0,163334.46,9800.0,2334.17,29860.54,1791.7,400.83,15.46,84.54
2025-12-25,December,Q4,2025,Qantas,QF,Star Air,XX,USD,476,307405.0,18444.3,6205.0,259994.09,15599.66,4362.08,47410.91,2844.64,1842.92,15.42,84.58
2025-12-25,December,Q4,2025,Thai Airways International,TG,Star Air,XX,USD,245,150045.0,9002.7,2305.0,127042.21,7622.63,2534.61,23002.79,1380.07,-229.61,15.33,84.67
2025-08-09,August,Q3,2025,SIA,SQ,Star Air,XX,USD,258,122400.0,7344.0,1590.0,103226.83,6193.6,1373.22,19173.17,1150.4,216.78,15.66,84.34
2025-01-02,January,Q1,2025,Qantas,QF,Star Air,XX,USD,765,689875.0,41392.5,10600.0,582945.51,34976.65,8914.49,106929.49,6415.85,1685.51,15.5,84.5
2025-01-06,January,Q1,2025,Qantas,QF,Star Air,XX,USD,259,138500.0,8310.0,1915.0,115948.47,6956.93,1574.27,22551.53,1353.07,340.73,16.28,83.72
2025-01-19,January,Q1,2025,Air France,AF,Star Air,XX,USD,248,198575.0,11914.5,3165.0,166739.36,10004.43,2673.6,31835.64,1910.07,491.4,16.03,83.97
2025-01-02,January,Q1,2025,JetBlue,B6,Star Air,XX,USD,248,302335.0,18140.1,5230.0,256164.21,15369.86,4472.97,46170.79,2770.24,757.03,15.27,84.73
2025-02-27,February,Q1,2025,JetBlue,B6,Star Air,XX,USD,258,320300.0,19218.0,5200.0,271231.37,16273.95,4411.03,49068.63,2944.05,788.97,15.32,84.68
2025-02-27,February,Q1,2025,Qantas,QF,Star Air,XX,USD,723,623385.0,37403.1,10040.0,528610.34,31716.5,8490.49,94774.66,5686.6,1549.51,15.2,84.8
2025-02-27,February,Q1,2025,Thai Airways International,TG,Star Air,XX,USD,257,156265.0,9375.9,2785.0,131295.58,7877.75,2339.31,24969.42,1498.15,445.69,15.98,84.02
2025-02-03,February,Q1,2025,Qantas,QF,Star Air,XX,USD,238,74365.0,4461.9,830.0,62114.73,3726.99,711.91,12250.27,734.91,118.09,16.47,83.53
2025-01-19,January,Q1,2025,Thai Airways International,TG,Star Air,XX,USD,257,150820.0,9049.2,2135.0,129058.0,7743.43,1844.29,21762.0,1305.77,290.71,14.43,85.57
2025-01-02,January,Q1,2025,Air India,AI,Star Air,XX,USD,258,67670.0,4060.2,1195.0,57270.08,3436.26,1008.95,10399.92,623.94,186.05,15.37,84.63
2025-02-03,February,Q1,2025,Emirates,EK,Star Air,XX,USD,260,70445.0,4226.7,845.0,59488.08,3569.27,705.82,10956.92,657.43,139.18,15.55,84.45
2025-02-27,February,Q1,2025,PIA,PK,Star Air,XX,USD,235,65805.0,3948.3,1025.0,55463.04,3327.78,854.17,10341.96,620.52,170.83,15.72,84.28
2025-01-19,January,Q1,2025,Air Canada,AC,Star Air,XX,USD,250,71710.0,4302.6,1315.0,60594.09,3635.56,1108.52,11115.91,667.04,206.48,15.5,84.5
2025-01-19,January,Q1,2025,Emirates,EK,Star Air,XX,USD,500,139790.0,8387.4,1900.0,119097.62,7145.75,1616.49,20692.38,1241.65,283.51,14.8,85.2
2025-01-06,January,Q1,2025,Emirates,EK,Star Air,XX,USD,516,142895.0,8573.7,2280.0,121230.73,7273.74,1930.01,21664.27,1299.96,349.99,15.16,84.84
2025-01-06,January,Q1,2025,Air Mauritius,MK,Star Air,XX,USD,253,160640.0,9638.4,1835.0,135724.72,8143.5,1585.35,24915.28,1494.9,249.65,15.51,84.49
2025-01-15,January,Q1,2025,British Airways,BA,Star Air,XX,USD,259,122235.0,7334.1,2705.0,103832.09,6229.86,2275.36,18402.91,1104.24,429.64,15.06,84.94
2025-01-19,January,Q1,2025,British Airways,BA,Star Air,XX,USD,261,123180.0,7390.8,1425.0,103215.44,6192.92,1224.03,19964.56,1197.88,200.97,16.21,83.79
2025-01-02,January,Q1,2025,Blue Panorama,BV,Star Air,XX,USD,262,69205.0,4152.3,935.0,57891.44,3473.54,786.2,11313.56,678.76,148.8,16.35,83.65
2025-01-02,January,Q1,2025,Air Mauritius,MK,Star Air,XX,USD,270,166460.0,9987.6,3065.0,141141.12,8468.5,2533.17,25318.88,1519.1,531.83,15.21,84.79
2025-02-03,February,Q1,2025,Air India,AI,Star Air,XX,USD,262,70750.0,4245.0,1050.0,59403.84,3564.19,891.73,11346.16,680.81,158.27,16.04,83.96
2025-01-19,January,Q1,2025,JetBlue,B6,Star Air,XX,USD,239,295995.0,17759.7,4370.0,252869.56,15172.16,3660.94,43125.44,2587.54,709.06,14.57,85.43
2025-01-02,January,Q1,2025,PIA,PK,Star Air,XX,USD,265,79215.0,4752.9,1285.0,66455.31,3987.29,1115.01,12759.69,765.61,169.99,16.11,83.89
2025-02-27,February,Q1,2025,Blue Panorama,BV,Star Air,XX,USD,254,64770.0,3886.2,640.0,55348.12,3320.83,550.33,9421.88,565.37,89.67,14.55,85.45
2025-01-15,January,Q1,2025,PIA,PK,Star Air,XX,USD,257,73280.0,4396.8,1210.0,62639.46,3758.37,1059.27,10640.54,638.43,150.73,14.52,85.48
2025-01-15,January,Q1,2025,American Airlines,AA,Star Air,XX,USD,272,292180.0,17530.8,6195.0,251769.45,15106.11,5405.54,40410.55,2424.69,789.46,13.83,86.17
2025-02-27,February,Q1,2025,American Airlines,AA,Star Air,XX,USD,257,285565.0,17133.9,3905.0,239979.41,14398.82,3311.89,45585.59,2735.08,593.11,15.96,84.04
2025-01-19,January,Q1,2025,Qantas,QF,Star Air,XX,USD,753,555895.0,33353.7,9155.0,468379.29,28102.77,7736.44,87515.71,5250.93,1418.56,15.74,84.26
2025-06-20,June,Q2,2025,Jet Airways,9W,Star Air,XX,USD,246,77735.0,4664.1,1100.0,65765.82,3945.92,927.52,11969.19,718.18,172.48,15.4,84.6
2025-02-27,February,Q1,2025,Emirates,EK,Star Air,XX,USD,485,144400.0,8664.0,1795.0,122927.53,7375.62,1554.73,21472.47,1288.38,240.27,14.87,85.13
2025-02-27,February,Q1,2025,Air Canada,AC,Star Air,XX,USD,255,75215.0,4512.9,1150.0,63163.9,3789.85,936.74,12051.1,723.05,213.26,16.02,83.98
2025-01-02,January,Q1,2025,Air Canada,AC,Star Air,XX,USD,265,73965.0,4437.9,1410.0,63214.23,3792.84,1182.08,10750.77,645.06,227.92,14.53,85.47
2025-01-02,January,Q1,2025,Emirates,EK,Star Air,XX,USD,509,153755.0,9225.3,2625.0,130655.95,7839.28,2193.11,23099.05,1386.02,431.89,15.02,84.98
2025-06-29,June,Q2,2025,Thai Airways International,TG,Star Air,XX,USD,237,158080.0,9484.8,2105.0,132738.6,7964.33,1786.04,25341.4,1520.47,318.96,16.03,83.97
2025-01-15,January,Q1,2025,Air Canada,AC,Star Air,XX,USD,507,151000.0,9060.0,2190.0,126324.7,7579.47,1823.09,24675.3,1480.53,366.91,16.34,83.66
2025-06-29,June,Q2,2025,Qantas,QF,Star Air,XX,USD,731,574220.0,34453.2,8660.0,484494.45,29069.69,7291.53,89725.55,5383.51,1368.47,15.63,84.37
2025-04-06,April,Q2,2025,Qantas,QF,Star Air,XX,USD,979,764210.0,45852.6,12310.0,647651.03,38859.18,10403.2,116558.97,6993.42,1906.8,15.25,84.75
2025-04-06,April,Q2,2025,Air France,AF,Star Air,XX,USD,259,248975.0,14938.5,4865.0,211582.87,12694.97,4198.35,37392.13,2243.53,666.65,15.02,84.98
2025-04-09,April,Q2,2025,Qantas,QF,Star Air,XX,USD,494,359475.0,21568.5,5975.0,302361.55,18141.56,5023.83,57113.47,3426.94,951.17,15.89,84.11
2025-06-10,June,Q2,2025,Qantas,QF,Star Air,XX,USD,744,514045.0,30842.7,9035.0,435079.29,26104.76,7528.48,78965.71,4737.94,1506.52,15.36,84.64
2025-06-20,June,Q2,2025,Air New Zealand,NZ,Star Air,XX,USD,222,167375.0,10042.5,2570.0,142547.58,8552.86,2179.92,24827.42,1489.64,390.08,14.83,85.17
2025-05-19,May,Q2,2025,Qantas,QF,Star Air,XX,USD,462,241880.0,14512.8,4240.0,206194.7,12371.73,3654.16,35685.3,2141.07,585.84,14.75,85.25
2025-04-02,April,Q2,2025,Thai Airways International,TG,Star Air,XX,USD,254,164295.0,9857.7,2705.0,138694.74,8321.76,2282.3,25600.26,1535.94,422.7,15.58,84.42
2025-06-20,June,Q2,2025,Qantas,QF,Star Air,XX,USD,472,340095.0,20405.7,5765.0,287411.73,17244.8,4774.58,52683.27,3160.9,990.42,15.49,84.51
2025-04-09,April,Q2,2025,Thai Airways International,TG,Star Air,XX,USD,236,160580.0,9634.8,2795.0,135149.6,8108.98,2395.14,25430.4,1525.82,399.86,15.84,84.16
2025-06-20,June,Q2,2025,Thai Airways International,TG,Star Air,XX,USD,249,175835.0,10550.1,3640.0,148806.57,8928.35,3060.06,27028.43,1621.75,579.94,15.37,84.63
2025-04-09,April,Q2,2025,Air India,AI,Star Air,XX,USD,229,74865.0,4491.9,1115.0,63565.97,3813.98,949.05,11299.03,677.92,165.95,15.09,84.91
2025-06-10,June,Q2,2025,Jet Airways,9W,Star Air,XX,USD,231,70965.0,4257.9,910.0,60568.49,3634.06,764.81,10396.51,623.84,145.19,14.65,85.35
2025-04-06,April,Q2,2025,American Airlines,AA,Star Air,XX,USD,479,599820.0,35989.2,7920.0,509176.16,30550.5,6843.06,90643.84,5438.7,1076.94,15.11,84.89
2025-05-19,May,Q2,2025,Emirates,EK,Star Air,XX,USD,243,85150.0,5109.0,1470.0,71767.96,4306.08,1241.65,13382.04,802.92,228.35,15.72,84.28
2025-06-20,June,Q2,2025,Air Canada,AC,Star Air,XX,USD,243,78910.0,4734.6,1235.0,67172.97,4030.39,1045.66,11737.03,704.21,189.34,14.87,85.13
2025-06-20,June,Q2,2025,PIA,PK,Star Air,XX,USD,247,79665.0,4779.9,1360.0,67487.87,4049.26,1154.34,12177.13,730.64,205.66,15.29,84.71
2025-06-23,June,Q2,2025,Air Mauritius,MK,Star Air,XX,USD,248,167720.0,10063.2,1975.0,141843.14,8510.68,1662.3,25876.87,1552.52,312.7,15.43,84.57
2025-04-06,April,Q2,2025,Emirates,EK,Star Air,XX,USD,251,76040.0,4562.4,1270.0,64029.24,3841.7,1067.07,12010.76,720.7,202.93,15.8,84.2
2025-06-29,June,Q2,2025,PIA,PK,Star Air,XX,USD,229,77790.0,4667.4,1080.0,65587.93,3935.3,918.98,12202.07,732.1,161.02,15.69,84.31
2025-04-02,April,Q2,2025,British Airways,BA,Star Air,XX,USD,226,114510.0,6870.6,1735.0,96929.17,5815.7,1482.88,17580.83,1054.9,252.12,15.35,84.65
2025-04-09,April,Q2,2025,British Airways,BA,Star Air,XX,USD,448,240155.0,14409.3,3215.0,202978.08,11809.41,2723.77,37176.92,2599.89,491.23,15.48,84.52
2025-06-23,June,Q2,2025,Qantas,QF,Star Air,XX,USD,248,338340.0,20300.4,6325.0,286668.44,17200.05,5371.34,51671.56,3100.35,953.66,15.27,84.73
2025-06-29,June,Q2,2025,American Airlines,AA,Star Air,XX,USD,244,286280.0,17176.8,5025.0,241926.1,14515.46,4267.05,44353.9,2661.34,757.95,15.49,84.51
2025-04-02,April,Q2,2025,American Airlines,AA,Star Air,XX,USD,244,273065.0,16383.9,3315.0,232676.39,13960.61,2906.79,40388.61,2423.29,408.21,14.79,85.21
2025-04-09,April,Q2,2025,American Airlines,AA,Star Air,XX,USD,257,310270.0,18616.2,4405.0,262114.91,15726.93,3775.54,48155.09,2889.27,629.46,15.52,84.48
2025-04-02,April,Q2,2025,Emirates,EK,Star Air,XX,USD,472,142070.0,8524.2,2130.0,120923.93,7255.39,1762.48,21146.08,1268.81,367.52,14.88,85.12
2025-06-10,June,Q2,2025,SIA,SQ,Star Air,XX,USD,468,221710.0,13302.6,3620.0,188525.32,9965.03,3107.98,33184.68,3337.57,512.02,14.97,85.03
2025-06-29,June,Q2,2025,Emirates,EK,Star Air,XX,USD,476,154080.0,9244.8,1925.0,130296.66,7817.78,1636.76,23783.34,1427.02,288.24,15.44,84.56
2025-06-29,June,Q2,2025,British Airways,BA,Star Air,XX,USD,256,131320.0,7879.2,2720.0,110899.36,6018.09,2329.04,20420.64,1861.11,390.96,15.55,84.45
2025-04-02,April,Q2,2025,PIA,PK,Star Air,XX,USD,252,76365.0,4581.9,1240.0,64975.17,4000.77,1081.66,11389.83,581.13,158.34,14.91,85.09
2025-04-09,April,Q2,2025,PIA,PK,Star Air,XX,USD,245,76270.0,4576.2,1030.0,65343.89,4027.79,881.94,10926.11,548.41,148.06,14.33,85.67
2025-06-10,June,Q2,2025,PIA,PK,Star Air,XX,USD,250,84710.0,5082.6,1040.0,71454.16,4093.99,872.77,13255.84,988.61,167.23,15.65,84.35
2025-06-10,June,Q2,2025,Air Mauritius,MK,Star Air,XX,USD,201,116955.0,7017.3,1130.0,98765.57,6079.69,972.43,18189.43,937.61,157.57,15.55,84.45
2025-04-02,April,Q2,2025,Qantas,QF,Star Air,XX,USD,250,190730.0,11443.8,1980.0,160521.39,9631.28,1637.33,30208.61,1812.52,342.67,15.84,84.16
2025-04-02,April,Q2,2025,Air Canada,AC,Star Air,XX,USD,237,71205.0,4272.3,935.0,59606.88,3576.38,799.81,11598.12,695.92,135.19,16.29,83.71
2025-07-04,July,Q3,2025,Qantas,QF,Star Air,XX,USD,756,461545.0,27692.7,6500.0,394600.15,23675.99,5646.19,66944.85,4016.71,853.81,14.5,85.5
2025-06-20,June,Q2,2025,Emirates,EK,Star Air,XX,USD,233,77975.0,4678.5,805.0,66319.76,3979.19,686.23,11655.24,699.31,118.77,14.95,85.05
2025-09-17,September,Q3,2025,Thai Airways International,TG,Star Air,XX,USD,236,155125.0,9307.5,2640.0,133548.32,8012.84,2257.14,21576.68,1294.66,382.86,13.91,86.09
2025-04-09,April,Q2,2025,Air Canada,AC,Star Air,XX,USD,487,157815.0,9468.9,2240.0,134722.78,8083.46,1944.93,23092.22,1385.44,295.07,14.63,85.37
2025-09-17,September,Q3,2025,Qantas,QF,Star Air,XX,USD,245,153305.0,9198.3,2545.0,129281.78,7756.93,2135.01,24023.22,1441.37,409.99,15.67,84.33
2025-09-24,September,Q3,2025,Thai Airways International,TG,Star Air,XX,USD,249,156010.0,9360.6,2550.0,131976.52,7918.61,2158.34,24033.48,1441.99,391.66,15.41,84.59
2025-09-24,September,Q3,2025,Qantas,QF,Star Air,XX,USD,756,692865.0,41571.9,10480.0,588704.97,35322.33,9027.95,104160.03,6249.57,1452.05,15.03,84.97
2025-07-04,July,Q3,2025,Thai Airways International,TG,Star Air,XX,USD,245,177725.0,10663.5,2460.0,150045.16,9002.78,2040.12,27679.84,1660.72,419.88,15.57,84.43
2025-09-20,September,Q3,2025,Jet Airways,9W,Star Air,XX,USD,254,73830.0,4429.8,1225.0,63136.57,3788.22,1037.92,10693.43,641.58,187.08,14.48,85.52
2025-09-20,September,Q3,2025,PIA,PK,Star Air,XX,USD,226,73200.0,4392.0,925.0,61540.91,3692.45,769.05,11659.1,699.55,155.95,15.93,84.07
2025-09-24,September,Q3,2025,Air India,AI,Star Air,XX,USD,230,76245.0,4574.7,1255.0,64114.84,3846.94,1058.96,12130.16,727.76,196.04,15.91,84.09
2025-09-24,September,Q3,2025,American Airlines,AA,Star Air,XX,USD,254,296950.0,17817.0,4070.0,252542.83,15152.53,3493.25,44407.17,2664.47,576.75,14.95,85.05
2025-09-20,September,Q3,2025,American Airlines,AA,Star Air,XX,USD,252,267090.0,16025.4,4245.0,227612.49,13656.86,3705.81,39477.51,2368.54,539.19,14.78,85.22
2025-09-20,September,Q3,2025,Qantas,QF,Star Air,XX,USD,465,469385.0,28163.1,8485.0,394268.66,23656.07,7070.24,75116.34,4507.03,1414.76,16.0,84.0
2025-09-20,September,Q3,2025,Air Mauritius,MK,Star Air,XX,USD,243,161835.0,9710.1,1900.0,137403.58,8244.16,1595.13,24431.42,1465.94,304.87,15.1,84.9
2025-07-04,July,Q3,2025,Air Canada,AC,Star Air,XX,USD,256,85170.0,5110.2,1515.0,71336.95,4280.18,1224.06,13833.05,830.02,290.94,16.24,83.76
2025-09-20,September,Q3,2025,Air Canada,AC,Star Air,XX,USD,233,71175.0,4270.5,935.0,59897.4,3593.8,781.93,11277.6,676.7,153.07,15.84,84.16
2025-09-17,September,Q3,2025,Malaysia Airlines,MH,Star Air,XX,USD,1,370.0,22.2,0.0,372.19,22.33,0.0,-2.19,-0.13,0.0,-0.59,100.59
2025-09-24,September,Q3,2025,Emirates,EK,Star Air,XX,USD,248,78350.0,4701.0,1275.0,65945.92,3956.77,1124.72,12404.08,744.23,150.28,15.83,84.17
2025-09-17,September,Q3,2025,PIA,PK,Star Air,XX,USD,256,81690.0,4901.4,1105.0,68273.77,4096.37,932.34,13416.23,805.03,172.66,16.42,83.58
2025-09-24,September,Q3,2025,PIA,PK,Star Air,XX,USD,259,80170.0,4810.2,1220.0,67883.28,4073.06,1047.22,12286.72,737.14,172.78,15.33,84.67
2025-09-17,September,Q3,2025,American Airlines,AA,Star Air,XX,USD,524,573190.0,34391.4,9185.0,487973.48,29278.38,7697.89,85216.52,5113.02,1487.11,14.87,85.13
2025-09-17,September,Q3,2025,British Airways,BA,Star Air,XX,USD,230,123710.0,7422.6,1465.0,104209.72,6252.59,1239.77,19500.28,1170.01,225.23,15.76,84.24
2025-09-17,September,Q3,2025,Emirates,EK,Star Air,XX,USD,237,71375.0,4282.5,860.0,60303.98,3618.22,751.68,11071.02,664.28,108.32,15.51,84.49
2025-09-17,September,Q3,2025,Air Canada,AC,Star Air,XX,USD,253,78080.0,4684.8,990.0,66447.39,3986.83,838.75,11632.61,697.97,151.25,14.9,85.1
2025-11-04,November,Q4,2025,Thai Airways International,TG,Star Air,XX,USD,258,157355.0,9441.3,1220.0,132478.51,7948.7,1499.94,24876.49,1492.6,-279.94,15.81,84.19
2025-09-20,September,Q3,2025,Emirates,EK,Star Air,XX,USD,486,144655.0,8679.3,1620.0,122748.5,7364.94,1345.56,21906.51,1314.36,274.44,15.14,84.86
2025-11-11,November,Q4,2025,Thai Airways International,TG,Star Air,XX,USD,241,147505.0,8850.3,1235.0,123880.45,7432.86,1375.99,23624.55,1417.44,-140.99,16.02,83.98
2025-11-23,November,Q4,2025,Air India,AI,Star Air,XX,USD,255,78890.0,4733.4,560.0,67144.63,4028.63,972.8,11745.37,704.77,-412.8,14.89,85.11
2025-12-31,December,Q4,2025,Qantas,QF,Star Air,XX,USD,686,751300.0,45078.0,13730.0,633794.82,38027.74,9633.91,117505.18,7050.26,4096.09,15.64,84.36
2025-12-31,December,Q4,2025,American Airlines,AA,Star Air,XX,USD,219,232000.0,13920.0,2235.0,193437.24,11606.21,2728.16,38562.76,2313.79,-493.16,16.62,83.38
2025-12-31,December,Q4,2025,British Airways,BA,Star Air,XX,USD,492,247345.0,14840.7,6405.0,208743.05,12524.47,3205.91,38601.95,2316.23,3199.09,15.61,84.39
2025-12-25,December,Q4,2025,Blue Panorama,BV,Star Air,XX,USD,252,68400.0,4104.0,305.0,57089.48,3425.36,740.89,11310.52,678.64,-435.89,16.54,83.46
2025-12-31,December,Q4,2025,Emirates,EK,Star Air,XX,USD,242,68805.0,4128.3,575.0,58686.8,3521.17,729.92,10118.2,607.13,-154.92,14.71,85.29
2025-12-25,December,Q4,2025,PIA,PK,Star Air,XX,USD,258,81410.0,4884.6,620.0,69233.12,4154.02,931.49,12176.88,730.58,-311.49,14.96,85.04
2025-12-25,December,Q4,2025,Emirates,EK,Star Air,XX,USD,240,66670.0,4000.2,2320.0,56215.89,3372.91,1044.7,10454.11,627.29,1275.3,15.68,84.32
2025-12-25,December,Q4,2025,Air Canada,AC,Star Air,XX,USD,239,65020.0,3901.2,2005.0,55172.38,3310.39,881.74,9847.62,590.81,1123.26,15.15,84.85
2025-12-31,December,Q4,2025,Air Canada,AC,Star Air,XX,USD,500,144570.0,8674.2,3675.0,120737.85,7244.26,1710.42,23832.15,1429.94,1964.58,16.48,83.52
2026-01-13,January,Q1,2026,Jet Airways,9W,Star Air,XX,USD,469,125180.0,7510.8,1435.0,106220.33,6373.19,1232.84,18959.67,1137.61,202.16,15.15,84.85
2026-03-16,March,Q1,2026,Air New Zealand,NZ,Star Air,XX,USD,468,252495.0,15149.7,4640.0,213796.94,12827.99,3965.0,38698.06,2321.71,675.0,15.33,84.67
2026-01-29,January,Q1,2026,Qantas,QF,Star Air,XX,USD,728,486060.0,29163.6,7120.0,409726.15,24583.49,5975.62,76333.85,4580.11,1144.38,15.7,84.3
2026-01-17,January,Q1,2026,JetBlue,B6,Star Air,XX,USD,234,319580.0,19174.8,4785.0,268980.57,16138.75,4014.98,50599.43,3036.05,770.02,15.83,84.17
2026-01-13,January,Q1,2026,JetBlue,B6,Star Air,XX,USD,250,365335.0,21920.1,6065.0,306964.87,18417.9,5249.17,58370.13,3502.2,815.83,15.98,84.02
2026-03-16,March,Q1,2026,Thai Airways International,TG,Star Air,XX,USD,242,147365.0,8841.9,2210.0,124410.6,7464.74,1820.87,22954.4,1377.16,389.13,15.58,84.42
2026-03-03,March,Q1,2026,Qantas,QF,Star Air,XX,USD,492,313585.0,18815.1,4735.0,263869.57,15832.19,3930.1,49715.43,2982.91,804.9,15.85,84.15
2026-01-17,January,Q1,2026,Air India,AI,Star Air,XX,USD,242,71250.0,4275.0,1015.0,59974.69,3598.56,877.56,11275.31,676.44,137.44,15.82,84.18
2026-01-13,January,Q1,2026,Qantas,QF,Star Air,XX,USD,703,430940.0,25856.4,6285.0,362899.45,21774.08,5277.65,68040.55,4082.32,1007.35,15.79,84.21
2026-01-17,January,Q1,2026,Jet Airways,9W,Star Air,XX,USD,487,129325.0,7759.5,2075.0,109430.81,6565.9,1805.09,19894.19,1193.6,269.91,15.38,84.62
2026-01-26,January,Q1,2026,Qantas,QF,Star Air,XX,USD,731,488190.0,29291.4,6870.0,414380.44,24862.79,5826.57,73809.56,4428.61,1043.43,15.12,84.88
2026-03-03,March,Q1,2026,British Airways,BA,Star Air,XX,USD,482,215715.0,12942.9,3615.0,181897.5,10913.9,3012.24,33817.5,2029.0,602.76,15.68,84.32
2026-02-02,February,Q1,2026,Qantas,QF,Star Air,XX,USD,738,578660.0,34719.6,8495.0,489967.31,29398.1,7159.26,88692.69,5321.5,1335.74,15.33,84.67
2026-03-16,March,Q1,2026,JetBlue,B6,Star Air,XX,USD,236,304525.0,18271.5,4155.0,258306.52,15498.33,3613.26,46218.48,2773.17,541.74,15.18,84.82
2026-03-16,March,Q1,2026,Air India,AI,Star Air,XX,USD,233,72810.0,4368.6,1450.0,61476.2,3688.64,1239.56,11333.8,679.96,210.44,15.57,84.43
2026-02-02,February,Q1,2026,Jet Airways,9W,Star Air,XX,USD,248,60800.0,3648.0,910.0,51936.38,3116.14,795.13,8863.62,531.86,114.87,14.58,85.42
2026-01-17,January,Q1,2026,American Airlines,AA,Star Air,XX,USD,238,248425.0,14905.5,3740.0,207437.72,12446.34,3080.48,40987.28,2459.16,659.52,16.5,83.5
2026-01-26,January,Q1,2026,Jet Airways,9W,Star Air,XX,USD,239,64815.0,3888.9,910.0,55636.16,3338.24,788.83,9178.84,550.66,121.17,14.16,85.84
2026-01-29,January,Q1,2026,Air India,AI,Star Air,XX,USD,250,71155.0,4269.3,1650.0,60582.62,3634.91,1406.16,10572.38,634.39,243.84,14.86,85.14
2026-01-17,January,Q1,2026,Air Mauritius,MK,Star Air,XX,USD,251,153595.0,9215.7,1755.0,130182.92,7811.02,1504.93,23412.08,1404.68,250.07,15.24,84.76
2026-03-16,March,Q1,2026,SIA,SQ,Star Air,XX,USD,491,222660.0,13359.6,3225.0,188475.46,11308.56,2682.35,34184.54,2051.04,542.65,15.35,84.65
2026-03-16,March,Q1,2026,Qantas,QF,Star Air,XX,USD,245,206790.0,12407.4,2750.0,174227.84,10453.65,2319.21,32562.16,1953.75,430.79,15.75,84.25
2026-01-17,January,Q1,2026,Qantas,QF,Star Air,XX,USD,238,184740.0,11084.4,3095.0,157211.3,9432.68,2669.68,27528.7,1651.72,425.32,14.9,85.1
2026-01-13,January,Q1,2026,Emirates,EK,Star Air,XX,USD,251,71200.0,4272.0,905.0,59692.39,3581.43,759.3,11507.61,690.57,145.7,16.16,83.84
2026-03-16,March,Q1,2026,Emirates,EK,Star Air,XX,USD,493,144970.0,8698.2,2080.0,122639.6,7358.25,1741.38,22330.4,1339.95,338.62,15.4,84.6
2026-03-03,March,Q1,2026,Emirates,EK,Star Air,XX,USD,481,139325.0,8359.5,1835.0,117279.06,7036.58,1531.24,22045.94,1322.92,303.76,15.82,84.18
2026-03-03,March,Q1,2026,American Airlines,AA,Star Air,XX,USD,263,291000.0,17460.0,4355.0,245681.06,14740.85,3701.04,45318.94,2719.15,653.96,15.57,84.43
2026-01-29,January,Q1,2026,PIA,PK,Star Air,XX,USD,251,70310.0,4218.6,1190.0,59308.77,3558.49,1019.93,11001.23,660.11,170.07,15.65,84.35
2026-01-26,January,Q1,2026,Emirates,EK,Star Air,XX,USD,254,70990.0,4259.4,895.0,59433.23,3565.92,749.81,11556.77,693.48,145.19,16.28,83.72
2026-01-29,January,Q1,2026,American Airlines,AA,Star Air,XX,USD,251,282695.0,16961.7,4660.0,239045.7,14342.81,3861.52,43649.3,2618.89,798.48,15.44,84.56
2026-03-03,March,Q1,2026,PIA,PK,Star Air,XX,USD,257,73450.0,4407.0,1115.0,62803.58,3768.22,997.95,10646.42,638.78,117.05,14.49,85.51
2026-01-13,January,Q1,2026,SIA,SQ,Star Air,XX,USD,261,102310.0,6138.6,1720.0,87291.02,5237.44,1423.67,15018.98,901.16,296.33,14.68,85.32
2026-01-17,January,Q1,2026,SIA,SQ,Star Air,XX,USD,243,91000.0,5460.0,1365.0,77370.84,4642.23,1154.03,13629.16,817.77,210.97,14.98,85.02
2026-03-03,March,Q1,2026,Air Canada,AC,Star Air,XX,USD,251,69435.0,4166.1,1510.0,58615.1,3516.91,1298.97,10819.9,649.19,211.03,15.58,84.42
2026-03-16,March,Q1,2026,Air Canada,AC,Star Air,XX,USD,252,68950.0,4137.0,1040.0,58672.3,3520.35,884.39,10277.7,616.65,155.61,14.91,85.09
2026-01-26,January,Q1,2026,Air India,AI,Star Air,XX,USD,244,68570.0,4114.2,910.0,58636.3,3518.26,783.04,9933.7,595.94,126.96,14.49,85.51
2026-01-17,January,Q1,2026,Emirates,EK,Star Air,XX,USD,237,65465.0,3927.9,1480.0,55190.74,3311.4,1229.17,10274.26,616.5,250.83,15.69,84.31
2026-01-29,January,Q1,2026,Blue Panorama,BV,Star Air,XX,USD,249,71110.0,4266.6,850.0,60132.14,3607.9,742.4,10977.86,658.7,107.6,15.44,84.56
2026-01-29,January,Q1,2026,Air Mauritius,MK,Star Air,XX,USD,243,154225.0,9253.5,2250.0,131889.95,7913.45,1967.99,22335.05,1340.05,282.01,14.48,85.52
2026-01-29,January,Q1,2026,Emirates,EK,Star Air,XX,USD,243,66775.0,4006.5,970.0,57009.26,3420.56,822.06,9765.74,585.94,147.94,14.62,85.38
2025-10-25,October,Q4,2025,Air India,AI,Star Air,XX,USD,232,76280.0,4576.8,580.0,64562.33,3873.77,968.38,11717.67,703.03,-388.38,15.36,84.64
2025-11-02,November,Q4,2025,Air France,AF,Star Air,XX,USD,223,191855.0,11511.3,8740.0,162589.82,9755.47,2717.98,29265.18,1755.83,6022.02,15.25,84.75
2025-11-23,November,Q4,2025,Air France,AF,Star Air,XX,USD,228,204585.0,12275.1,6825.0,172725.85,10363.53,2267.77,31859.15,1911.57,4557.23,15.57,84.43
2025-11-04,November,Q4,2025,JetBlue,B6,Star Air,XX,USD,247,352030.0,21121.8,7235.0,297879.99,17872.81,2838.33,54150.01,3248.99,4396.67,15.38,84.62
2025-10-25,October,Q4,2025,Thai Airways International,TG,Star Air,XX,USD,245,172005.0,10320.3,11870.0,143942.89,8636.63,1683.56,28062.11,1683.67,10186.44,16.31,83.69
2025-11-08,November,Q4,2025,PIA,PK,Star Air,XX,USD,203,58125.0,3487.5,30490.0,49562.92,2973.77,720.21,8562.08,513.73,29769.79,14.73,85.27
2025-11-08,November,Q4,2025,Thai Airways International,TG,Star Air,XX,USD,263,174330.0,10459.8,10070.0,146519.04,8791.13,1559.93,27810.96,1668.67,8510.07,15.95,84.05
2025-11-04,November,Q4,2025,Jet Airways,9W,Star Air,XX,USD,263,69770.0,4186.2,605.0,58786.83,3527.2,785.33,10983.17,659.0,-180.33,15.74,84.26
2025-11-08,November,Q4,2025,Jet Airways,9W,Star Air,XX,USD,258,69260.0,4155.6,610.0,58867.36,3532.04,939.03,10392.64,623.56,-329.03,15.01,84.99
2025-11-04,November,Q4,2025,Air India,AI,Star Air,XX,USD,232,74600.0,4476.0,22500.0,63096.45,3785.84,1245.48,11503.55,690.16,21254.52,15.42,84.58
2025-11-11,November,Q4,2025,Jet Airways,9W,Star Air,XX,USD,236,67910.0,4074.6,12915.0,57197.86,3431.85,955.83,10712.14,642.75,11959.17,15.77,84.23
2025-11-04,November,Q4,2025,Qantas,QF,Star Air,XX,USD,454,306490.0,18389.4,3075.0,260878.83,15652.71,3998.95,45611.17,2736.69,-923.95,14.88,85.12
2025-10-25,October,Q4,2025,Jet Airways,9W,Star Air,XX,USD,249,68815.0,4128.9,11575.0,57562.32,3453.85,710.42,11252.68,675.05,10864.58,16.35,83.65
2025-11-11,November,Q4,2025,Qantas,QF,Star Air,XX,USD,715,446525.0,26791.5,4035.0,376986.1,22619.09,4910.07,69538.9,4172.41,-875.07,15.57,84.43
2025-12-15,December,Q4,2025,Qantas,QF,Star Air,XX,USD,719,333480.0,20008.8,3565.0,284220.37,17053.32,4600.44,49259.63,2955.48,-1035.44,14.77,85.23
2025-10-25,October,Q4,2025,JetBlue,B6,Star Air,XX,USD,248,367555.0,22053.3,5115.0,305084.7,18305.05,5881.69,62470.3,3748.25,-766.69,17.0,83.0
2025-11-11,November,Q4,2025,Air New Zealand,NZ,Star Air,XX,USD,246,78205.0,4692.3,880.0,65541.34,3932.53,1135.93,12663.66,759.77,-255.93,16.19,83.81
2025-11-02,November,Q4,2025,Qantas,QF,Star Air,XX,USD,490,474380.0,28462.8,6665.0,402091.84,24125.45,4856.43,72288.16,4337.35,1808.57,15.24,84.76
2025-11-08,November,Q4,2025,Air Mauritius,MK,Star Air,XX,USD,251,155290.0,9317.4,15645.0,130764.8,7845.88,1853.73,24525.2,1471.52,13791.27,15.79,84.21
2025-11-23,November,Q4,2025,American Airlines,AA,Star Air,XX,USD,242,262315.0,15738.9,3060.0,222187.72,13331.2,4935.78,40127.28,2407.7,-1875.78,15.3,84.7
2025-11-08,November,Q4,2025,British Airways,BA,Star Air,XX,USD,241,120135.0,7208.1,1345.0,101221.63,6073.29,1458.78,18913.38,1134.81,-113.78,15.74,84.26
2025-12-15,December,Q4,2025,Air Mauritius,MK,Star Air,XX,USD,237,150185.0,9011.1,12190.0,126220.17,7573.16,1594.92,23964.83,1437.94,10595.08,15.96,84.04
2025-11-02,November,Q4,2025,Emirates,EK,Star Air,XX,USD,438,127200.0,7632.0,1435.0,107318.64,6438.99,1606.73,19881.36,1193.01,-171.73,15.63,84.37
2025-11-23,November,Q4,2025,Qantas,QF,Star Air,XX,USD,742,774465.0,46467.9,11405.0,654238.1,39254.22,10068.03,120226.9,7213.68,1336.97,15.52,84.48
2025-10-25,October,Q4,2025,British Airways,BA,Star Air,XX,USD,238,116240.0,6974.4,980.0,97900.51,5874.06,1444.92,18339.49,1100.34,-464.92,15.78,84.22
2025-11-04,November,Q4,2025,Emirates,EK,Star Air,XX,USD,251,74335.0,4460.1,725.0,63215.19,3792.87,1001.22,11119.81,667.23,-276.22,14.96,85.04
2025-11-02,November,Q4,2025,Blue Panorama,BV,Star Air,XX,USD,241,70635.0,4238.1,12260.0,60135.95,3608.11,839.27,10499.05,629.99,11420.73,14.86,85.14
2025-10-25,October,Q4,2025,American Airlines,AA,Star Air,XX,USD,507,563375.0,33802.5,11455.0,481052.64,28863.18,9122.12,82322.36,4939.32,2332.88,14.61,85.39
2025-11-04,November,Q4,2025,SIA,SQ,Star Air,XX,USD,253,101455.0,6087.3,1195.0,86339.84,5180.37,1525.51,15115.16,906.93,-330.51,14.9,85.1
2025-11-08,November,Q4,2025,Air Canada,AC,Star Air,XX,USD,187,54255.0,3255.3,775.0,46126.62,2767.54,871.68,8128.38,487.76,-96.68,14.98,85.02
2025-11-11,November,Q4,2025,Emirates,EK,Star Air,XX,USD,246,66855.0,4011.3,750.0,57350.07,3441.03,859.93,9504.93,570.27,-109.93,14.22,85.78
2025-10-25,October,Q4,2025,Qantas,QF,Star Air,XX,USD,219,175045.0,10502.7,2870.0,148284.32,8897.13,3360.46,26760.68,1605.57,-490.46,15.29,84.71
2025-11-04,November,Q4,2025,Air Mauritius,MK,Star Air,XX,USD,215,135100.0,8106.0,1035.0,113839.82,6830.36,1676.38,21260.18,1275.64,-641.38,15.74,84.26
2025-11-11,November,Q4,2025,PIA,PK,Star Air,XX,USD,253,68705.0,4122.3,575.0,58279.68,3496.76,1051.41,10425.32,625.54,-476.41,15.17,84.83
2025-11-23,November,Q4,2025,Vietnam Airlines,VN,Star Air,XX,USD,1,745.0,44.7,0.0,654.19,39.25,0.0,90.81,5.45,0.0,12.19,87.81
2025-11-23,November,Q4,2025,Air Canada,AC,Star Air,XX,USD,249,69575.0,4174.5,615.0,58734.59,3524.06,821.71,10840.41,650.44,-206.71,15.58,84.42
2025-11-08,November,Q4,2025,American Airlines,AA,Star Air,XX,USD,248,276640.0,16598.4,8780.0,232662.69,13959.83,3145.55,43977.31,2638.57,5634.45,15.9,84.1
2025-10-25,October,Q4,2025,Air Canada,AC,Star Air,XX,USD,223,66990.0,4019.4,840.0,56557.86,3393.5,884.18,10432.14,625.9,-44.18,15.57,84.43
2025-10-25,October,Q4,2025,Emirates,EK,Star Air,XX,USD,232,64075.0,3844.5,730.0,54033.21,3241.96,911.67,10041.79,602.54,-181.67,15.67,84.33
2025-11-08,November,Q4,2025,Qantas,QF,Star Air,XX,USD,239,295495.0,17729.7,9125.0,250741.92,15044.46,4404.43,44753.08,2685.24,4720.57,15.15,84.85
2025-11-23,November,Q4,2025,British Airways,BA,Star Air,XX,USD,244,141620.0,8497.2,5500.0,119539.78,7172.44,1894.51,22080.22,1324.76,3605.49,15.59,84.41
2025-11-23,November,Q4,2025,JetBlue,B6,Star Air,XX,USD,243,293185.0,17591.1,10475.0,245492.75,14729.53,3745.7,47692.25,2861.57,6729.3,16.27,83.73
2025-11-08,November,Q4,2025,SIA,SQ,Star Air,XX,USD,263,114030.0,6841.8,6195.0,96994.66,5819.67,2301.25,17035.34,1022.13,3893.75,14.94,85.06
2025-11-11,November,Q4,2025,Air Canada,AC,Star Air,XX,USD,246,72215.0,4332.9,1345.0,60937.91,3656.23,546.73,11277.09,676.67,798.27,15.62,84.38
2026-01-06,January,Q1,2026,Thai Airways International,TG,Star Air,XX,USD,235,140175.0,8410.5,2090.0,119142.07,7148.6,1743.64,21032.93,1261.9,346.36,15.0,85.0
2025-11-04,November,Q4,2025,Air Canada,AC,Star Air,XX,USD,241,71755.0,4305.3,1825.0,60826.56,3649.53,770.51,10928.44,655.77,1054.49,15.23,84.77
2026-01-06,January,Q1,2026,Air New Zealand,NZ,Star Air,XX,USD,479,242480.0,14548.8,3385.0,206788.08,12407.39,2880.8,35691.92,2141.41,504.2,14.72,85.28
2026-01-06,January,Q1,2026,Jet Airways,9W,Star Air,XX,USD,499,134420.0,8065.2,2130.0,113239.51,6794.4,1857.15,21180.49,1270.8,272.85,15.76,84.24
2026-02-18,February,Q1,2026,Qantas,QF,Star Air,XX,USD,725,742405.0,44544.3,11910.0,623436.95,37406.22,10119.38,118968.05,7138.08,1790.62,16.02,83.98
2026-01-28,January,Q1,2026,Qantas,QF,Star Air,XX,USD,729,583750.0,35025.0,9795.0,491582.61,29494.87,8292.21,92167.39,5530.13,1502.79,15.79,84.21
2026-01-11,January,Q1,2026,Air India,AI,Star Air,XX,USD,247,74440.0,4466.4,925.0,62992.52,3779.57,809.33,11447.48,686.83,115.67,15.38,84.62
2026-01-24,January,Q1,2026,Air India,AI,Star Air,XX,USD,258,79870.0,4792.2,1065.0,67699.51,4061.97,910.31,12170.49,730.23,154.69,15.24,84.76
2026-02-28,February,Q1,2026,Air India,AI,Star Air,XX,USD,260,83820.0,5029.2,1440.0,70845.95,4250.73,1230.16,12974.05,778.47,209.84,15.48,84.52
2026-03-01,March,Q1,2026,Air India,AI,Star Air,XX,USD,248,72650.0,4359.0,975.0,61734.75,3704.15,831.34,10915.25,654.85,143.66,15.02,84.98
2026-01-11,January,Q1,2026,Thai Airways International,TG,Star Air,XX,USD,244,148290.0,8897.4,2140.0,126553.19,7593.22,1798.18,21736.81,1304.18,341.82,14.66,85.34
2026-01-24,January,Q1,2026,PIA,PK,Star Air,XX,USD,233,60930.0,3655.8,755.0,51976.31,3118.57,638.74,8953.69,537.23,116.26,14.7,85.3
2026-01-11,January,Q1,2026,American Airlines,AA,Star Air,XX,USD,484,506895.0,30413.7,7025.0,429615.05,25776.91,5971.0,77279.95,4636.79,1054.0,15.25,84.75
2026-02-28,February,Q1,2026,Thai Airways International,TG,Star Air,XX,USD,243,143015.0,8580.9,1865.0,121630.87,7297.9,1546.47,21384.13,1283.0,318.53,14.95,85.05
2026-02-18,February,Q1,2026,American Airlines,AA,Star Air,XX,USD,486,498480.0,29908.8,8115.0,419316.32,25158.97,6928.03,79163.68,4749.83,1186.97,15.88,84.12
2026-03-01,March,Q1,2026,Qantas,QF,Star Air,XX,USD,1479,1229885.0,73793.1,15925.0,1044480.62,62668.79,13514.59,185404.38,11124.31,2410.41,15.07,84.93
2026-01-06,January,Q1,2026,JetBlue,B6,Star Air,XX,USD,239,297735.0,17864.1,4625.0,254372.15,15262.26,3947.54,43362.85,2601.84,677.46,14.56,85.44
2026-01-06,January,Q1,2026,Qantas,QF,Star Air,XX,USD,476,253800.0,15228.0,4555.0,216752.49,13005.18,3879.0,37047.51,2222.82,676.0,14.6,85.4
2026-03-01,March,Q1,2026,American Airlines,AA,Star Air,XX,USD,233,259685.0,15581.1,3555.0,217624.89,13057.55,2932.6,42060.11,2523.55,622.4,16.2,83.8
2026-02-18,February,Q1,2026,Air India,AI,Star Air,XX,USD,240,73480.0,4408.8,870.0,61803.66,3708.26,743.87,11676.34,700.54,126.13,15.89,84.11
2026-02-28,February,Q1,2026,British Airways,BA,Star Air,XX,USD,246,124175.0,7450.5,1715.0,105471.41,6328.24,1462.22,18703.59,1122.26,252.78,15.06,84.94
2026-01-11,January,Q1,2026,Qantas,QF,Star Air,XX,USD,499,318275.0,19096.5,5525.0,270245.65,16214.78,4744.63,48029.35,2881.72,780.37,15.09,84.91
2026-03-01,March,Q1,2026,Jet Airways,9W,Star Air,XX,USD,242,64805.0,3888.3,1240.0,55297.44,3317.9,1072.23,9507.56,570.4,167.77,14.67,85.33
2026-01-28,January,Q1,2026,British Airways,BA,Star Air,XX,USD,243,106595.0,6395.7,1225.0,89616.84,5376.97,1032.26,16978.16,1018.73,192.74,15.93,84.07
2026-02-28,February,Q1,2026,Jet Airways,9W,Star Air,XX,USD,232,58650.0,3519.0,1040.0,49698.28,2981.9,919.91,8951.72,537.1,120.09,15.26,84.74
2026-03-01,March,Q1,2026,Blue Panorama,BV,Star Air,XX,USD,249,66385.0,3983.1,950.0,55857.47,3351.49,817.11,10527.53,631.61,132.89,15.86,84.14
2026-03-01,March,Q1,2026,Air Mauritius,MK,Star Air,XX,USD,221,134385.0,8063.1,1870.0,114520.08,6871.18,1641.81,19864.92,1191.92,228.19,14.78,85.22
2026-01-06,January,Q1,2026,SIA,SQ,Star Air,XX,USD,244,98180.0,5890.8,1405.0,83449.15,5006.84,1230.72,14730.85,883.96,174.28,15.0,85.0
2026-01-24,January,Q1,2026,Qantas,QF,Star Air,XX,USD,463,467645.0,28058.7,7655.0,394098.82,23645.9,6480.91,73546.18,4412.8,1174.09,15.73,84.27
2026-01-11,January,Q1,2026,Air Canada,AC,Star Air,XX,USD,247,64370.0,3862.2,900.0,54801.51,3288.11,746.8,9568.49,574.09,153.2,14.86,85.14
2026-03-01,March,Q1,2026,Air Canada,AC,Star Air,XX,USD,245,73260.0,4395.6,985.0,61052.58,3663.09,814.37,12207.43,732.51,170.63,16.66,83.34
2026-03-01,March,Q1,2026,Emirates,EK,Star Air,XX,USD,492,134160.0,8049.6,1635.0,114183.94,6850.9,1392.01,19976.06,1198.7,242.99,14.89,85.11
2026-01-06,January,Q1,2026,Emirates,EK,Star Air,XX,USD,226,72970.0,4378.2,1100.0,62013.23,3720.87,923.12,10956.77,657.33,176.88,15.02,84.98
2026-01-24,January,Q1,2026,Air Canada,AC,Star Air,XX,USD,471,134220.0,8053.2,2550.0,112501.27,6749.95,2123.35,21718.73,1303.25,426.65,16.18,83.82
2026-01-24,January,Q1,2026,Emirates,EK,Star Air,XX,USD,496,136895.0,8213.7,1860.0,115175.98,6910.6,1517.58,21719.02,1303.1,342.42,15.87,84.13
2026-01-24,January,Q1,2026,American Airlines,AA,Star Air,XX,USD,245,257790.0,15467.4,4380.0,219327.57,13159.66,3689.71,38462.43,2307.74,690.29,14.92,85.08
2026-02-28,February,Q1,2026,American Airlines,AA,Star Air,XX,USD,253,253420.0,15205.2,3405.0,216428.29,12985.71,2878.38,36991.71,2219.49,526.62,14.6,85.4
2026-01-11,January,Q1,2026,British Airways,BA,Star Air,XX,USD,257,121860.0,7311.6,1645.0,102932.93,6175.97,1401.72,18927.07,1135.63,243.28,15.53,84.47
2026-01-11,January,Q1,2026,JetBlue,B6,Star Air,XX,USD,240,315115.0,18906.9,4545.0,266437.73,15986.22,3890.62,48677.27,2920.68,654.38,15.45,84.55
2026-01-28,January,Q1,2026,American Airlines,AA,Star Air,XX,USD,251,268045.0,16082.7,6155.0,226084.53,13565.11,5220.63,41960.47,2517.59,934.37,15.65,84.35
2026-03-01,March,Q1,2026,JetBlue,B6,Star Air,XX,USD,257,327000.0,19620.0,4470.0,277021.34,16621.2,3718.53,49978.66,2998.8,751.47,15.28,84.72
2026-02-18,February,Q1,2026,British Airways,BA,Star Air,XX,USD,240,107490.0,6449.4,1795.0,91025.05,5461.44,1543.41,16464.95,987.96,251.59,15.32,84.68
2026-01-28,January,Q1,2026,Emirates,EK,Star Air,XX,USD,251,71115.0,4266.9,1035.0,59365.1,3561.91,875.75,11749.9,704.99,159.25,16.52,83.48
2026-02-28,February,Q1,2026,Air Canada,AC,Star Air,XX,USD,244,70125.0,4207.5,960.0,59161.33,3549.65,826.21,10963.67,657.85,133.79,15.63,84.37
2026-03-01,March,Q1,2026,British Airways,BA,Star Air,XX,USD,250,134700.0,8082.0,3580.0,114662.04,6879.66,3112.81,20037.96,1202.34,467.19,14.88,85.12
2026-01-24,January,Q1,2026,SIA,SQ,Star Air,XX,USD,261,97835.0,5870.1,1360.0,82996.46,4979.7,1159.76,14838.54,890.4,200.24,15.17,84.83
2026-02-28,February,Q1,2026,SIA,SQ,Star Air,XX,USD,265,109630.0,6577.8,2065.0,92271.65,5536.34,1755.88,17358.35,1041.46,309.12,15.83,84.17
2026-02-18,February,Q1,2026,Air Canada,AC,Star Air,XX,USD,465,143865.0,8631.9,2390.0,121172.43,7270.32,1985.33,22692.57,1361.58,404.67,15.77,84.23
2025-01-14,January,Q1,2025,Air New Zealand,NZ,Star Air,XX,USD,244,76165.0,4569.9,940.0,64483.63,3868.96,787.28,11681.37,700.94,152.72,15.34,84.66
2025-01-14,January,Q1,2025,JetBlue,B6,Star Air,XX,USD,254,331755.0,19905.3,5315.0,278996.12,16739.81,4481.17,52758.88,3165.49,833.83,15.9,84.1
2025-03-02,March,Q1,2025,Qantas,QF,Star Air,XX,USD,769,784775.0,47086.5,12915.0,662788.73,39767.17,10939.7,121986.27,7319.33,1975.3,15.54,84.46
2025-03-07,March,Q1,2025,Air New Zealand,NZ,Star Air,XX,USD,507,256790.0,15407.4,3705.0,217188.92,13031.55,3120.53,39601.08,2375.85,584.47,15.42,84.58
2025-03-31,March,Q1,2025,Qantas,QF,Star Air,XX,USD,769,645360.0,38721.6,8845.0,547758.64,32865.46,7553.68,97601.36,5856.14,1291.32,15.12,84.88
2025-01-14,January,Q1,2025,Vietnam Airlines,VN,Star Air,XX,USD,1,665.0,39.9,65.0,612.87,36.77,61.29,52.13,3.13,3.71,7.84,92.16
2025-03-07,March,Q1,2025,Qantas,QF,Star Air,XX,USD,1020,503400.0,30204.0,8205.0,424843.07,25490.54,7064.86,78556.93,4713.46,1140.14,15.61,84.39
2025-01-14,January,Q1,2025,Qantas,QF,Star Air,XX,USD,511,286715.0,17202.9,4320.0,243260.07,14595.6,3723.93,43454.93,2607.3,596.07,15.16,84.84
2025-03-02,March,Q1,2025,PIA,PK,Star Air,XX,USD,244,67755.0,4065.3,875.0,57221.8,3433.37,767.7,10533.2,631.93,107.3,15.55,84.45
2025-03-03,March,Q1,2025,Qantas,QF,Star Air,XX,USD,256,81450.0,4887.0,1245.0,68872.69,4132.38,1060.0,12577.31,754.62,185.0,15.44,84.56
2025-03-02,March,Q1,2025,Air India,AI,Star Air,XX,USD,207,64675.0,3880.5,1440.0,55687.25,3341.32,1271.39,8987.75,539.18,168.61,13.9,86.1
2025-03-02,March,Q1,2025,American Airlines,AA,Star Air,XX,USD,512,539335.0,32360.1,9070.0,453919.8,27235.35,7542.99,85415.2,5124.75,1527.01,15.84,84.16
2025-03-02,March,Q1,2025,Air Canada,AC,Star Air,XX,USD,257,73050.0,4383.0,1175.0,62364.24,3741.82,982.49,10685.76,641.18,192.51,14.63,85.37
2025-03-02,March,Q1,2025,British Airways,BA,Star Air,XX,USD,241,107745.0,6464.7,1120.0,90990.74,5459.42,968.4,16754.26,1005.28,151.6,15.55,84.45
2025-03-02,March,Q1,2025,Blue Panorama,BV,Star Air,XX,USD,252,69935.0,4196.1,885.0,58054.49,3483.22,755.08,11880.51,712.88,129.92,16.99,83.01
2025-03-03,March,Q1,2025,Emirates,EK,Star Air,XX,USD,257,71770.0,4306.2,1315.0,60345.41,3620.68,1120.69,11424.59,685.52,194.31,15.92,84.08
2025-03-31,March,Q1,2025,Emirates,EK,Star Air,XX,USD,264,78570.0,4714.2,1065.0,66566.52,3993.94,897.28,12003.48,720.26,167.72,15.28,84.72
2025-03-07,March,Q1,2025,Air Canada,AC,Star Air,XX,USD,264,80225.0,4813.5,1345.0,67243.48,4034.6,1149.79,12981.52,778.9,195.21,16.18,83.82
2025-03-31,March,Q1,2025,Air India,AI,Star Air,XX,USD,258,75295.0,4517.7,1220.0,64076.1,3844.48,1046.43,11218.9,673.22,173.57,14.9,85.1
2025-01-14,January,Q1,2025,Air Mauritius,MK,Star Air,XX,USD,231,143090.0,8585.4,2260.0,121416.68,7284.98,1882.73,21673.32,1300.42,377.27,15.15,84.85
2025-01-14,January,Q1,2025,Emirates,EK,Star Air,XX,USD,515,143995.0,8639.7,2295.0,122307.45,7338.28,1943.0,21687.55,1301.42,352.0,15.06,84.94
2025-05-31,May,Q2,2025,Thai Airways International,TG,Star Air,XX,USD,252,189625.0,11377.5,2895.0,159693.26,9581.68,2356.19,29931.74,1795.82,538.81,15.78,84.22
2025-05-06,May,Q2,2025,JetBlue,B6,Star Air,XX,USD,244,370185.0,22211.1,5040.0,313597.9,18815.86,4327.68,56587.1,3395.24,712.32,15.29,84.71
2025-06-03,June,Q2,2025,Air New Zealand,NZ,Star Air,XX,USD,241,184040.0,11042.4,3180.0,155062.84,9303.7,2666.56,28977.16,1738.7,513.44,15.75,84.25
2025-05-06,May,Q2,2025,Jet Airways,9W,Star Air,XX,USD,230,75585.0,4535.1,825.0,63541.48,3812.49,728.14,12043.52,722.61,96.86,15.93,84.07
2025-05-31,May,Q2,2025,JetBlue,B6,Star Air,XX,USD,240,377005.0,22620.3,5255.0,319590.7,19175.47,4312.08,57414.3,3444.83,942.92,15.23,84.77
2025-06-03,June,Q2,2025,Jet Airways,9W,Star Air,XX,USD,246,75480.0,4528.8,1025.0,63912.74,3834.74,867.87,11567.26,694.06,157.13,15.32,84.68
2025-06-03,June,Q2,2025,Qantas,QF,Star Air,XX,USD,927,656845.0,39410.7,7870.0,556543.82,33392.52,6815.43,100301.18,6018.18,1054.57,15.27,84.73
2025-05-06,May,Q2,2025,Qantas,QF,Star Air,XX,USD,443,325310.0,19518.6,4945.0,275999.86,16559.89,4201.25,49310.14,2958.71,743.75,15.16,84.84
2025-04-20,April,Q2,2025,Air France,AF,Star Air,XX,USD,234,240365.0,14421.9,4430.0,202265.4,12136.03,3802.4,38099.6,2285.87,627.6,15.85,84.15
2025-06-03,June,Q2,2025,Thai Airways International,TG,Star Air,XX,USD,243,176045.0,10562.7,2840.0,148573.87,8914.38,2400.85,27471.13,1648.32,439.15,15.6,84.4
2025-05-06,May,Q2,2025,Thai Airways International,TG,Star Air,XX,USD,240,172515.0,10350.9,2415.0,147613.45,8856.79,2070.3,24901.55,1494.11,344.7,14.43,85.57
2025-05-06,May,Q2,2025,Air India,AI,Star Air,XX,USD,230,84625.0,5077.5,1330.0,71037.98,4262.31,1127.79,13587.02,815.19,202.21,16.06,83.94
2025-05-06,May,Q2,2025,Air New Zealand,NZ,Star Air,XX,USD,241,86695.0,5201.7,1585.0,72843.03,4370.56,1295.68,13851.97,831.14,289.32,15.98,84.02
2025-05-31,May,Q2,2025,Jet Airways,9W,Star Air,XX,USD,233,76475.0,4588.5,1105.0,64721.47,3883.29,942.98,11753.53,705.21,162.02,15.37,84.63
2025-06-03,June,Q2,2025,Emirates,EK,Star Air,XX,USD,245,78440.0,4706.4,955.0,66536.87,3992.19,815.0,11903.13,714.21,140.0,15.17,84.83
2025-04-20,April,Q2,2025,Blue Panorama,BV,Star Air,XX,USD,245,73070.0,4384.2,1290.0,61629.16,3697.8,1065.8,11440.84,686.4,224.2,15.66,84.34
2025-04-20,April,Q2,2025,American Airlines,AA,Star Air,XX,USD,470,560745.0,33644.7,9300.0,476764.44,28605.88,8118.74,83980.56,5038.82,1181.26,14.98,85.02
2025-04-20,April,Q2,2025,Air Canada,AC,Star Air,XX,USD,250,79890.0,4793.4,890.0,68407.92,4104.49,747.73,11482.08,688.91,142.27,14.37,85.63
2025-05-06,May,Q2,2025,Emirates,EK,Star Air,XX,USD,235,77555.0,4653.3,1205.0,65624.94,3937.42,995.84,11930.06,715.88,209.16,15.38,84.62
2025-05-31,May,Q2,2025,Air Mauritius,MK,Star Air,XX,USD,242,175000.0,10500.0,2600.0,148871.3,8932.38,2206.52,26128.7,1567.62,393.48,14.93,85.07
2025-05-31,May,Q2,2025,Emirates,EK,Star Air,XX,USD,746,238885.0,14333.1,3680.0,202708.66,12162.42,3124.28,36176.34,2170.68,555.72,15.14,84.86
2025-04-20,April,Q2,2025,Qantas,QF,Star Air,XX,USD,232,345580.0,20734.8,4250.0,291478.06,17488.68,3662.07,54101.94,3246.12,587.93,15.66,84.34
2025-05-31,May,Q2,2025,Air Canada,AC,Star Air,XX,USD,239,77790.0,4667.4,1120.0,65943.09,3956.6,955.87,11846.91,710.8,164.13,15.23,84.77
2025-05-31,May,Q2,2025,Qantas,QF,Star Air,XX,USD,483,476835.0,28610.1,6725.0,402404.99,26135.13,5792.57,74430.01,2474.97,932.43,15.61,84.39
2025-05-31,May,Q2,2025,American Airlines,AA,Star Air,XX,USD,482,554080.0,33244.8,7845.0,467661.63,28059.66,6541.98,86418.37,5185.14,1303.02,15.6,84.4
2025-06-03,June,Q2,2025,SIA,SQ,Star Air,XX,USD,499,216920.0,13015.2,3065.0,183430.26,10893.87,2563.29,33489.74,2121.33,501.71,15.44,84.56
2025-05-06,May,Q2,2025,SIA,SQ,Star Air,XX,USD,247,110485.0,6629.1,1600.0,94078.12,5644.56,1348.19,16406.88,984.54,251.81,14.85,85.15
2025-04-20,April,Q2,2025,British Airways,BA,Star Air,XX,USD,255,136910.0,8214.6,2100.0,116008.26,6380.11,1795.5,20901.74,1834.49,304.5,15.27,84.73
2025-06-03,June,Q2,2025,PIA,PK,Star Air,XX,USD,262,84135.0,5048.1,1205.0,71636.73,4357.2,1001.38,12498.27,690.9,203.62,14.86,85.14
2025-05-06,May,Q2,2025,Air Mauritius,MK,Star Air,XX,USD,224,141920.0,8515.2,1785.0,120887.68,7080.06,1535.31,21032.32,1435.14,249.69,14.82,85.18
2025-09-26,September,Q3,2025,Air New Zealand,NZ,Star Air,XX,USD,255,197835.0,11870.1,2985.0,170084.41,10205.11,2552.84,27750.59,1664.99,432.16,14.03,85.97
2025-06-03,June,Q2,2025,Air Canada,AC,Star Air,XX,USD,251,92235.0,5534.1,1410.0,77653.85,4659.32,1167.73,14581.15,874.78,242.27,15.81,84.19
2025-08-08,August,Q3,2025,Qantas,QF,Star Air,XX,USD,759,516590.0,30995.4,7750.0,436603.67,26196.31,6518.87,79986.33,4799.09,1231.13,15.48,84.52
2025-05-06,May,Q2,2025,Air Canada,AC,Star Air,XX,USD,251,78395.0,4703.7,1035.0,66775.21,4006.53,895.33,11619.79,697.17,139.67,14.82,85.18
2025-04-20,April,Q2,2025,Emirates,EK,Star Air,XX,USD,229,71015.0,4260.9,945.0,60329.74,3619.78,811.49,10685.26,641.12,133.51,15.05,84.95
2025-09-26,September,Q3,2025,Qantas,QF,Star Air,XX,USD,1010,658780.0,39526.8,11240.0,557659.0,33459.61,9445.08,101121.0,6067.19,1794.92,15.35,84.65
2025-07-08,July,Q3,2025,JetBlue,B6,Star Air,XX,USD,244,348025.0,20881.5,4585.0,292538.17,17552.28,3874.67,55486.83,3329.22,710.33,15.94,84.06
2025-07-08,July,Q3,2025,Jet Airways,9W,Star Air,XX,USD,249,79625.0,4777.5,1515.0,67529.72,4051.86,1311.36,12095.28,725.64,203.64,15.19,84.81
2025-08-08,August,Q3,2025,Thai Airways International,TG,Star Air,XX,USD,245,169860.0,10191.6,2290.0,142965.19,8577.89,1920.59,26894.81,1613.71,369.41,15.83,84.17
2025-08-08,August,Q3,2025,PIA,PK,Star Air,XX,USD,249,80265.0,4815.9,1130.0,67623.63,4057.38,977.04,12641.37,758.52,152.96,15.75,84.25
2025-07-08,July,Q3,2025,Qantas,QF,Star Air,XX,USD,720,494455.0,29667.3,7925.0,418396.24,25103.71,6829.16,76058.76,4563.59,1095.84,15.38,84.62
2025-07-14,July,Q3,2025,Jet Airways,9W,Star Air,XX,USD,242,72970.0,4378.2,740.0,61491.09,3689.49,634.36,11478.91,688.71,105.64,15.73,84.27
2025-07-08,July,Q3,2025,Air India,AI,Star Air,XX,USD,242,84040.0,5042.4,1330.0,71931.33,4315.91,1139.54,12108.67,726.49,190.46,14.41,85.59
2025-07-14,July,Q3,2025,Qantas,QF,Star Air,XX,USD,475,481925.0,28915.5,7115.0,410776.77,24646.62,6121.27,71148.23,4268.88,993.73,14.76,85.24
2025-09-26,September,Q3,2025,PIA,PK,Star Air,XX,USD,245,77825.0,4669.5,745.0,66055.7,3963.3,625.72,11769.3,706.2,119.28,15.12,84.88
2025-07-08,July,Q3,2025,Air New Zealand,NZ,Star Air,XX,USD,247,91575.0,5494.5,1925.0,77491.08,4649.52,1605.53,14083.92,844.98,319.47,15.38,84.62
2025-07-30,July,Q3,2025,British Airways,BA,Star Air,XX,USD,232,111740.0,6704.4,1615.0,94820.25,5689.18,1387.75,16919.75,1015.22,227.25,15.14,84.86
2025-07-30,July,Q3,2025,Qantas,QF,Star Air,XX,USD,968,1146595.0,68795.7,14405.0,966055.86,57963.15,12325.63,180539.14,10832.55,2079.37,15.75,84.25
2025-07-08,July,Q3,2025,SIA,SQ,Star Air,XX,USD,505,232785.0,13967.1,3900.0,196818.37,11809.18,3310.61,35966.63,2157.92,589.39,15.45,84.55
2025-07-14,July,Q3,2025,Air Mauritius,MK,Star Air,XX,USD,246,165765.0,9945.9,2570.0,140340.15,8420.44,2186.29,25424.85,1525.46,383.71,15.34,84.66
2025-09-26,September,Q3,2025,SIA,SQ,Star Air,XX,USD,238,119735.0,7184.1,3040.0,100578.58,6034.68,2483.87,19156.42,1149.42,556.13,16.0,84.0
2025-07-14,July,Q3,2025,Air India,AI,Star Air,XX,USD,260,82095.0,4925.7,1280.0,69948.48,4196.99,1099.82,12146.52,728.71,180.18,14.8,85.2
2025-09-26,September,Q3,2025,Air Canada,AC,Star Air,XX,USD,249,74620.0,4477.2,1010.0,63325.63,3799.5,871.86,11294.37,677.7,138.14,15.14,84.86
2025-07-30,July,Q3,2025,PIA,PK,Star Air,XX,USD,237,75530.0,4531.8,1145.0,63184.11,3791.04,944.49,12345.89,740.76,200.51,16.35,83.65
2025-07-30,July,Q3,2025,American Airlines,AA,Star Air,XX,USD,490,527195.0,31631.7,7325.0,446294.63,26777.71,6174.14,80900.37,4853.99,1150.86,15.35,84.65
2025-07-30,July,Q3,2025,Emirates,EK,Star Air,XX,USD,231,71020.0,4261.2,1015.0,60319.0,3619.16,847.35,10701.0,642.04,167.65,15.07,84.93
2025-07-30,July,Q3,2025,Air Canada,AC,Star Air,XX,USD,245,73920.0,4435.2,1185.0,62002.37,3720.14,1001.96,11917.63,715.06,183.04,16.12,83.88
2025-12-16,December,Q4,2025,Jet Airways,9W,Star Air,XX,USD,485,128940.0,7736.4,13150.0,108603.46,6516.26,1681.66,20336.54,1220.14,11468.34,15.77,84.23
2025-08-08,August,Q3,2025,Emirates,EK,Star Air,XX,USD,504,162400.0,9744.0,2470.0,137244.15,8234.7,2080.91,25155.86,1509.3,389.09,15.49,84.51
2025-12-16,December,Q4,2025,Thai Airways International,TG,Star Air,XX,USD,240,161235.0,9674.1,1125.0,134508.85,8070.54,2039.38,26726.15,1603.56,-914.38,16.58,83.42
2025-12-03,December,Q4,2025,Qantas,QF,Star Air,XX,USD,992,1021685.0,61301.1,22585.0,861600.05,51695.94,13188.41,160084.95,9605.16,9396.59,15.67,84.33
2025-11-07,November,Q4,2025,Qantas,QF,Star Air,XX,USD,496,224150.0,13449.0,5215.0,190716.64,11443.04,2677.03,33433.36,2005.96,2537.97,14.92,85.08
2025-12-12,December,Q4,2025,Qantas,QF,Star Air,XX,USD,732,414145.0,24848.7,9955.0,348887.01,20933.25,4868.4,65257.99,3915.45,5086.6,15.76,84.24
2025-09-26,September,Q3,2025,Emirates,EK,Star Air,XX,USD,474,139435.0,8366.1,1830.0,117690.71,7061.29,1519.87,21744.29,1304.81,310.13,15.59,84.41
2025-12-12,December,Q4,2025,Jet Airways,9W,Star Air,XX,USD,263,69210.0,4152.6,425.0,58532.49,3511.83,880.29,10677.51,640.77,-455.29,15.43,84.57
2025-03-04,March,Q1,2025,Air New Zealand,NZ,Star Air,XX,USD,485,248970.0,14938.2,3585.0,209191.79,12551.58,2985.15,39778.21,2386.62,599.85,15.98,84.02
2025-01-08,January,Q1,2025,American Airlines,AA,Star Air,XX,USD,501,527775.0,31666.5,9550.0,449921.44,26995.31,8212.12,77853.56,4671.19,1337.88,14.75,85.25
2025-03-04,March,Q1,2025,Qantas,QF,Star Air,XX,USD,481,305535.0,18332.1,4130.0,257952.26,15477.04,3456.89,47582.74,2855.06,673.11,15.57,84.43
2025-03-30,March,Q1,2025,Air India,AI,Star Air,XX,USD,234,77515.0,4650.9,1555.0,66312.0,3978.73,1357.37,11203.0,672.17,197.63,14.45,85.55
2025-03-30,March,Q1,2025,Qantas,QF,Star Air,XX,USD,762,558210.0,33492.6,7380.0,472029.8,28321.8,6357.54,86180.2,5170.8,1022.46,15.44,84.56
2025-03-04,March,Q1,2025,Jet Airways,9W,Star Air,XX,USD,484,140845.0,8450.7,2585.0,119263.26,7155.76,2193.1,21581.74,1294.94,391.9,15.32,84.68
2025-03-30,March,Q1,2025,American Airlines,AA,Star Air,XX,USD,245,271625.0,16297.5,2785.0,227802.53,13668.23,2291.78,43822.47,2629.27,493.22,16.13,83.87
2025-03-30,March,Q1,2025,Air Canada,AC,Star Air,XX,USD,259,77020.0,4621.2,1155.0,65079.21,3904.66,982.94,11940.79,716.54,172.06,15.5,84.5
2025-03-11,March,Q1,2025,Air India,AI,Star Air,XX,USD,237,74460.0,4467.6,925.0,62537.24,3752.22,781.91,11922.76,715.38,143.09,16.01,83.99
2025-03-11,March,Q1,2025,Jet Airways,9W,Star Air,XX,USD,495,128095.0,7685.7,1905.0,108319.3,6499.14,1601.09,19775.7,1186.56,303.91,15.44,84.56
2025-03-11,March,Q1,2025,Qantas,QF,Star Air,XX,USD,259,143865.0,8631.9,1845.0,123308.76,7398.51,1544.54,20556.24,1233.39,300.46,14.29,85.71
2025-03-11,March,Q1,2025,Air New Zealand,NZ,Star Air,XX,USD,260,79090.0,4745.4,825.0,66888.26,4013.32,705.24,12201.74,732.08,119.76,15.43,84.57
2025-03-30,March,Q1,2025,PIA,PK,Star Air,XX,USD,221,71400.0,4284.0,855.0,60762.84,3645.8,755.46,10637.16,638.2,99.54,14.9,85.1
2025-03-30,March,Q1,2025,Emirates,EK,Star Air,XX,USD,436,133490.0,8009.4,1930.0,113541.89,6812.4,1629.08,19948.11,1197.0,300.92,14.94,85.06
2025-03-04,March,Q1,2025,SIA,SQ,Star Air,XX,USD,257,109285.0,6557.1,2335.0,92814.09,5568.83,1972.89,16470.91,988.27,362.11,15.07,84.93
2025-01-08,January,Q1,2025,Qantas,QF,Star Air,XX,USD,752,783560.0,47013.6,10020.0,657785.89,39467.17,8554.42,125774.11,7546.43,1465.58,16.05,83.95
2025-03-30,March,Q1,2025,Blue Panorama,BV,Star Air,XX,USD,240,72860.0,4371.6,1055.0,62098.43,3725.91,891.08,10761.57,645.69,163.92,14.77,85.23
2025-01-08,January,Q1,2025,Emirates,EK,Star Air,XX,USD,496,143360.0,8601.6,2410.0,121587.08,7295.18,2011.8,21772.92,1306.42,398.2,15.19,84.81
2025-03-30,March,Q1,2025,British Airways,BA,Star Air,XX,USD,252,142650.0,8559.0,1920.0,120787.3,7247.28,1654.46,21862.7,1311.72,265.54,15.33,84.67
2025-03-04,March,Q1,2025,Air Mauritius,MK,Star Air,XX,USD,250,162325.0,9739.5,2180.0,137776.28,8266.67,1787.46,24548.72,1472.83,392.54,15.12,84.88
2025-03-11,March,Q1,2025,Emirates,EK,Star Air,XX,USD,502,146335.0,8780.1,2015.0,123385.5,7402.93,1700.45,22949.5,1377.17,314.55,15.68,84.32
2025-01-08,January,Q1,2025,PIA,PK,Star Air,XX,USD,250,73610.0,4416.6,915.0,61997.32,3719.81,760.52,11612.68,696.79,154.48,15.78,84.22
2025-03-11,March,Q1,2025,SIA,SQ,Star Air,XX,USD,252,117500.0,7050.0,1470.0,99407.73,5964.5,1217.94,18092.27,1085.5,252.06,15.4,84.6
2025-03-11,March,Q1,2025,Air Canada,AC,Star Air,XX,USD,259,75940.0,4556.4,930.0,64524.51,3871.52,775.48,11415.49,684.88,154.52,15.03,84.97
2025-05-11,May,Q2,2025,Air India,AI,Star Air,XX,USD,208,76075.0,4564.5,910.0,63947.09,3836.91,764.39,12127.91,727.59,145.61,15.94,84.06
2025-04-15,April,Q2,2025,Air New Zealand,NZ,Star Air,XX,USD,485,278895.0,16733.7,3465.0,235451.62,14127.13,2992.6,43443.38,2606.57,472.4,15.58,84.42
2025-04-15,April,Q2,2025,JetBlue,B6,Star Air,XX,USD,245,377925.0,22675.5,5480.0,321235.62,19274.1,4684.8,56689.38,3401.4,795.2,15.0,85.0
2025-05-09,May,Q2,2025,Qantas,QF,Star Air,XX,USD,249,177195.0,10631.7,3315.0,149369.39,8962.23,2780.91,27825.61,1669.47,534.09,15.7,84.3
2025-05-09,May,Q2,2025,Air New Zealand,NZ,Star Air,XX,USD,259,88415.0,5304.9,1155.0,74948.16,4496.85,970.39,13466.84,808.05,184.61,15.23,84.77
2025-04-15,April,Q2,2025,Qantas,QF,Star Air,XX,USD,457,274170.0,16450.2,3685.0,233556.41,14013.41,3141.42,40613.59,2436.79,543.58,14.81,85.19
2025-05-09,May,Q2,2025,Jet Airways,9W,Star Air,XX,USD,248,86410.0,5184.6,2410.0,73578.62,4414.83,2060.45,12831.38,769.77,349.55,14.85,85.15
2025-04-15,April,Q2,2025,Jet Airways,9W,Star Air,XX,USD,487,153680.0,9220.8,1995.0,130819.73,7849.21,1776.4,22860.27,1371.59,218.6,14.88,85.12
2025-06-21,June,Q2,2025,Thai Airways International,TG,Star Air,XX,USD,247,167005.0,10020.3,2965.0,141939.68,8516.46,2572.96,25065.32,1503.84,392.04,15.01,84.99
2025-04-15,April,Q2,2025,Air India,AI,Star Air,XX,USD,234,80270.0,4816.2,1260.0,67934.29,4076.1,1078.72,12335.71,740.1,181.28,15.37,84.63
2025-04-16,April,Q2,2025,Air India,AI,Star Air,XX,USD,243,84410.0,5064.6,1165.0,71908.82,4314.56,1000.24,12501.18,750.04,164.76,14.81,85.19
2025-05-24,May,Q2,2025,Jet Airways,9W,Star Air,XX,USD,252,76825.0,4609.5,1250.0,64037.3,3842.25,1060.34,12787.7,767.25,189.66,16.65,83.35
2025-05-09,May,Q2,2025,PIA,PK,Star Air,XX,USD,231,72975.0,4378.5,1135.0,62158.96,3729.55,966.02,10816.04,648.95,168.98,14.82,85.18
2025-05-11,May,Q2,2025,PIA,PK,Star Air,XX,USD,226,79645.0,4778.7,1160.0,67982.45,4078.94,1001.02,11662.55,699.76,158.98,14.64,85.36
2025-06-21,June,Q2,2025,Air Canada,AC,Star Air,XX,USD,223,71685.0,4301.1,1045.0,61356.78,3681.44,907.15,10328.22,619.66,137.85,14.41,85.59
2025-06-21,June,Q2,2025,Emirates,EK,Star Air,XX,USD,227,74900.0,4494.0,960.0,63604.51,3816.28,818.84,11295.49,677.72,141.16,15.08,84.92
2025-05-24,May,Q2,2025,PIA,PK,Star Air,XX,USD,230,72385.0,4343.1,750.0,61378.43,3682.64,652.11,11006.57,660.46,97.89,15.21,84.79
2025-05-24,May,Q2,2025,Emirates,EK,Star Air,XX,USD,699,221265.0,13275.9,2900.0,187814.07,11268.85,2480.2,33450.93,2007.05,419.8,15.12,84.88
2025-05-24,May,Q2,2025,Air Canada,AC,Star Air,XX,USD,464,141655.0,8499.3,2240.0,120606.01,7236.33,1935.07,21048.99,1262.97,304.93,14.86,85.14
2025-05-11,May,Q2,2025,Qantas,QF,Star Air,XX,USD,511,570440.0,34226.4,8530.0,483346.5,29000.73,7177.0,87093.5,5225.67,1353.0,15.27,84.73
2025-05-11,May,Q2,2025,American Airlines,AA,Star Air,XX,USD,223,296150.0,17769.0,4190.0,249853.59,14991.22,3555.16,46296.41,2777.78,634.84,15.63,84.37
2025-06-21,June,Q2,2025,Qantas,QF,Star Air,XX,USD,228,189480.0,11368.8,3125.0,160354.2,9621.23,2619.61,29125.8,1747.57,505.39,15.37,84.63
2025-06-21,June,Q2,2025,American Airlines,AA,Star Air,XX,USD,233,287435.0,17246.1,4130.0,244667.48,14680.06,3539.67,42767.52,2566.04,590.33,14.88,85.12
2025-04-16,April,Q2,2025,Qantas,QF,Star Air,XX,USD,970,1131535.0,67892.1,15210.0,960007.57,56190.73,12931.87,171527.43,11701.37,2278.13,15.16,84.84
2025-05-11,May,Q2,2025,Air Canada,AC,Star Air,XX,USD,238,76100.0,4566.0,1060.0,64658.25,3879.49,907.17,11441.75,686.51,152.83,15.04,84.96
2025-05-11,May,Q2,2025,Emirates,EK,Star Air,XX,USD,249,83475.0,5008.5,1345.0,70449.15,4226.99,1105.63,13025.85,781.51,239.37,15.6,84.4
2025-06-21,June,Q2,2025,British Airways,BA,Star Air,XX,USD,248,134725.0,8083.5,1445.0,113987.74,6839.18,1261.79,20737.26,1244.32,183.21,15.39,84.61
2025-05-11,May,Q2,2025,Vietnam Airlines,VN,Star Air,XX,USD,1,820.0,49.2,80.0,731.14,43.87,73.11,88.86,5.33,6.89,10.84,89.16
2025-05-24,May,Q2,2025,American Airlines,AA,Star Air,XX,USD,245,302725.0,18163.5,3970.0,255865.94,15351.99,3340.09,46859.06,2811.51,629.91,15.48,84.52
2025-04-15,April,Q2,2025,Emirates,EK,Star Air,XX,USD,477,150215.0,9012.9,2285.0,127161.01,7629.64,1956.97,23053.99,1383.26,328.03,15.35,84.65
2025-04-15,April,Q2,2025,SIA,SQ,Star Air,XX,USD,245,113530.0,6811.8,1525.0,97125.76,5827.59,1285.11,16404.24,984.21,239.89,14.45,85.55
2025-05-11,May,Q2,2025,JetBlue,B6,Star Air,XX,USD,243,361050.0,21663.0,4610.0,305973.91,18358.44,4075.49,55076.09,3304.56,534.51,15.25,84.75
2025-05-24,May,Q2,2025,Qantas,QF,Star Air,XX,USD,232,301420.0,18085.2,6530.0,256453.7,14853.94,5653.84,44966.3,3231.26,876.16,14.92,85.08
2025-04-15,April,Q2,2025,PIA,PK,Star Air,XX,USD,253,82155.0,4929.3,985.0,69586.62,4220.74,828.19,12568.38,708.56,156.81,15.3,84.7
2025-06-21,June,Q2,2025,SIA,SQ,Star Air,XX,USD,250,97260.0,5835.6,1055.0,83113.18,4721.73,910.55,14146.82,1113.87,144.45,14.55,85.45
2025-05-24,May,Q2,2025,SIA,SQ,Star Air,XX,USD,270,119015.0,7140.9,1045.0,100142.67,5373.22,872.67,18872.33,1767.68,172.33,15.86,84.14
2025-04-15,April,Q2,2025,Air Canada,AC,Star Air,XX,USD,252,85400.0,5124.0,1100.0,72166.08,4329.94,921.19,13233.93,794.06,178.81,15.5,84.5
2025-04-16,April,Q2,2025,Air Canada,AC,Star Air,XX,USD,228,72110.0,4326.6,1110.0,61124.75,3667.46,911.89,10985.25,659.14,198.11,15.23,84.77
2025-08-22,August,Q3,2025,Air New Zealand,NZ,Star Air,XX,USD,261,199115.0,11946.9,2930.0,167184.4,10031.08,2534.78,31930.6,1915.82,395.22,16.04,83.96
2025-07-06,July,Q3,2025,Air France,AF,Star Air,XX,USD,256,249025.0,14941.5,4070.0,210458.14,12627.48,3510.99,38566.86,2314.02,559.01,15.49,84.51
2025-09-14,September,Q3,2025,Qantas,QF,Star Air,XX,USD,758,599615.0,35976.9,10190.0,508282.69,30496.94,8585.01,91332.31,5479.96,1604.99,15.23,84.77
2025-09-18,September,Q3,2025,Qantas,QF,Star Air,XX,USD,717,541305.0,32478.3,8800.0,453809.38,27228.62,7337.29,87495.62,5249.68,1462.71,16.16,83.84
2025-05-24,May,Q2,2025,Vietnam Airlines,VN,Star Air,XX,USD,1,875.0,52.5,0.0,777.62,46.66,0.0,97.38,5.84,0.0,11.13,88.87
2025-05-24,May,Q2,2025,SriLankan,UL,Star Air,XX,USD,1,830.0,49.8,0.0,653.45,39.21,0.0,176.55,10.59,0.0,21.27,78.73
2025-04-16,April,Q2,2025,American Airlines,AA,Star Air,XX,USD,252,302930.0,18175.8,3845.0,255929.69,13487.15,3210.78,47000.31,4688.65,634.22,15.52,84.48
2025-07-06,July,Q3,2025,Air India,AI,Star Air,XX,USD,190,66245.0,3974.7,750.0,55666.71,3340.0,627.12,10578.29,634.7,122.88,15.97,84.03
2025-08-22,August,Q3,2025,Jet Airways,9W,Star Air,XX,USD,259,77380.0,4642.8,930.0,65090.73,3905.42,776.55,12289.27,737.38,153.45,15.88,84.12
2025-09-18,September,Q3,2025,Thai Airways International,TG,Star Air,XX,USD,246,164920.0,9895.2,2535.0,140067.29,8404.03,2103.58,24852.71,1491.17,431.42,15.07,84.93
2025-09-14,September,Q3,2025,Air France,AF,Star Air,XX,USD,248,242645.0,14558.7,3955.0,204404.0,12264.25,3345.19,38241.01,2294.45,609.81,15.76,84.24
2025-05-09,May,Q2,2025,Emirates,EK,Star Air,XX,USD,487,163220.0,9793.2,2770.0,138237.63,8294.29,2365.0,24982.37,1498.91,405.0,15.31,84.69
2025-08-22,August,Q3,2025,Qantas,QF,Star Air,XX,USD,249,151455.0,9087.3,2235.0,127109.08,7626.59,1907.3,24345.92,1460.71,327.7,16.07,83.93
2025-08-29,August,Q3,2025,Jet Airways,9W,Star Air,XX,USD,251,68205.0,4092.3,975.0,57876.51,3472.56,832.34,10328.49,619.74,142.66,15.14,84.86
2025-08-29,August,Q3,2025,Qantas,QF,Star Air,XX,USD,494,313700.0,18822.0,4110.0,263849.77,15831.01,3445.9,49850.23,2990.99,664.1,15.89,84.11
2025-08-29,August,Q3,2025,Air New Zealand,NZ,Star Air,XX,USD,227,77215.0,4632.9,1360.0,64767.09,3886.05,1122.11,12447.91,746.85,237.89,16.12,83.88
2025-08-29,August,Q3,2025,Thai Airways International,TG,Star Air,XX,USD,244,157080.0,9424.8,2365.0,133612.06,8016.72,1969.08,23467.94,1408.08,395.92,14.94,85.06
2025-09-14,September,Q3,2025,PIA,PK,Star Air,XX,USD,235,72605.0,4356.3,900.0,62534.88,3752.12,791.38,10070.12,604.18,108.62,13.87,86.13
2025-07-06,July,Q3,2025,Emirates,EK,Star Air,XX,USD,477,156445.0,9386.7,2395.0,131029.39,7861.71,1977.84,25415.61,1524.99,417.16,16.25,83.75
2025-07-06,July,Q3,2025,American Airlines,AA,Star Air,XX,USD,243,274305.0,16458.3,4650.0,231228.94,13873.77,3986.86,43076.06,2584.53,663.14,15.7,84.3
2025-08-29,August,Q3,2025,PIA,PK,Star Air,XX,USD,242,71170.0,4270.2,760.0,60405.17,3624.24,638.53,10764.83,645.96,121.47,15.13,84.87
2025-09-18,September,Q3,2025,JetBlue,B6,Star Air,XX,USD,157,217815.0,13068.9,3385.0,182449.48,10946.96,2794.45,35365.53,2121.94,590.55,16.24,83.76
2025-07-06,July,Q3,2025,PIA,PK,Star Air,XX,USD,207,65080.0,3904.8,1255.0,54841.72,3290.47,1045.32,10238.28,614.33,209.68,15.73,84.27
2025-09-14,September,Q3,2025,Blue Panorama,BV,Star Air,XX,USD,229,68485.0,4109.1,1295.0,58625.11,3517.45,1104.95,9859.89,591.65,190.05,14.4,85.6
2025-09-14,September,Q3,2025,Emirates,EK,Star Air,XX,USD,471,145640.0,8738.4,2405.0,122844.28,7370.6,2038.16,22795.72,1367.8,366.84,15.65,84.35
2025-09-18,September,Q3,2025,Air India,AI,Star Air,XX,USD,242,68605.0,4116.3,830.0,58445.48,3506.74,715.11,10159.52,609.56,114.89,14.81,85.19
2025-08-22,August,Q3,2025,SIA,SQ,Star Air,XX,USD,249,109445.0,6566.7,2310.0,92133.06,5527.94,1928.22,17311.94,1038.76,381.78,15.82,84.18
2025-09-14,September,Q3,2025,British Airways,BA,Star Air,XX,USD,250,129050.0,7743.0,1870.0,107777.97,6466.71,1557.33,21272.03,1276.29,312.67,16.48,83.52
2025-07-06,July,Q3,2025,JetBlue,B6,Star Air,XX,USD,243,373280.0,22396.8,5605.0,316913.11,19014.85,4733.36,56366.89,3381.95,871.64,15.1,84.9
2025-07-06,July,Q3,2025,Qantas,QF,Star Air,XX,USD,533,443770.0,26626.2,8035.0,377567.73,22654.02,6755.1,66202.27,3972.18,1279.9,14.92,85.08
2025-08-29,August,Q3,2025,Emirates,EK,Star Air,XX,USD,257,77455.0,4647.3,1010.0,65807.62,3948.47,852.67,11647.39,698.83,157.33,15.04,84.96
2025-12-04,December,Q4,2025,Qantas,QF,Star Air,XX,USD,686,527745.0,31664.7,4885.0,446885.33,26813.22,5706.22,80859.67,4851.48,-821.22,15.32,84.68
2025-12-05,December,Q4,2025,Air New Zealand,NZ,Star Air,XX,USD,266,179580.0,10774.8,4430.0,151418.66,9085.24,2391.59,28161.34,1689.56,2038.41,15.68,84.32
2025-09-18,September,Q3,2025,Air Canada,AC,Star Air,XX,USD,263,74220.0,4453.2,1295.0,62467.19,3748.11,1084.22,11752.81,705.09,210.78,15.84,84.16
2025-12-04,December,Q4,2025,Thai Airways International,TG,Star Air,XX,USD,260,174975.0,10498.5,1200.0,147315.25,8838.9,1953.37,27659.75,1659.6,-753.37,15.81,84.19
2025-10-14,October,Q4,2025,Thai Airways International,TG,Star Air,XX,USD,231,157190.0,9431.4,1700.0,131722.91,7903.35,2916.33,25467.09,1528.05,-1216.33,16.2,83.8
2025-12-05,December,Q4,2025,Qantas,QF,Star Air,XX,USD,525,244295.0,14657.7,5035.0,206028.29,12361.71,2543.19,38266.71,2295.99,2491.81,15.66,84.34
2025-11-19,November,Q4,2025,Thai Airways International,TG,Star Air,XX,USD,238,162895.0,9773.7,855.0,136451.66,8187.12,1385.3,26443.34,1586.58,-530.3,16.23,83.77
2025-11-07,November,Q4,2025,Air New Zealand,NZ,Star Air,XX,USD,249,85210.0,5112.6,1415.0,71541.35,4292.53,815.23,13668.66,820.07,599.77,16.04,83.96
2025-12-12,December,Q4,2025,Thai Airways International,TG,Star Air,XX,USD,251,155555.0,9333.3,13890.0,131675.15,7900.53,2649.62,23879.85,1432.77,11240.38,15.35,84.65
2025-12-12,December,Q4,2025,PIA,PK,Star Air,XX,USD,244,70485.0,4229.1,21475.0,60077.11,3604.65,569.11,10407.9,624.45,20905.89,14.77,85.23
2025-12-16,December,Q4,2025,Qantas,QF,Star Air,XX,USD,487,312705.0,18762.3,3765.0,263945.92,15836.73,4481.19,48759.08,2925.57,-716.19,15.59,84.41
2025-12-03,December,Q4,2025,British Airways,BA,Star Air,XX,USD,486,230570.0,13834.2,6215.0,193717.82,11623.02,2419.35,36852.18,2211.18,3795.65,15.98,84.02
2025-12-16,December,Q4,2025,SIA,SQ,Star Air,XX,USD,251,108720.0,6523.2,690.0,91615.94,5496.91,784.51,17104.06,1026.29,-94.51,15.73,84.27
2025-11-07,November,Q4,2025,Air Canada,AC,Star Air,XX,USD,250,79900.0,4794.0,1180.0,67943.33,4076.66,1460.54,11956.67,717.34,-280.54,14.96,85.04
2025-11-07,November,Q4,2025,SIA,SQ,Star Air,XX,USD,246,94265.0,5655.9,885.0,81462.1,4887.68,1149.02,12802.9,768.22,-264.02,13.58,86.42
2025-12-03,December,Q4,2025,American Airlines,AA,Star Air,XX,USD,255,266830.0,16009.8,8330.0,224434.04,13466.06,3252.15,42395.96,2543.74,5077.85,15.89,84.11
2025-12-16,December,Q4,2025,Air Mauritius,MK,Star Air,XX,USD,225,133205.0,7992.3,825.0,113177.96,6790.63,1664.43,20027.04,1201.67,-839.43,15.03,84.97
2025-11-07,November,Q4,2025,Emirates,EK,Star Air,XX,USD,490,142330.0,8539.8,4555.0,120894.42,7253.65,2318.42,21435.58,1286.15,2236.58,15.06,84.94
2025-12-12,December,Q4,2025,Emirates,EK,Star Air,XX,USD,237,69000.0,4140.0,1250.0,58944.51,3536.73,492.11,10055.49,603.27,757.89,14.57,85.43
2025-12-03,December,Q4,2025,Air Canada,AC,Star Air,XX,USD,476,135405.0,8124.3,4170.0,115396.24,6923.78,1875.65,20008.77,1200.52,2294.35,14.78,85.22
2025-12-03,December,Q4,2025,Emirates,EK,Star Air,XX,USD,242,75070.0,4504.2,1945.0,62976.73,3778.58,980.67,12093.27,725.62,964.33,16.11,83.89
2026-03-20,March,Q1,2026,Jet Airways,9W,Star Air,XX,USD,241,64425.0,3865.5,1110.0,54992.35,3299.52,956.56,9432.65,565.98,153.44,14.64,85.36
2026-03-20,March,Q1,2026,British Airways,BA,Star Air,XX,USD,243,119215.0,7152.9,1930.0,100501.29,6029.95,1668.06,18713.71,1122.95,261.94,15.7,84.3
2026-03-20,March,Q1,2026,PIA,PK,Star Air,XX,USD,220,62345.0,3740.7,1090.0,53039.93,3182.48,958.19,9305.07,558.22,131.81,14.93,85.07
2026-03-20,March,Q1,2026,Air Mauritius,MK,Star Air,XX,USD,251,170995.0,10259.7,3160.0,143822.56,8629.34,2688.35,27172.44,1630.36,471.65,15.89,84.11
2026-03-20,March,Q1,2026,Air Canada,AC,Star Air,XX,USD,236,67785.0,4067.1,1065.0,57343.52,3440.54,913.4,10441.48,626.56,151.6,15.4,84.6
2026-03-20,March,Q1,2026,American Airlines,AA,Star Air,XX,USD,255,262905.0,15774.3,4185.0,222327.98,13339.66,3500.05,40577.02,2434.64,684.95,15.43,84.57
2026-03-20,March,Q1,2026,SIA,SQ,Star Air,XX,USD,263,101385.0,6083.1,1820.0,86436.89,5186.19,1569.74,14948.11,896.91,250.26,14.74,85.26
2026-03-20,March,Q1,2026,Emirates,EK,Star Air,XX,USD,509,165225.0,9913.5,2060.0,139660.29,8379.68,1775.45,25564.71,1533.82,284.55,15.47,84.53
2025-10-14,October,Q4,2025,Vietnam Airlines,VN,Star Air,XX,USD,1,360.0,21.6,0.0,335.75,20.14,0.0,24.25,1.46,0.0,6.74,93.26
2025-12-05,December,Q4,2025,Thai Airways International,TG,Star Air,XX,USD,268,170140.0,10208.4,13050.0,141356.35,8481.37,1846.12,28783.65,1727.03,11203.88,16.92,83.08
2025-11-19,November,Q4,2025,Air India,AI,Star Air,XX,USD,242,73720.0,4423.2,11255.0,63113.64,3786.81,806.08,10606.36,636.39,10448.92,14.39,85.61
2025-10-14,October,Q4,2025,Qantas,QF,Star Air,XX,USD,246,156890.0,9413.4,2255.0,133167.62,7990.06,2453.81,23722.38,1423.34,-198.81,15.12,84.88
2025-11-19,November,Q4,2025,American Airlines,AA,Star Air,XX,USD,491,522875.0,31372.5,11310.0,443734.84,26624.15,6848.05,79140.16,4748.35,4461.95,15.14,84.86
2025-10-14,October,Q4,2025,SIA,SQ,Star Air,XX,USD,244,103535.0,6212.1,1135.0,87687.01,5261.2,1350.17,15847.99,950.9,-215.17,15.31,84.69
2025-12-04,December,Q4,2025,JetBlue,B6,Star Air,XX,USD,226,311505.0,18690.3,3505.0,261825.6,15709.48,5108.91,49679.4,2980.82,-1603.91,15.95,84.05
2025-11-19,November,Q4,2025,British Airways,BA,Star Air,XX,USD,451,230405.0,13824.3,5230.0,192179.29,11530.63,2466.48,38225.72,2293.67,2763.52,16.59,83.41
2025-12-04,December,Q4,2025,Air India,AI,Star Air,XX,USD,228,64020.0,3841.2,5370.0,54151.5,3249.19,498.05,9868.5,592.01,4871.95,15.41,84.59
2025-12-05,December,Q4,2025,SIA,SQ,Star Air,XX,USD,235,100650.0,6039.0,1240.0,85004.09,5100.17,1861.28,15645.91,938.83,-621.28,15.54,84.46
2025-10-14,October,Q4,2025,Emirates,EK,Star Air,XX,USD,245,70735.0,4244.1,685.0,60579.98,3634.78,811.07,10155.02,609.32,-126.07,14.36,85.64
2025-11-19,November,Q4,2025,Emirates,EK,Star Air,XX,USD,472,134320.0,8059.2,2295.0,113145.25,6788.82,1609.25,21174.75,1270.38,685.75,15.76,84.24
2025-12-04,December,Q4,2025,PIA,PK,Star Air,XX,USD,247,74565.0,4473.9,510.0,63698.26,3821.91,1067.94,10866.74,651.99,-557.94,14.57,85.43
2025-10-14,October,Q4,2025,PIA,PK,Star Air,XX,USD,246,71515.0,4290.9,815.0,60368.64,3622.09,1267.26,11146.36,668.81,-452.26,15.59,84.41
2025-10-14,October,Q4,2025,Air Mauritius,MK,Star Air,XX,USD,247,153630.0,9217.8,1060.0,129210.7,7752.61,1704.96,24419.3,1465.19,-644.96,15.89,84.11
2025-12-04,December,Q4,2025,Air Canada,AC,Star Air,XX,USD,239,70625.0,4237.5,860.0,59712.74,3582.75,443.23,10912.26,654.75,416.77,15.45,84.55
2025-12-04,December,Q4,2025,Emirates,EK,Star Air,XX,USD,466,135615.0,8136.9,3420.0,114574.51,6874.39,1465.77,21040.49,1262.51,1954.23,15.51,84.49
2025-12-05,December,Q4,2025,Emirates,EK,Star Air,XX,USD,244,72415.0,4344.9,2270.0,60624.57,3637.47,960.45,11790.43,707.43,1309.55,16.28,83.72
2025-11-19,November,Q4,2025,Qantas,QF,Star Air,XX,USD,239,293570.0,17614.2,6380.0,246622.0,14797.36,3302.12,46948.0,2816.84,3077.88,15.99,84.01
2026-02-04,February,Q1,2026,Thai Airways International,TG,Star Air,XX,USD,245,153320.0,9199.2,2080.0,129724.0,7783.44,1786.46,23596.0,1415.76,293.54,15.39,84.61
2025-11-19,November,Q4,2025,Air Canada,AC,Star Air,XX,USD,495,141480.0,8488.8,3745.0,120408.09,7224.59,1771.84,21071.91,1264.21,1973.16,14.89,85.11
2026-01-15,January,Q1,2026,Air France,AF,Star Air,XX,USD,252,202015.0,12120.9,2745.0,173752.83,10425.19,2325.19,28262.17,1695.71,419.81,13.99,86.01
2026-01-15,January,Q1,2026,Qantas,QF,Star Air,XX,USD,702,636310.0,38178.6,10985.0,541377.79,32482.56,9298.12,94932.21,5696.04,1686.88,14.92,85.08
2026-01-23,January,Q1,2026,Air New Zealand,NZ,Star Air,XX,USD,242,165930.0,9955.8,2420.0,141175.43,8470.56,2035.96,24754.57,1485.24,384.04,14.92,85.08
2026-01-23,January,Q1,2026,Qantas,QF,Star Air,XX,USD,508,221955.0,13317.3,2990.0,187870.83,11272.35,2484.78,34084.17,2044.95,505.22,15.36,84.64
2026-01-15,January,Q1,2026,Air India,AI,Star Air,XX,USD,234,65135.0,3908.1,925.0,56430.5,3385.76,795.32,8704.5,522.34,129.68,13.36,86.64
2026-01-23,January,Q1,2026,SIA,SQ,Star Air,XX,USD,235,88410.0,5304.6,1320.0,74943.57,4496.51,1145.2,13466.43,808.09,174.8,15.23,84.77
2026-02-04,February,Q1,2026,American Airlines,AA,Star Air,XX,USD,254,291790.0,17507.4,5730.0,248667.64,14920.1,4848.05,43122.36,2587.3,881.95,14.78,85.22
2026-02-04,February,Q1,2026,Emirates,EK,Star Air,XX,USD,240,67360.0,4041.6,925.0,57243.63,3434.57,766.39,10116.37,607.03,158.61,15.02,84.98
2026-02-04,February,Q1,2026,British Airways,BA,Star Air,XX,USD,242,116225.0,6973.5,1515.0,99040.9,5942.32,1300.25,17184.1,1031.18,214.75,14.79,85.21
2026-02-04,February,Q1,2026,PIA,PK,Star Air,XX,USD,243,71130.0,4267.8,1045.0,60314.94,3618.87,921.57,10815.06,648.93,123.43,15.2,84.8
2026-01-15,January,Q1,2026,PIA,PK,Star Air,XX,USD,250,69935.0,4196.1,1615.0,59559.1,3573.52,1369.94,10375.9,622.58,245.06,14.84,85.16
2026-01-15,January,Q1,2026,Air Mauritius,MK,Star Air,XX,USD,249,145620.0,8737.2,2340.0,123185.17,7391.11,1944.58,22434.83,1346.09,395.42,15.41,84.59
2026-01-15,January,Q1,2026,Air Canada,AC,Star Air,XX,USD,235,62955.0,3777.3,845.0,53323.76,3199.43,690.99,9631.24,577.87,154.01,15.3,84.7
2026-02-04,February,Q1,2026,Air Canada,AC,Star Air,XX,USD,236,71070.0,4264.2,1130.0,59584.69,3575.13,963.32,11485.31,689.07,166.68,16.16,83.84
2025-03-16,March,Q1,2025,Qantas,QF,Star Air,XX,USD,1270,1204975.0,72298.5,17250.0,1013591.05,60815.57,14592.47,191383.96,11482.93,2657.53,15.88,84.12
2025-03-16,March,Q1,2025,Air India,AI,Star Air,XX,USD,190,65060.0,3903.6,1420.0,55121.62,3307.31,1220.46,9938.38,596.29,199.54,15.28,84.72
2025-03-16,March,Q1,2025,Air France,AF,Star Air,XX,USD,249,231155.0,13869.3,4075.0,194549.02,11672.86,3364.58,36605.98,2196.44,710.42,15.84,84.16
2025-02-01,February,Q1,2025,PIA,PK,Star Air,XX,USD,256,71340.0,4280.4,1135.0,60827.98,3649.7,945.51,10512.02,630.7,189.49,14.74,85.26
2025-02-01,February,Q1,2025,Thai Airways International,TG,Star Air,XX,USD,261,168305.0,10098.3,2950.0,142965.92,8578.07,2552.79,25339.08,1520.23,397.21,15.06,84.94
2025-02-01,February,Q1,2025,Jet Airways,9W,Star Air,XX,USD,247,66015.0,3960.9,810.0,55409.36,3324.64,686.08,10605.64,636.26,123.92,16.07,83.93
2025-02-01,February,Q1,2025,JetBlue,B6,Star Air,XX,USD,259,324995.0,19499.7,4050.0,274986.93,16499.25,3426.79,50008.07,3000.45,623.21,15.39,84.61
2025-03-16,March,Q1,2025,Thai Airways International,TG,Star Air,XX,USD,260,168195.0,10091.7,2010.0,144500.11,8669.99,1717.16,23694.89,1421.71,292.84,14.09,85.91
2025-02-01,February,Q1,2025,Emirates,EK,Star Air,XX,USD,519,144550.0,8673.0,2360.0,122421.91,7345.25,1985.58,22128.09,1327.75,374.42,15.31,84.69
2025-02-01,February,Q1,2025,American Airlines,AA,Star Air,XX,USD,511,569195.0,34151.7,10735.0,480451.89,28827.26,9043.27,88743.11,5324.44,1691.73,15.59,84.41
2025-03-16,March,Q1,2025,JetBlue,B6,Star Air,XX,USD,241,309850.0,18591.0,5300.0,264749.19,15884.94,4553.57,45100.81,2706.06,746.43,14.56,85.44
2025-02-01,February,Q1,2025,Qantas,QF,Star Air,XX,USD,249,292855.0,17571.3,3490.0,246841.12,14810.44,2949.27,46013.88,2760.86,540.73,15.71,84.29
2025-02-01,February,Q1,2025,SIA,SQ,Star Air,XX,USD,255,99735.0,5984.1,1410.0,85153.85,5109.23,1193.23,14581.15,874.87,216.77,14.62,85.38
2025-05-30,May,Q2,2025,Qantas,QF,Star Air,XX,USD,725,460955.0,27657.3,6670.0,387873.78,23272.31,5617.82,73081.22,4384.99,1052.18,15.85,84.15
2025-05-30,May,Q2,2025,Jet Airways,9W,Star Air,XX,USD,235,72750.0,4365.0,830.0,60811.65,3648.77,707.52,11938.35,716.23,122.48,16.41,83.59
2025-05-16,May,Q2,2025,Air New Zealand,NZ,Star Air,XX,USD,242,205590.0,12335.4,2900.0,171256.08,10275.41,2442.8,34333.92,2059.99,457.2,16.7,83.3
2025-06-02,June,Q2,2025,Qantas,QF,Star Air,XX,USD,722,599750.0,35985.0,7930.0,508313.55,30498.8,6939.81,91436.45,5486.2,990.19,15.25,84.75
2025-05-16,May,Q2,2025,Qantas,QF,Star Air,XX,USD,506,317120.0,19027.2,3930.0,266113.68,15966.85,3367.09,51006.32,3060.35,562.91,16.08,83.92
2025-05-30,May,Q2,2025,Air New Zealand,NZ,Star Air,XX,USD,238,86565.0,5193.9,1640.0,73629.34,4417.82,1384.69,12935.66,776.08,255.31,14.94,85.06
2025-05-26,May,Q2,2025,Qantas,QF,Star Air,XX,USD,240,155305.0,9318.3,1905.0,131161.55,7869.76,1596.59,24143.45,1448.54,308.41,15.55,84.45
2025-05-26,May,Q2,2025,Siberia Airlines,S7,Star Air,XX,USD,1,1070.0,64.2,0.0,932.24,55.93,0.0,137.76,8.27,0.0,12.87,87.13
2025-05-16,May,Q2,2025,Thai Airways International,TG,Star Air,XX,USD,242,167925.0,10075.5,2390.0,141474.43,8488.44,2005.33,26450.57,1587.06,384.67,15.75,84.25
2025-05-26,May,Q2,2025,Jet Airways,9W,Star Air,XX,USD,244,72945.0,4376.7,890.0,61952.89,3717.23,764.13,10992.11,659.47,125.87,15.07,84.93
2025-05-26,May,Q2,2025,Emirates,EK,Star Air,XX,USD,241,73390.0,4403.4,705.0,61817.56,3708.96,610.75,11572.44,694.44,94.25,15.77,84.23
2025-06-02,June,Q2,2025,Air Mauritius,MK,Star Air,XX,USD,244,185755.0,11145.3,3385.0,156256.68,9375.37,2923.42,29498.32,1769.93,461.58,15.88,84.12
2025-06-02,June,Q2,2025,Emirates,EK,Star Air,XX,USD,250,79495.0,4769.7,975.0,66651.76,3999.17,846.12,12843.24,770.53,128.88,16.16,83.84
2025-05-30,May,Q2,2025,Air Canada,AC,Star Air,XX,USD,251,82715.0,4962.9,1025.0,69939.14,4196.31,885.42,12775.86,766.59,139.58,15.45,84.55
2025-05-16,May,Q2,2025,SIA,SQ,Star Air,XX,USD,241,111750.0,6705.0,1545.0,94043.69,5642.64,1329.7,17706.31,1062.36,215.3,15.84,84.16
2025-06-02,June,Q2,2025,Air India,AI,Star Air,XX,USD,247,78435.0,4706.1,1120.0,65918.99,3904.49,947.75,12516.01,801.61,172.25,15.96,84.04
2025-05-16,May,Q2,2025,Emirates,EK,Star Air,XX,USD,491,159450.0,9567.0,2020.0,133514.58,8010.98,1687.58,25935.42,1556.02,332.42,16.27,83.73
2025-05-30,May,Q2,2025,Emirates,EK,Star Air,XX,USD,485,161910.0,9714.6,2575.0,136841.32,8210.43,2176.46,25068.68,1504.17,398.54,15.48,84.52
2025-07-11,July,Q3,2025,Air New Zealand,NZ,Star Air,XX,USD,236,190410.0,11424.6,3100.0,161852.63,9711.19,2654.33,28557.37,1713.41,445.67,15.0,85.0
2025-08-06,August,Q3,2025,Qantas,QF,Star Air,XX,USD,1013,987580.0,59254.8,15960.0,835402.04,50124.23,13429.56,152177.96,9130.57,2530.44,15.41,84.59
2025-07-11,July,Q3,2025,Qantas,QF,Star Air,XX,USD,763,511995.0,30719.7,7215.0,434214.79,26052.82,6201.59,77780.21,4666.88,1013.41,15.19,84.81
2025-08-07,August,Q3,2025,Thai Airways International,TG,Star Air,XX,USD,240,163535.0,9812.1,3035.0,138632.22,8318.02,2577.81,24902.78,1494.08,457.19,15.23,84.77
2025-07-23,July,Q3,2025,Thai Airways International,TG,Star Air,XX,USD,249,180365.0,10821.9,2930.0,151179.52,9070.78,2484.33,29185.48,1751.12,445.67,16.18,83.82
2025-07-23,July,Q3,2025,Qantas,QF,Star Air,XX,USD,764,839605.0,50376.3,12575.0,711741.22,42704.49,10664.82,127863.78,7671.81,1910.18,15.23,84.77
2025-07-11,July,Q3,2025,Thai Airways International,TG,Star Air,XX,USD,251,179855.0,10791.3,2340.0,151492.27,9089.53,1959.62,28362.73,1701.77,380.38,15.77,84.23
2025-08-04,August,Q3,2025,Qantas,QF,Star Air,XX,USD,489,296970.0,17818.2,4770.0,250568.85,15034.18,4059.27,46401.15,2784.02,710.73,15.62,84.38
2025-07-11,July,Q3,2025,PIA,PK,Star Air,XX,USD,244,79865.0,4791.9,925.0,67446.46,4046.74,798.74,12418.54,745.16,126.26,15.55,84.45
2025-08-06,August,Q3,2025,Air India,AI,Star Air,XX,USD,226,78000.0,4680.0,1055.0,65586.34,3935.09,928.29,12413.66,744.91,126.71,15.91,84.09
2025-07-23,July,Q3,2025,Air India,AI,Star Air,XX,USD,232,86910.0,5214.6,1475.0,74430.27,4465.78,1320.02,12479.73,748.82,154.98,14.36,85.64
2025-08-06,August,Q3,2025,American Airlines,AA,Star Air,XX,USD,517,560670.0,33640.2,9885.0,473865.07,28431.9,8268.28,86804.94,5208.3,1616.72,15.48,84.52
2025-08-31,August,Q3,2025,PIA,PK,Star Air,XX,USD,241,80175.0,4810.5,1360.0,67548.71,4052.94,1153.58,12626.29,757.56,206.42,15.75,84.25
2025-08-06,August,Q3,2025,British Airways,BA,Star Air,XX,USD,236,146910.0,8814.6,1945.0,123309.93,7398.6,1636.17,23600.07,1416.0,308.83,16.06,83.94
2025-08-07,August,Q3,2025,Qantas,QF,Star Air,XX,USD,254,208290.0,12497.4,2660.0,176191.11,10571.43,2234.31,32098.89,1925.97,425.69,15.41,84.59
2025-07-23,July,Q3,2025,American Airlines,AA,Star Air,XX,USD,219,246675.0,14800.5,4945.0,207269.46,12436.22,4093.92,39405.54,2364.28,851.08,15.97,84.03
2025-08-07,August,Q3,2025,JetBlue,B6,Star Air,XX,USD,218,303885.0,18233.1,2930.0,258686.58,15521.23,2506.6,45198.42,2711.87,423.4,14.87,85.13
2025-07-23,July,Q3,2025,British Airways,BA,Star Air,XX,USD,249,131995.0,7919.7,2085.0,112244.66,6734.71,1774.86,19750.34,1184.99,310.14,14.96,85.04
2025-08-31,August,Q3,2025,American Airlines,AA,Star Air,XX,USD,233,277175.0,16630.5,3160.0,232306.68,13938.45,2632.29,44868.32,2692.05,527.71,16.19,83.81
2025-08-07,August,Q3,2025,Air India,AI,Star Air,XX,USD,247,72485.0,4349.1,1180.0,60981.56,3658.89,980.35,11503.44,690.21,199.65,15.87,84.13
2025-08-31,August,Q3,2025,Qantas,QF,Star Air,XX,USD,958,885785.0,53147.1,13265.0,747965.06,44877.84,11265.48,137819.94,8269.26,1999.52,15.56,84.44
2025-08-04,August,Q3,2025,Emirates,EK,Star Air,XX,USD,240,77890.0,4673.4,1110.0,65322.77,3919.28,933.19,12567.23,754.12,176.81,16.13,83.87
2025-08-07,August,Q3,2025,Air Mauritius,MK,Star Air,XX,USD,212,148615.0,8916.9,2350.0,125102.44,7506.06,2011.09,23512.56,1410.84,338.91,15.82,84.18
2025-08-06,August,Q3,2025,PIA,PK,Star Air,XX,USD,262,82630.0,4957.8,1570.0,69621.63,4177.3,1279.28,13008.37,780.5,290.72,15.74,84.26
2025-08-31,August,Q3,2025,British Airways,BA,Star Air,XX,USD,263,149000.0,8940.0,2640.0,126309.22,7578.58,2167.78,22690.78,1361.42,472.22,15.23,84.77
2025-08-31,August,Q3,2025,Emirates,EK,Star Air,XX,USD,239,71035.0,4262.1,760.0,59795.82,3587.78,649.09,11239.18,674.32,110.91,15.82,84.18
2025-10-02,October,Q4,2025,Qantas,QF,Star Air,XX,USD,479,385000.0,23100.0,4185.0,327092.79,19625.57,5029.47,57907.21,3474.43,-844.47,15.04,84.96
2025-10-23,October,Q4,2025,Qantas,QF,Star Air,XX,USD,716,505530.0,30331.8,7525.0,428512.97,25710.73,5878.78,77017.04,4621.07,1646.22,15.23,84.77
2025-08-06,August,Q3,2025,Emirates,EK,Star Air,XX,USD,231,75070.0,4504.2,1395.0,62774.8,3766.49,1168.98,12295.2,737.71,226.02,16.38,83.62
2025-08-06,August,Q3,2025,Air Canada,AC,Star Air,XX,USD,237,73105.0,4386.3,1185.0,61786.37,3707.2,1000.43,11318.63,679.1,184.57,15.48,84.52
2025-08-07,August,Q3,2025,Emirates,EK,Star Air,XX,USD,249,77700.0,4662.0,840.0,65904.11,3954.35,710.98,11795.89,707.65,129.02,15.18,84.82
2025-07-23,July,Q3,2025,Air Canada,AC,Star Air,XX,USD,244,79325.0,4759.5,1225.0,67278.74,4036.76,1037.01,12046.26,722.74,187.99,15.19,84.81
2025-01-11,January,Q1,2025,Air India,AI,Star Air,XX,USD,242,76445.0,4586.7,1025.0,65648.55,3938.96,882.67,10796.45,647.74,142.33,14.12,85.88
2025-01-09,January,Q1,2025,Qantas,QF,Star Air,XX,USD,749,631980.0,37918.8,9530.0,535759.83,32145.4,8088.89,96220.17,5773.4,1441.11,15.23,84.77
2025-01-18,January,Q1,2025,JetBlue,B6,Star Air,XX,USD,243,303475.0,18208.5,3095.0,258351.55,15501.13,2592.14,45123.45,2707.37,502.86,14.87,85.13
2025-02-19,February,Q1,2025,American Airlines,AA,Star Air,XX,USD,524,549995.0,32999.7,9455.0,465470.85,27928.31,8073.19,84524.15,5071.39,1381.81,15.37,84.63
2025-02-19,February,Q1,2025,Air India,AI,Star Air,XX,USD,258,90875.0,5452.5,990.0,77381.1,4642.89,849.44,13493.9,809.61,140.56,14.85,85.15
2025-02-19,February,Q1,2025,Thai Airways International,TG,Star Air,XX,USD,265,155205.0,9312.3,2860.0,132870.14,7972.23,2433.96,22334.86,1340.07,426.04,14.39,85.61
2025-01-18,January,Q1,2025,Jet Airways,9W,Star Air,XX,USD,502,124945.0,7496.7,2100.0,106000.28,6359.93,1804.61,18944.72,1136.77,295.39,15.16,84.84
2025-01-11,January,Q1,2025,PIA,PK,Star Air,XX,USD,229,66915.0,4014.9,1050.0,57057.17,3423.35,905.98,9857.83,591.55,144.02,14.73,85.27
2025-01-18,January,Q1,2025,Thai Airways International,TG,Star Air,XX,USD,262,153825.0,9229.5,2510.0,130258.19,7815.52,2085.18,23566.81,1413.98,424.82,15.32,84.68
2025-01-11,January,Q1,2025,British Airways,BA,Star Air,XX,USD,254,130205.0,7812.3,2825.0,112305.51,6738.3,2560.7,17899.49,1074.0,264.3,13.75,86.25
2025-02-19,February,Q1,2025,British Airways,BA,Star Air,XX,USD,265,130710.0,7842.6,2155.0,112262.73,6735.7,1823.24,18447.27,1106.9,331.76,14.11,85.89
2025-02-19,February,Q1,2025,Qantas,QF,Star Air,XX,USD,786,814465.0,48867.9,9425.0,688048.73,41282.79,8126.11,126416.27,7585.11,1298.89,15.52,84.48
2025-01-09,January,Q1,2025,Air India,AI,Star Air,XX,USD,245,65995.0,3959.7,1305.0,56329.91,3379.79,1133.41,9665.09,579.91,171.59,14.65,85.35
2025-01-18,January,Q1,2025,Air Canada,AC,Star Air,XX,USD,500,136520.0,8191.2,1810.0,115854.85,6951.23,1548.39,20665.15,1239.97,261.61,15.14,84.86
2025-01-18,January,Q1,2025,Emirates,EK,Star Air,XX,USD,231,73490.0,4409.4,730.0,61407.94,3684.39,613.37,12082.06,725.01,116.63,16.44,83.56
2025-01-11,January,Q1,2025,Qantas,QF,Star Air,XX,USD,512,485875.0,29152.5,6940.0,408695.48,24521.71,5826.09,77179.52,4630.79,1113.91,15.88,84.12
2025-01-11,January,Q1,2025,American Airlines,AA,Star Air,XX,USD,520,531270.0,31876.2,6615.0,448318.18,26899.13,5568.92,82951.82,4977.07,1046.08,15.61,84.39
2025-02-19,February,Q1,2025,Emirates,EK,Star Air,XX,USD,493,143975.0,8638.5,2380.0,122193.44,7331.55,2043.21,21781.56,1306.95,336.79,15.13,84.87
2025-01-18,January,Q1,2025,American Airlines,AA,Star Air,XX,USD,266,266470.0,15988.2,4470.0,225164.13,13509.78,3751.94,41305.87,2478.42,718.06,15.5,84.5
2025-01-11,January,Q1,2025,Air Mauritius,MK,Star Air,XX,USD,261,165525.0,9931.5,2085.0,138308.61,8298.57,1781.46,27216.39,1632.93,303.54,16.44,83.56
2025-01-11,January,Q1,2025,Air Canada,AC,Star Air,XX,USD,457,126795.0,7607.7,1525.0,106491.8,6389.5,1262.12,20303.2,1218.2,262.88,16.01,83.99
2025-01-11,January,Q1,2025,Emirates,EK,Star Air,XX,USD,490,141925.0,8515.5,2125.0,120390.5,7223.46,1835.23,21534.5,1292.04,289.77,15.17,84.83
2025-01-09,January,Q1,2025,Air Mauritius,MK,Star Air,XX,USD,263,156925.0,9415.5,1705.0,132463.7,7947.9,1418.16,24461.3,1467.6,286.84,15.59,84.41
2025-02-19,February,Q1,2025,PIA,PK,Star Air,XX,USD,253,68765.0,4125.9,860.0,57454.83,3447.3,723.82,11310.17,678.6,136.18,16.45,83.55
2025-01-09,January,Q1,2025,Emirates,EK,Star Air,XX,USD,260,71095.0,4265.7,975.0,59860.9,3591.67,815.49,11234.1,674.03,159.51,15.8,84.2
2025-01-09,January,Q1,2025,Air Canada,AC,Star Air,XX,USD,247,72515.0,4350.9,1125.0,60768.92,3646.07,943.74,11746.08,704.83,181.26,16.2,83.8
2025-01-11,January,Q1,2025,SIA,SQ,Star Air,XX,USD,262,115290.0,6917.4,1960.0,97352.11,5841.1,1704.25,17937.89,1076.3,255.75,15.56,84.44
2025-01-18,January,Q1,2025,SIA,SQ,Star Air,XX,USD,264,106330.0,6379.8,1465.0,89501.79,5370.13,1261.03,16828.21,1009.67,203.97,15.83,84.17
2025-05-21,May,Q2,2025,Thai Airways International,TG,Star Air,XX,USD,245,169955.0,10197.3,2420.0,142916.49,8575.05,1995.89,27038.51,1622.25,424.11,15.91,84.09
2025-05-04,May,Q2,2025,Qantas,QF,Star Air,XX,USD,744,707615.0,42456.9,9760.0,596584.36,35795.07,8202.17,111030.64,6661.83,1557.83,15.69,84.31
2025-05-27,May,Q2,2025,Jet Airways,9W,Star Air,XX,USD,250,78920.0,4735.2,1325.0,66554.01,3993.23,1126.64,12365.99,741.97,198.36,15.67,84.33
2025-05-04,May,Q2,2025,Air India,AI,Star Air,XX,USD,245,83525.0,5011.5,1480.0,70919.15,4255.14,1257.78,12605.85,756.36,222.22,15.09,84.91
2025-04-10,April,Q2,2025,Qantas,QF,Star Air,XX,USD,697,520305.0,31218.3,7185.0,439913.06,26394.77,6065.42,80391.94,4823.53,1119.58,15.45,84.55
2025-04-10,April,Q2,2025,Air France,AF,Star Air,XX,USD,244,230745.0,13844.7,3775.0,195291.3,11717.49,3068.05,35453.7,2127.21,706.95,15.36,84.64
2025-05-27,May,Q2,2025,Air New Zealand,NZ,Star Air,XX,USD,481,277605.0,16656.3,4780.0,234588.12,14075.37,4013.78,43016.88,2580.93,766.22,15.5,84.5
2025-05-18,May,Q2,2025,Air India,AI,Star Air,XX,USD,203,74015.0,4440.9,1510.0,62951.89,3777.19,1282.7,11063.11,663.71,227.3,14.95,85.05
2025-05-04,May,Q2,2025,Emirates,EK,Star Air,XX,USD,679,224700.0,13482.0,3060.0,190308.26,11418.47,2570.44,34391.74,2063.53,489.56,15.31,84.69
2025-05-27,May,Q2,2025,JetBlue,B6,Star Air,XX,USD,244,370435.0,22226.1,5775.0,313288.76,18797.44,4849.76,57146.24,3428.66,925.24,15.43,84.57
2025-05-04,May,Q2,2025,Air France,AF,Star Air,XX,USD,240,266545.0,15992.7,4465.0,227548.89,13652.87,3732.56,38996.11,2339.83,732.44,14.63,85.37
2025-02-19,February,Q1,2025,Air Canada,AC,Star Air,XX,USD,249,66590.0,3995.4,825.0,56772.08,3406.25,690.75,9817.92,589.15,134.25,14.74,85.26
2025-05-14,May,Q2,2025,Qantas,QF,Star Air,XX,USD,715,709725.0,42583.5,10390.0,599409.97,35312.49,8802.53,110315.03,7271.01,1587.47,15.54,84.46
2025-05-27,May,Q2,2025,Qantas,QF,Star Air,XX,USD,475,376510.0,22590.6,5245.0,317272.33,19036.34,4398.1,59237.67,3554.26,846.9,15.73,84.27
2025-05-14,May,Q2,2025,Thai Airways International,TG,Star Air,XX,USD,251,186165.0,11169.9,3045.0,157112.58,9426.78,2600.57,29052.42,1743.12,444.43,15.61,84.39
2025-05-18,May,Q2,2025,Thai Airways International,TG,Star Air,XX,USD,246,185835.0,11150.1,3025.0,157648.24,9458.94,2573.11,28186.76,1691.16,451.89,15.17,84.83
2025-05-14,May,Q2,2025,Air India,AI,Star Air,XX,USD,227,88785.0,5327.1,970.0,75321.16,4519.37,781.13,13463.84,807.73,188.87,15.16,84.84
2025-05-21,May,Q2,2025,Air India,AI,Star Air,XX,USD,231,80245.0,4814.7,955.0,67739.42,4064.37,791.25,12505.58,750.33,163.75,15.58,84.42
2025-04-10,April,Q2,2025,Air India,AI,Star Air,XX,USD,247,74240.0,4454.4,1040.0,63313.62,3798.79,895.95,10926.38,655.61,144.05,14.72,85.28
2025-05-14,May,Q2,2025,American Airlines,AA,Star Air,XX,USD,235,283215.0,16992.9,4100.0,238852.31,14331.12,3468.13,44362.69,2661.78,631.87,15.66,84.34
2025-05-18,May,Q2,2025,American Airlines,AA,Star Air,XX,USD,494,623795.0,37427.7,8050.0,525250.47,31514.95,6711.89,98544.53,5912.75,1338.11,15.8,84.2
2025-05-18,May,Q2,2025,PIA,PK,Star Air,XX,USD,244,80200.0,4812.0,1550.0,67462.24,4047.76,1277.18,12737.76,764.24,272.82,15.88,84.12
2025-05-14,May,Q2,2025,British Airways,BA,Star Air,XX,USD,239,131270.0,7876.2,2095.0,112724.62,6763.47,1810.13,18545.38,1112.73,284.87,14.13,85.87
2025-05-18,May,Q2,2025,Qantas,QF,Star Air,XX,USD,701,868415.0,52104.9,13270.0,730688.62,43841.3,11171.06,137726.38,8263.6,2098.94,15.86,84.14
2025-05-21,May,Q2,2025,British Airways,BA,Star Air,XX,USD,230,118610.0,7116.6,1965.0,100695.39,6041.62,1694.24,17914.61,1074.98,270.76,15.1,84.9
2025-05-04,May,Q2,2025,Vietnam Airlines,VN,Star Air,XX,USD,1,1020.0,61.2,0.0,748.63,44.92,0.0,271.37,16.28,0.0,26.6,73.4
2025-05-14,May,Q2,2025,Emirates,EK,Star Air,XX,USD,469,156895.0,9413.7,2360.0,133018.92,7981.08,2011.07,23876.08,1432.62,348.93,15.22,84.78
2025-05-27,May,Q2,2025,Emirates,EK,Star Air,XX,USD,247,81855.0,4911.3,1025.0,68471.55,4108.27,878.58,13383.45,803.03,146.42,16.35,83.65
2025-05-04,May,Q2,2025,JetBlue,B6,Star Air,XX,USD,248,363065.0,21783.9,5680.0,305039.41,18302.33,4811.15,58025.59,3481.57,868.85,15.98,84.02
2025-04-10,April,Q2,2025,PIA,PK,Star Air,XX,USD,240,73830.0,4429.8,950.0,62139.55,3790.26,798.28,11690.45,639.54,151.72,15.83,84.17
2025-04-10,April,Q2,2025,Blue Panorama,BV,Star Air,XX,USD,256,76475.0,4588.5,1315.0,64760.97,3968.55,1083.89,11714.03,619.95,231.11,15.32,84.68
2025-05-14,May,Q2,2025,PIA,PK,Star Air,XX,USD,255,85910.0,5154.6,1020.0,72719.0,4371.95,853.18,13191.01,782.65,166.82,15.35,84.65
2025-05-21,May,Q2,2025,Qantas,QF,Star Air,XX,USD,236,298585.0,17915.1,4235.0,253751.19,15043.06,3570.93,44833.81,2872.04,664.07,15.02,84.98
2025-04-10,April,Q2,2025,Air Mauritius,MK,Star Air,XX,USD,249,153510.0,9210.6,1785.0,128963.74,7854.28,1518.76,24546.26,1356.32,266.24,15.99,84.01
2025-09-09,September,Q3,2025,Air New Zealand,NZ,Star Air,XX,USD,250,174330.0,10459.8,3250.0,148565.42,8913.99,2804.83,25764.58,1545.81,445.17,14.78,85.22
2025-07-01,July,Q3,2025,Air New Zealand,NZ,Star Air,XX,USD,505,292750.0,17565.0,6325.0,245654.03,14739.13,5256.49,47095.97,2825.87,1068.51,16.09,83.91
2025-09-19,September,Q3,2025,Air New Zealand,NZ,Star Air,XX,USD,229,169380.0,10162.8,2505.0,143206.58,8592.33,2090.69,26173.42,1570.47,414.31,15.45,84.55
2025-05-18,May,Q2,2025,Emirates,EK,Star Air,XX,USD,233,77810.0,4668.6,1540.0,65860.57,3951.61,1275.6,11949.43,716.99,264.4,15.36,84.64
2025-05-21,May,Q2,2025,American Airlines,AA,Star Air,XX,USD,258,318895.0,19133.7,4895.0,267381.61,11922.54,4204.76,51513.39,7211.16,690.24,16.15,83.85
2025-07-01,July,Q3,2025,Thai Airways International,TG,Star Air,XX,USD,260,176805.0,10608.3,2580.0,150777.5,9046.64,2159.29,26027.5,1561.66,420.71,14.72,85.28
2025-05-21,May,Q2,2025,Air Canada,AC,Star Air,XX,USD,480,161865.0,9711.9,2275.0,137278.53,8236.76,1960.77,24586.47,1475.14,314.23,15.19,84.81
2025-05-21,May,Q2,2025,Emirates,EK,Star Air,XX,USD,224,77220.0,4633.2,1025.0,64977.26,3898.59,896.75,12242.74,734.61,128.25,15.85,84.15
2025-04-10,April,Q2,2025,Emirates,EK,Star Air,XX,USD,259,84170.0,5050.2,1335.0,71457.84,4287.5,1126.15,12712.16,762.7,208.85,15.1,84.9
2025-04-10,April,Q2,2025,Air Canada,AC,Star Air,XX,USD,257,83625.0,5017.5,1150.0,71079.8,4264.76,960.04,12545.2,752.74,189.96,15.0,85.0
2025-07-01,July,Q3,2025,JetBlue,B6,Star Air,XX,USD,253,375165.0,22509.9,5650.0,314987.07,18899.25,4577.92,60177.94,3610.65,1072.08,16.04,83.96
2025-05-27,May,Q2,2025,Air Canada,AC,Star Air,XX,USD,256,86075.0,5164.5,1235.0,73008.86,4380.54,1008.61,13066.14,783.96,226.39,15.18,84.82
2025-09-19,September,Q3,2025,Qantas,QF,Star Air,XX,USD,246,86340.0,5180.4,1045.0,72718.12,4363.09,896.1,13621.88,817.31,148.9,15.78,84.22
2025-09-09,September,Q3,2025,Jet Airways,9W,Star Air,XX,USD,251,68145.0,4088.7,1090.0,58180.86,3490.9,927.98,9964.14,597.8,162.02,14.62,85.38
2025-09-13,September,Q3,2025,Jet Airways,9W,Star Air,XX,USD,497,146760.0,8805.6,1870.0,123705.43,7422.38,1565.74,23054.57,1383.22,304.26,15.71,84.29
2025-09-19,September,Q3,2025,Thai Airways International,TG,Star Air,XX,USD,251,177495.0,10649.7,2790.0,149817.56,8989.14,2334.21,27677.44,1660.56,455.79,15.59,84.41
2025-09-13,September,Q3,2025,Thai Airways International,TG,Star Air,XX,USD,242,168380.0,10102.8,2935.0,142070.57,8524.33,2526.68,26309.44,1578.47,408.32,15.63,84.37
2025-08-02,August,Q3,2025,Jet Airways,9W,Star Air,XX,USD,244,69460.0,4167.6,895.0,59124.23,3547.43,745.41,10335.77,620.17,149.59,14.88,85.12
2025-07-01,July,Q3,2025,Qantas,QF,Star Air,XX,USD,239,148545.0,8912.7,1815.0,125560.97,7533.64,1514.14,22984.03,1379.06,300.86,15.47,84.53
2025-07-01,July,Q3,2025,Air India,AI,Star Air,XX,USD,247,87730.0,5263.8,1390.0,74540.28,4472.38,1174.16,13189.72,791.42,215.84,15.03,84.97
2025-08-11,August,Q3,2025,Qantas,QF,Star Air,XX,USD,500,476495.0,28589.7,6835.0,403333.81,24200.0,5804.57,73161.19,4389.7,1030.43,15.35,84.65
2025-09-09,September,Q3,2025,Air India,AI,Star Air,XX,USD,235,79525.0,4771.5,1630.0,67565.41,4053.95,1380.78,11959.59,717.55,249.22,15.04,84.96
2025-08-02,August,Q3,2025,American Airlines,AA,Star Air,XX,USD,245,271795.0,16307.7,4360.0,234176.14,14050.5,3769.21,37618.86,2257.2,590.79,13.84,86.16
2025-09-13,September,Q3,2025,JetBlue,B6,Star Air,XX,USD,237,320295.0,19217.7,5005.0,272285.37,16337.15,4257.99,48009.63,2880.55,747.01,14.99,85.01
2025-09-13,September,Q3,2025,British Airways,BA,Star Air,XX,USD,248,130220.0,7813.2,1905.0,111983.79,6719.02,1625.53,18236.21,1094.18,279.47,14.0,86.0
2025-09-09,September,Q3,2025,Emirates,EK,Star Air,XX,USD,243,76850.0,4611.0,980.0,64653.84,3879.22,826.05,12196.16,731.78,153.95,15.87,84.13
2025-08-02,August,Q3,2025,Air Mauritius,MK,Star Air,XX,USD,253,164160.0,9849.6,2830.0,140242.07,8414.54,2402.89,23917.93,1435.06,427.11,14.57,85.43
2025-09-09,September,Q3,2025,SIA,SQ,Star Air,XX,USD,238,104080.0,6244.8,1950.0,88078.51,5284.71,1703.8,16001.49,960.09,246.2,15.37,84.63
2025-08-11,August,Q3,2025,Air Mauritius,MK,Star Air,XX,USD,248,166560.0,9993.6,2115.0,142150.94,8529.12,1799.1,24409.06,1464.48,315.9,14.65,85.35
2025-09-13,September,Q3,2025,Emirates,EK,Star Air,XX,USD,714,219490.0,13169.4,3855.0,185253.56,11115.17,3272.26,34236.44,2054.23,582.74,15.6,84.4
2025-09-19,September,Q3,2025,SIA,SQ,Star Air,XX,USD,231,93215.0,5592.9,1185.0,78085.56,4685.03,1011.49,15129.44,907.87,173.51,16.23,83.77
2025-08-02,August,Q3,2025,Air Canada,AC,Star Air,XX,USD,486,151465.0,9087.9,1745.0,128416.93,7704.99,1506.07,23048.07,1382.91,238.93,15.22,84.78
2025-09-19,September,Q3,2025,Air Canada,AC,Star Air,XX,USD,250,75150.0,4509.0,1265.0,63138.85,3788.36,1053.64,12011.15,720.64,211.36,15.98,84.02
2025-08-11,August,Q3,2025,Air India,AI,Star Air,XX,USD,264,79975.0,4798.5,1105.0,68210.38,4092.63,946.71,11764.62,705.87,158.29,14.71,85.29
2025-08-02,August,Q3,2025,Qantas,QF,Star Air,XX,USD,238,307120.0,18427.2,5785.0,258678.1,15520.62,4801.01,48441.9,2906.58,983.99,15.77,84.23
2025-07-01,July,Q3,2025,Vietnam Airlines,VN,Star Air,XX,USD,1,285.0,17.1,0.0,243.58,14.61,0.0,41.42,2.49,0.0,14.53,85.47
2025-09-13,September,Q3,2025,Qantas,QF,Star Air,XX,USD,237,314265.0,18855.9,4605.0,267046.01,16022.74,3931.49,47218.99,2833.16,673.51,15.03,84.97
2025-07-01,July,Q3,2025,Siberia Airlines,S7,Star Air,XX,USD,1,705.0,42.3,0.0,647.02,38.82,0.0,57.98,3.48,0.0,8.22,91.78
2025-07-01,July,Q3,2025,Air Canada,AC,Star Air,XX,USD,247,76740.0,4604.4,1000.0,64849.45,3890.92,855.22,11890.55,713.48,144.78,15.49,84.51
2025-08-02,August,Q3,2025,Emirates,EK,Star Air,XX,USD,499,155765.0,9345.9,2645.0,131753.2,7905.15,2244.52,24011.8,1440.75,400.48,15.42,84.58
2025-12-30,December,Q4,2025,Air New Zealand,NZ,Star Air,XX,USD,258,182660.0,10959.6,2700.0,154958.64,9297.49,2952.81,27701.36,1662.11,-252.81,15.17,84.83
2025-10-28,October,Q4,2025,Air New Zealand,NZ,Star Air,XX,USD,492,263030.0,15781.8,3570.0,221661.4,13299.72,3863.14,41368.6,2482.08,-293.14,15.73,84.27
2025-07-01,July,Q3,2025,SIA,SQ,Star Air,XX,USD,237,110700.0,6642.0,2025.0,93681.47,5620.91,1687.2,17018.53,1021.09,337.8,15.37,84.63
2025-08-02,August,Q3,2025,SIA,SQ,Star Air,XX,USD,250,114930.0,6895.8,1595.0,96760.69,5805.58,1335.4,18169.31,1090.22,259.6,15.81,84.19
2025-10-28,October,Q4,2025,Thai Airways International,TG,Star Air,XX,USD,238,150840.0,9050.4,1370.0,127379.89,7642.78,1825.05,23460.11,1407.62,-455.05,15.55,84.45
2025-10-03,October,Q4,2025,Siberia Airlines,S7,Star Air,XX,USD,1,520.0,31.2,0.0,464.27,27.86,0.0,55.73,3.34,0.0,10.72,89.28
2025-10-16,October,Q4,2025,Thai Airways International,TG,Star Air,XX,USD,242,167700.0,10062.0,1265.0,142409.24,8544.56,1784.58,25290.76,1517.44,-519.58,15.08,84.92
2025-10-03,October,Q4,2025,Qantas,QF,Star Air,XX,USD,770,434905.0,26094.3,13330.0,368002.53,22080.25,6366.85,66902.47,4014.05,6963.15,15.38,84.62
2025-12-18,December,Q4,2025,Thai Airways International,TG,Star Air,XX,USD,250,161225.0,9673.5,1595.0,136085.1,8165.12,2129.83,25139.9,1508.38,-534.83,15.59,84.41
2025-10-02,October,Q4,2025,Air France,AF,Star Air,XX,USD,251,214730.0,12883.8,2190.0,181925.38,10915.49,2750.73,32804.62,1968.31,-560.73,15.28,84.72
2025-10-23,October,Q4,2025,Air France,AF,Star Air,XX,USD,248,211620.0,12697.2,1710.0,178975.93,10738.59,2483.39,32644.07,1958.61,-773.39,15.43,84.57
2025-10-23,October,Q4,2025,Air India,AI,Star Air,XX,USD,239,66250.0,3975.0,14545.0,56059.5,3363.61,1099.33,10190.5,611.39,13445.67,15.38,84.62
2025-10-27,October,Q4,2025,Qantas,QF,Star Air,XX,USD,494,424495.0,25469.7,4570.0,360019.4,21601.09,5727.0,64475.6,3868.61,-1157.0,15.19,84.81
2025-10-02,October,Q4,2025,JetBlue,B6,Star Air,XX,USD,247,343770.0,20626.2,2550.0,289288.24,17357.26,3369.54,54481.76,3268.94,-819.54,15.85,84.15
2025-10-23,October,Q4,2025,JetBlue,B6,Star Air,XX,USD,239,305180.0,18310.8,2600.0,260545.28,15632.81,3728.26,44634.72,2677.99,-1128.26,14.63,85.37
2025-10-27,October,Q4,2025,Air Mauritius,MK,Star Air,XX,USD,243,168825.0,10129.5,12320.0,144874.66,8692.54,1191.08,23950.34,1436.96,11128.92,14.19,85.81
2025-10-02,October,Q4,2025,Air India,AI,Star Air,XX,USD,247,69735.0,4184.1,16310.0,58681.62,3520.91,946.71,11053.38,663.19,15363.29,15.85,84.15
2025-10-27,October,Q4,2025,Air India,AI,Star Air,XX,USD,253,71875.0,4312.5,365.0,61323.44,3679.43,598.33,10551.56,633.07,-233.33,14.68,85.32
2025-10-23,October,Q4,2025,PIA,PK,Star Air,XX,USD,237,75940.0,4556.4,450.0,63141.02,3788.37,1036.55,12798.98,768.03,-586.55,16.85,83.15
2025-10-27,October,Q4,2025,Emirates,EK,Star Air,XX,USD,494,142915.0,8574.9,1890.0,121893.88,7313.62,2240.09,21021.12,1261.28,-350.09,14.71,85.29
2025-10-02,October,Q4,2025,American Airlines,AA,Star Air,XX,USD,244,256645.0,15398.7,8210.0,217818.8,13069.09,3428.38,38826.2,2329.61,4781.62,15.13,84.87
2025-10-02,October,Q4,2025,Blue Panorama,BV,Star Air,XX,USD,253,76715.0,4602.9,385.0,64074.98,3844.5,615.67,12640.02,758.4,-230.67,16.48,83.52
2025-10-02,October,Q4,2025,Emirates,EK,Star Air,XX,USD,232,67625.0,4057.5,1525.0,58222.34,3493.34,754.77,9402.66,564.16,770.23,13.9,86.1
2025-10-02,October,Q4,2025,Air Canada,AC,Star Air,XX,USD,245,71205.0,4272.3,2765.0,60423.18,3625.42,1190.45,10781.82,646.88,1574.55,15.14,84.86
2026-03-10,March,Q1,2026,Thai Airways International,TG,Star Air,XX,USD,252,159615.0,9576.9,2720.0,134720.82,8083.25,2265.34,24894.18,1493.65,454.66,15.6,84.4
2026-02-13,February,Q1,2026,Air New Zealand,NZ,Star Air,XX,USD,478,240070.0,14404.2,4480.0,202744.38,12164.8,3805.93,37325.62,2239.4,674.07,15.55,84.45
2026-02-25,February,Q1,2026,Thai Airways International,TG,Star Air,XX,USD,251,159970.0,9598.2,2255.0,135160.61,8109.63,1880.63,24809.39,1488.57,374.37,15.51,84.49
2026-02-25,February,Q1,2026,Qantas,QF,Star Air,XX,USD,729,619585.0,37175.1,10170.0,519960.66,31197.61,8537.65,99624.34,5977.49,1632.35,16.08,83.92
2026-03-10,March,Q1,2026,American Airlines,AA,Star Air,XX,USD,486,528260.0,31695.6,9085.0,448964.56,26937.87,7794.65,79295.44,4757.73,1290.35,15.01,84.99
2026-03-10,March,Q1,2026,British Airways,BA,Star Air,XX,USD,458,228420.0,13705.2,4720.0,193958.86,11637.38,3940.69,34461.14,2067.82,779.31,15.09,84.91
2026-03-10,March,Q1,2026,Qantas,QF,Star Air,XX,USD,456,447395.0,26843.7,7155.0,379337.16,22760.19,6072.75,68057.84,4083.51,1082.25,15.21,84.79
2026-02-25,February,Q1,2026,British Airways,BA,Star Air,XX,USD,235,127785.0,7667.1,2445.0,106557.92,6393.35,2070.39,21227.08,1273.75,374.61,16.61,83.39
2026-02-25,February,Q1,2026,Air India,AI,Star Air,XX,USD,235,78710.0,4722.6,1055.0,66515.65,3991.03,902.5,12194.35,731.57,152.5,15.49,84.51
2026-02-13,February,Q1,2026,PIA,PK,Star Air,XX,USD,243,67970.0,4078.2,1120.0,57038.41,3422.3,930.34,10931.59,655.9,189.66,16.08,83.92
2026-02-13,February,Q1,2026,SIA,SQ,Star Air,XX,USD,230,92620.0,5557.2,2205.0,78338.77,4700.27,1911.02,14281.23,856.93,293.98,15.42,84.58
2026-03-10,March,Q1,2026,Emirates,EK,Star Air,XX,USD,480,139315.0,8358.9,2190.0,117052.73,7023.16,1836.66,22262.27,1335.74,353.34,15.98,84.02
2026-02-25,February,Q1,2026,PIA,PK,Star Air,XX,USD,262,71040.0,4262.4,885.0,60382.59,3623.0,731.75,10657.41,639.4,153.25,15.0,85.0
2026-02-25,February,Q1,2026,American Airlines,AA,Star Air,XX,USD,249,272320.0,16339.2,4285.0,231687.79,13901.26,3583.06,40632.21,2437.94,701.94,14.92,85.08
2026-03-10,March,Q1,2026,Air Canada,AC,Star Air,XX,USD,474,136350.0,8181.0,1670.0,114909.42,6894.63,1378.78,21440.58,1286.37,291.22,15.72,84.28
2026-03-10,March,Q1,2026,PIA,PK,Star Air,XX,USD,243,67735.0,4064.1,715.0,57145.12,3428.73,587.0,10589.88,635.37,128.0,15.63,84.37
2026-02-13,February,Q1,2026,Emirates,EK,Star Air,XX,USD,225,70385.0,4223.1,1080.0,59051.67,3543.07,875.86,11333.33,680.03,204.14,16.1,83.9
2026-02-25,February,Q1,2026,Air Canada,AC,Star Air,XX,USD,240,66545.0,3992.7,1080.0,56088.27,3365.36,924.5,10456.73,627.34,155.5,15.71,84.29
2026-02-25,February,Q1,2026,Emirates,EK,Star Air,XX,USD,246,75375.0,4522.5,1355.0,63228.29,3793.69,1181.6,12146.71,728.81,173.4,16.12,83.88
2025-12-30,December,Q4,2025,Jet Airways,9W,Star Air,XX,USD,240,64580.0,3874.8,630.0,55106.52,3306.42,927.36,9473.48,568.38,-297.36,14.67,85.33
2025-10-03,October,Q4,2025,Air New Zealand,NZ,Star Air,XX,USD,258,90735.0,5444.1,1630.0,76378.2,4582.75,1043.01,14356.8,861.35,586.99,15.82,84.18
2025-12-30,December,Q4,2025,JetBlue,B6,Star Air,XX,USD,242,331425.0,19885.5,11090.0,281781.03,16906.83,4373.57,49643.97,2978.67,6716.43,14.98,85.02
2025-12-30,December,Q4,2025,Qantas,QF,Star Air,XX,USD,492,268785.0,16127.1,2540.0,229334.91,13760.11,3058.28,39450.1,2366.99,-518.28,14.68,85.32
2025-10-03,October,Q4,2025,Jet Airways,9W,Star Air,XX,USD,259,72345.0,4340.7,745.0,60935.68,3656.15,952.18,11409.32,684.55,-207.18,15.77,84.23
2025-11-05,November,Q4,2025,Air India,AI,Star Air,XX,USD,241,75460.0,4527.6,11005.0,63470.31,3808.26,967.64,11989.69,719.34,10037.36,15.89,84.11
2025-11-24,November,Q4,2025,Jet Airways,9W,Star Air,XX,USD,244,63705.0,3822.3,12340.0,53896.16,3233.76,813.53,9808.84,588.54,11526.47,15.4,84.6
2025-11-17,November,Q4,2025,Qantas,QF,Star Air,XX,USD,724,506860.0,30411.6,5260.0,429883.88,25792.98,6416.29,76976.12,4618.62,-1156.29,15.19,84.81
2025-10-28,October,Q4,2025,Qantas,QF,Star Air,XX,USD,241,140750.0,8445.0,1135.0,121496.21,7289.76,1469.38,19253.79,1155.24,-334.38,13.68,86.32
2025-11-24,November,Q4,2025,Qantas,QF,Star Air,XX,USD,452,350635.0,21038.1,2365.0,296479.69,17788.7,2847.4,54155.31,3249.4,-482.4,15.44,84.56
2025-11-17,November,Q4,2025,Air Mauritius,MK,Star Air,XX,USD,236,163370.0,9802.2,11080.0,139613.37,8376.83,1517.08,23756.63,1425.37,9562.92,14.54,85.46
2025-11-24,November,Q4,2025,Air Mauritius,MK,Star Air,XX,USD,243,152835.0,9170.1,19815.0,129686.81,7781.18,1919.86,23148.19,1388.92,17895.14,15.15,84.85
2025-10-03,October,Q4,2025,Air Canada,AC,Star Air,XX,USD,246,72130.0,4327.8,690.0,60258.13,3615.47,769.11,11871.87,712.33,-79.11,16.46,83.54
2025-11-05,November,Q4,2025,Emirates,EK,Star Air,XX,USD,458,138245.0,8294.7,2000.0,117806.45,7068.27,1379.87,20438.56,1226.43,620.13,14.78,85.22
2025-10-28,October,Q4,2025,Emirates,EK,Star Air,XX,USD,246,71385.0,4283.1,870.0,59815.93,3588.92,955.12,11569.07,694.18,-85.12,16.21,83.79
2025-10-16,October,Q4,2025,Qantas,QF,Star Air,XX,USD,238,185790.0,11147.4,1450.0,158235.27,9494.14,1655.38,27554.73,1653.26,-205.38,14.83,85.17
2025-12-18,December,Q4,2025,Qantas,QF,Star Air,XX,USD,248,175490.0,10529.4,1665.0,149144.46,8948.65,1954.94,26345.54,1580.75,-289.94,15.01,84.99
2025-11-17,November,Q4,2025,Emirates,EK,Star Air,XX,USD,489,136445.0,8186.7,1565.0,116566.37,6993.86,1940.61,19878.63,1192.84,-375.61,14.57,85.43
2025-11-24,November,Q4,2025,Air India,AI,Star Air,XX,USD,250,70705.0,4242.3,425.0,59803.82,3588.2,682.07,10901.18,654.1,-257.07,15.42,84.58
2025-12-30,December,Q4,2025,Emirates,EK,Star Air,XX,USD,243,74635.0,4478.1,730.0,62737.17,3764.22,890.18,11897.83,713.88,-160.18,15.94,84.06
2025-11-05,November,Q4,2025,Vietnam Airlines,VN,Star Air,XX,USD,1,730.0,43.8,0.0,654.32,39.26,0.0,75.68,4.54,0.0,10.37,89.63
2025-11-05,November,Q4,2025,American Airlines,AA,Star Air,XX,USD,497,553390.0,33203.4,19380.0,468853.54,28131.2,6993.27,84536.46,5072.2,12386.73,15.28,84.72
2025-12-18,December,Q4,2025,PIA,PK,Star Air,XX,USD,249,72105.0,4326.3,420.0,61315.05,3678.82,713.75,10789.95,647.48,-293.75,14.96,85.04
2025-11-24,November,Q4,2025,Emirates,EK,Star Air,XX,USD,233,69020.0,4141.2,730.0,58154.55,3489.21,851.08,10865.45,651.99,-121.08,15.74,84.26
2025-11-05,November,Q4,2025,Qantas,QF,Star Air,XX,USD,239,292065.0,17523.9,7215.0,249987.58,14999.21,3484.52,42077.42,2524.69,3730.48,14.41,85.59
2025-10-16,October,Q4,2025,Air Mauritius,MK,Star Air,XX,USD,256,166200.0,9972.0,1850.0,140596.63,8435.82,2362.92,25603.37,1536.18,-512.92,15.41,84.59
2025-12-30,December,Q4,2025,Air Mauritius,MK,Star Air,XX,USD,237,144930.0,8695.8,1465.0,123110.01,7386.66,2562.71,21819.99,1309.14,-1097.71,15.06,84.94
2025-12-18,December,Q4,2025,American Airlines,AA,Star Air,XX,USD,251,267600.0,16056.0,12130.0,224325.97,13459.6,4863.5,43274.03,2596.4,7266.5,16.17,83.83
2025-10-16,October,Q4,2025,Blue Panorama,BV,Star Air,XX,USD,251,72125.0,4327.5,505.0,60692.6,3641.55,817.38,11432.4,685.95,-312.38,15.85,84.15
2025-11-17,November,Q4,2025,Air India,AI,Star Air,XX,USD,257,68940.0,4136.4,395.0,58736.58,3524.24,676.67,10203.42,612.16,-281.67,14.8,85.2
2025-10-28,October,Q4,2025,SIA,SQ,Star Air,XX,USD,264,116950.0,7017.0,3940.0,98762.73,5925.82,1624.38,18187.27,1091.18,2315.62,15.55,84.45
2025-12-30,December,Q4,2025,SIA,SQ,Star Air,XX,USD,242,115810.0,6948.6,4740.0,97728.06,5863.56,2039.73,18081.94,1085.04,2700.27,15.61,84.39
2025-10-16,October,Q4,2025,Air Canada,AC,Star Air,XX,USD,249,70720.0,4243.2,2095.0,59826.26,3589.57,1022.92,10893.74,653.63,1072.08,15.4,84.6
2025-10-03,October,Q4,2025,Emirates,EK,Star Air,XX,USD,230,70125.0,4207.5,1940.0,59082.36,3544.97,865.79,11042.64,662.53,1074.21,15.75,84.25
2025-12-18,December,Q4,2025,Emirates,EK,Star Air,XX,USD,250,69035.0,4142.1,1715.0,58529.92,3511.75,856.5,10505.08,630.35,858.5,15.22,84.78
2026-03-04,March,Q1,2026,Qantas,QF,Star Air,XX,USD,933,778390.0,46703.4,12780.0,655545.51,39332.75,10820.69,122844.49,7370.65,1959.31,15.78,84.22
2026-02-10,February,Q1,2026,Thai Airways International,TG,Star Air,XX,USD,239,141230.0,8473.8,2140.0,119189.81,7151.34,1806.2,22040.19,1322.46,333.8,15.61,84.39
2026-02-14,February,Q1,2026,Jet Airways,9W,Star Air,XX,USD,229,57805.0,3468.3,845.0,48472.72,2908.38,720.32,9332.28,559.92,124.68,16.14,83.86
2026-02-14,February,Q1,2026,JetBlue,B6,Star Air,XX,USD,201,247940.0,14876.4,3885.0,207684.2,12461.05,3236.67,40255.8,2415.35,648.33,16.24,83.76
2026-02-10,February,Q1,2026,Air New Zealand,NZ,Star Air,XX,USD,235,69525.0,4171.5,800.0,59572.03,3574.36,704.86,9952.97,597.14,95.14,14.32,85.68
2026-02-14,February,Q1,2026,British Airways,BA,Star Air,XX,USD,244,116040.0,6962.4,1855.0,98537.77,5912.2,1580.9,17502.23,1050.2,274.1,15.08,84.92
2026-02-10,February,Q1,2026,JetBlue,B6,Star Air,XX,USD,246,307055.0,18423.3,3975.0,259482.43,15568.86,3420.77,47572.57,2854.44,554.23,15.49,84.51
2026-02-10,February,Q1,2026,Air India,AI,Star Air,XX,USD,239,74190.0,4451.4,1555.0,62903.05,3774.19,1321.31,11286.95,677.21,233.69,15.21,84.79
2026-03-04,March,Q1,2026,JetBlue,B6,Star Air,XX,USD,226,286085.0,17165.1,3925.0,241761.69,14505.77,3241.19,44323.31,2659.33,683.81,15.49,84.51
2026-02-14,February,Q1,2026,PIA,PK,Star Air,XX,USD,237,63045.0,3782.7,1050.0,53651.28,3219.05,901.0,9393.72,563.65,149.0,14.9,85.1
2026-02-10,February,Q1,2026,SIA,SQ,Star Air,XX,USD,503,208575.0,12514.5,4045.0,178027.83,10681.53,3422.09,30547.17,1832.97,622.91,14.65,85.35
2026-02-14,February,Q1,2026,Air Mauritius,MK,Star Air,XX,USD,250,164790.0,9887.4,2445.0,138205.88,8292.33,2021.14,26584.12,1595.07,423.86,16.13,83.87
2026-02-14,February,Q1,2026,Air Canada,AC,Star Air,XX,USD,231,63525.0,3811.5,990.0,53550.14,3212.96,829.07,9974.86,598.54,160.93,15.7,84.3
2026-02-14,February,Q1,2026,Emirates,EK,Star Air,XX,USD,459,131810.0,7908.6,2005.0,110141.66,6608.45,1649.03,21668.34,1300.15,355.97,16.44,83.56
2026-02-14,February,Q1,2026,American Airlines,AA,Star Air,XX,USD,236,234810.0,14088.6,3155.0,197461.56,11847.74,2577.05,37348.44,2240.86,577.95,15.91,84.09
2026-02-10,February,Q1,2026,Emirates,EK,Star Air,XX,USD,242,65870.0,3952.2,1095.0,55307.52,3318.41,919.28,10562.48,633.79,175.72,16.04,83.96
2026-02-10,February,Q1,2026,PIA,PK,Star Air,XX,USD,241,64505.0,3870.3,1070.0,54267.64,3255.94,905.49,10237.36,614.36,164.51,15.87,84.13
2026-03-04,March,Q1,2026,Blue Panorama,BV,Star Air,XX,USD,241,69425.0,4165.5,1080.0,58546.18,3512.76,949.72,10878.82,652.74,130.28,15.67,84.33
2026-02-14,February,Q1,2026,SIA,SQ,Star Air,XX,USD,266,116995.0,7019.7,1860.0,99508.75,5970.42,1620.37,17486.25,1049.28,239.63,14.95,85.05
2026-03-04,March,Q1,2026,Air Mauritius,MK,Star Air,XX,USD,244,151595.0,9095.7,2440.0,128149.77,7689.02,2090.6,23445.23,1406.68,349.4,15.47,84.53
2026-02-10,February,Q1,2026,Air Mauritius,MK,Star Air,XX,USD,247,160075.0,9604.5,2535.0,134696.21,8081.81,2143.89,25378.79,1522.69,391.11,15.85,84.15
2026-03-04,March,Q1,2026,Emirates,EK,Star Air,XX,USD,499,145895.0,8753.7,2400.0,123220.74,7393.3,2053.83,22674.26,1360.4,346.17,15.54,84.46
2026-03-04,March,Q1,2026,Air Canada,AC,Star Air,XX,USD,244,71525.0,4291.5,635.0,61183.88,3670.99,550.72,10341.13,620.51,84.28,14.46,85.54
2026-03-04,March,Q1,2026,American Airlines,AA,Star Air,XX,USD,258,270755.0,16245.3,4195.0,229281.11,13756.94,3618.37,41473.89,2488.36,576.63,15.32,84.68
2025-03-28,March,Q1,2025,Thai Airways International,TG,Star Air,XX,USD,262,169065.0,10143.9,1985.0,143176.72,8590.61,1666.27,25888.28,1553.29,318.73,15.31,84.69
2025-01-30,January,Q1,2025,Qantas,QF,Star Air,XX,USD,725,698115.0,41886.9,10185.0,592726.89,35563.56,8744.26,105388.11,6323.34,1440.74,15.1,84.9
2025-02-07,February,Q1,2025,Air New Zealand,NZ,Star Air,XX,USD,247,180550.0,10833.0,2275.0,151534.59,9092.06,1873.68,29015.41,1740.94,401.32,16.07,83.93
2025-02-08,February,Q1,2025,Jet Airways,9W,Star Air,XX,USD,259,67530.0,4051.8,860.0,57236.98,3434.33,725.84,10293.02,617.47,134.16,15.24,84.76
2025-01-30,January,Q1,2025,JetBlue,B6,Star Air,XX,USD,256,324650.0,19479.0,5025.0,274394.57,16463.62,4311.88,50255.43,3015.38,713.12,15.48,84.52
2025-03-28,March,Q1,2025,Qantas,QF,Star Air,XX,USD,1030,526560.0,31593.6,7390.0,444099.24,26646.01,6313.5,82460.76,4947.59,1076.5,15.66,84.34
2025-02-07,February,Q1,2025,Thai Airways International,TG,Star Air,XX,USD,246,157170.0,9430.2,2380.0,133794.24,8027.68,2060.38,23375.76,1402.52,319.62,14.87,85.13
2025-01-04,January,Q1,2025,Jet Airways,9W,Star Air,XX,USD,231,65550.0,3933.0,1085.0,55308.09,3318.38,916.17,10241.91,614.62,168.83,15.62,84.38
2025-02-07,February,Q1,2025,Jet Airways,9W,Star Air,XX,USD,253,66135.0,3968.1,1080.0,55797.81,3347.83,913.03,10337.19,620.27,166.97,15.63,84.37
2025-01-30,January,Q1,2025,Thai Airways International,TG,Star Air,XX,USD,262,186005.0,11160.3,3190.0,158381.55,9502.92,2737.71,27623.46,1657.38,452.29,14.85,85.15
2025-01-30,January,Q1,2025,Air France,AF,Star Air,XX,USD,229,193535.0,11612.1,1935.0,165536.73,9932.22,1590.06,27998.27,1679.88,344.94,14.47,85.53
2025-02-08,February,Q1,2025,JetBlue,B6,Star Air,XX,USD,222,304990.0,18299.4,4035.0,254921.65,15295.26,3321.78,50068.35,3004.14,713.22,16.42,83.58
2025-02-08,February,Q1,2025,Air India,AI,Star Air,XX,USD,255,83860.0,5031.6,1420.0,71462.04,4287.8,1194.0,12397.96,743.8,226.0,14.78,85.22
2025-02-07,February,Q1,2025,Qantas,QF,Star Air,XX,USD,253,146825.0,8809.5,2315.0,124336.77,7460.15,1976.36,22488.23,1349.35,338.64,15.32,84.68
2025-03-28,March,Q1,2025,PIA,PK,Star Air,XX,USD,257,75175.0,4510.5,1220.0,63593.93,3815.57,1062.08,11581.07,694.93,157.92,15.41,84.59
2025-01-04,January,Q1,2025,British Airways,BA,Star Air,XX,USD,258,124690.0,7481.4,2665.0,106093.4,6365.58,2334.75,18596.6,1115.82,330.25,14.91,85.09
2025-01-04,January,Q1,2025,Emirates,EK,Star Air,XX,USD,459,135395.0,8123.7,1740.0,114947.91,6896.83,1500.34,20447.09,1226.87,239.66,15.1,84.9
2025-01-04,January,Q1,2025,Air Canada,AC,Star Air,XX,USD,264,83940.0,5036.4,970.0,71323.09,4279.39,804.66,12616.91,757.01,165.34,15.03,84.97
2025-02-08,February,Q1,2025,American Airlines,AA,Star Air,XX,USD,525,553880.0,33232.8,7705.0,468998.93,28140.0,6587.07,84881.07,5092.8,1117.93,15.32,84.68
2025-01-04,January,Q1,2025,Qantas,QF,Star Air,XX,USD,262,191900.0,11514.0,2460.0,162975.03,9778.43,2166.44,28924.97,1735.57,293.56,15.07,84.93
2025-01-04,January,Q1,2025,Air Mauritius,MK,Star Air,XX,USD,248,155535.0,9332.1,2915.0,131610.14,7896.56,2392.14,23924.86,1435.54,522.86,15.38,84.62
2025-02-08,February,Q1,2025,Emirates,EK,Star Air,XX,USD,499,137045.0,8222.7,1945.0,115586.6,6935.06,1630.3,21458.4,1287.64,314.7,15.66,84.34
2025-03-28,March,Q1,2025,Vietnam Airlines,VN,Star Air,XX,USD,1,485.0,29.1,0.0,393.63,23.62,0.0,91.37,5.48,0.0,18.84,81.16
2025-01-30,January,Q1,2025,American Airlines,AA,Star Air,XX,USD,261,299770.0,17986.2,3735.0,256102.61,15366.18,3126.73,43667.39,2620.02,608.27,14.57,85.43
2025-01-04,January,Q1,2025,SIA,SQ,Star Air,XX,USD,258,106950.0,6417.0,1955.0,89630.19,5377.72,1570.49,17319.81,1039.28,384.51,16.19,83.81
2025-03-28,March,Q1,2025,Emirates,EK,Star Air,XX,USD,259,76510.0,4590.6,1600.0,64735.86,3884.15,1346.93,11774.14,706.45,253.07,15.39,84.61
2025-01-30,January,Q1,2025,Air Canada,AC,Star Air,XX,USD,256,72760.0,4365.6,1410.0,61789.75,3707.34,1152.08,10970.25,658.26,257.92,15.08,84.92
2025-04-12,April,Q2,2025,JetBlue,B6,Star Air,XX,USD,238,346460.0,20787.6,5765.0,292844.98,17570.69,4858.19,53615.02,3216.91,906.81,15.48,84.52
2025-06-13,June,Q2,2025,Air New Zealand,NZ,Star Air,XX,USD,464,277125.0,16627.5,4140.0,234740.44,14084.46,3525.08,42384.56,2543.04,614.92,15.29,84.71
2025-02-07,February,Q1,2025,Emirates,EK,Star Air,XX,USD,242,71680.0,4300.8,1295.0,60841.53,3650.51,1057.53,10838.47,650.29,237.47,15.12,84.88
2025-05-08,May,Q2,2025,Qantas,QF,Star Air,XX,USD,688,637385.0,38243.1,11675.0,542195.41,31956.66,9960.44,95189.59,6286.44,1714.56,14.93,85.07
2025-06-13,June,Q2,2025,Qantas,QF,Star Air,XX,USD,1183,813570.0,48814.2,13000.0,688280.24,41296.85,11059.0,125289.76,7517.35,1941.0,15.4,84.6
2025-06-13,June,Q2,2025,Jet Airways,9W,Star Air,XX,USD,248,80255.0,4815.3,1475.0,67585.63,4055.13,1185.43,12669.37,760.17,289.57,15.79,84.21
2025-06-30,June,Q2,2025,Qantas,QF,Star Air,XX,USD,246,146995.0,8819.7,2230.0,124629.48,7477.87,1919.22,22365.52,1341.83,310.78,15.22,84.78
2025-05-08,May,Q2,2025,Air France,AF,Star Air,XX,USD,205,230510.0,13830.6,3805.0,194328.57,11659.74,3227.91,36181.43,2170.86,577.09,15.7,84.3
2025-06-30,June,Q2,2025,Jet Airways,9W,Star Air,XX,USD,248,70905.0,4254.3,875.0,60412.61,3624.81,736.39,10492.39,629.49,138.61,14.8,85.2
2025-04-12,April,Q2,2025,Air Mauritius,MK,Star Air,XX,USD,226,158510.0,9510.6,1800.0,133585.23,8015.16,1511.53,24924.77,1495.44,288.47,15.72,84.28
2025-04-12,April,Q2,2025,British Airways,BA,Star Air,XX,USD,244,139240.0,8354.4,1630.0,118085.51,7085.17,1376.71,21154.49,1269.23,253.29,15.19,84.81
2025-04-12,April,Q2,2025,Air Canada,AC,Star Air,XX,USD,253,78455.0,4707.3,1715.0,66171.75,3970.22,1459.17,12283.25,737.08,255.83,15.66,84.34
2025-06-13,June,Q2,2025,Air Canada,AC,Star Air,XX,USD,243,83280.0,4996.8,1085.0,70062.03,4203.76,912.4,13217.97,793.04,172.6,15.87,84.13
2025-06-13,June,Q2,2025,SIA,SQ,Star Air,XX,USD,222,106100.0,6366.0,2170.0,89804.4,5388.27,1877.44,16295.6,977.73,292.56,15.36,84.64
2025-06-30,June,Q2,2025,Emirates,EK,Star Air,XX,USD,486,157540.0,9452.4,2245.0,132037.74,7922.19,1884.08,25502.27,1530.21,360.92,16.19,83.81
2025-06-30,June,Q2,2025,Air India,AI,Star Air,XX,USD,257,78480.0,4708.8,1270.0,67184.05,4079.32,1086.39,11295.95,629.48,183.61,14.39,85.61
2025-06-13,June,Q2,2025,Emirates,EK,Star Air,XX,USD,251,78450.0,4707.0,1420.0,66617.97,3996.98,1222.03,11832.03,710.02,197.97,15.08,84.92
2025-09-02,September,Q3,2025,Air New Zealand,NZ,Star Air,XX,USD,496,282255.0,16935.3,3995.0,238222.99,14293.43,3380.96,44032.01,2641.87,614.04,15.6,84.4
2025-08-24,August,Q3,2025,Qantas,QF,Star Air,XX,USD,995,956800.0,57408.0,13120.0,814651.09,48879.21,11172.79,142148.91,8528.79,1947.21,14.86,85.14
2025-09-02,September,Q3,2025,Jet Airways,9W,Star Air,XX,USD,246,70055.0,4203.3,1175.0,59520.68,3571.13,992.5,10534.32,632.17,182.5,15.04,84.96
2025-09-02,September,Q3,2025,Thai Airways International,TG,Star Air,XX,USD,258,167680.0,10060.8,2050.0,140406.3,8424.42,1668.79,27273.7,1636.38,381.21,16.27,83.73
2025-09-21,September,Q3,2025,Air India,AI,Star Air,XX,USD,195,67045.0,4022.7,950.0,56775.54,3406.56,794.3,10269.46,616.14,155.7,15.32,84.68
2025-08-30,August,Q3,2025,Air India,AI,Star Air,XX,USD,260,93840.0,5630.4,1305.0,80301.24,4818.19,1150.48,13538.77,812.21,154.52,14.43,85.57
2025-04-12,April,Q2,2025,SIA,SQ,Star Air,XX,USD,241,108910.0,6534.6,1060.0,90798.07,4414.96,897.24,18111.93,2119.64,162.76,16.63,83.37
2025-09-21,September,Q3,2025,Air France,AF,Star Air,XX,USD,239,207105.0,12426.3,2555.0,175542.35,10532.47,2116.11,31562.65,1893.83,438.89,15.24,84.76
2025-09-02,September,Q3,2025,JetBlue,B6,Star Air,XX,USD,257,341605.0,20496.3,4365.0,293128.84,17587.82,3708.13,48476.16,2908.48,656.87,14.19,85.81
2025-09-21,September,Q3,2025,Thai Airways International,TG,Star Air,XX,USD,247,153900.0,9234.0,2325.0,131436.76,7886.21,1985.59,22463.24,1347.79,339.41,14.6,85.4
2025-08-24,August,Q3,2025,Thai Airways International,TG,Star Air,XX,USD,252,187810.0,11268.6,2680.0,159086.63,9545.2,2262.88,28723.37,1723.4,417.12,15.29,84.71
2025-08-24,August,Q3,2025,Blue Panorama,BV,Star Air,XX,USD,228,70415.0,4224.9,1050.0,59488.76,3569.32,895.51,10926.24,655.58,154.49,15.52,84.48
2025-09-01,September,Q3,2025,Qantas,QF,Star Air,XX,USD,485,227000.0,13620.0,2860.0,190933.11,11456.01,2418.43,36066.89,2163.99,441.57,15.89,84.11
2025-09-02,September,Q3,2025,Qantas,QF,Star Air,XX,USD,245,144170.0,8650.2,2055.0,123181.38,7390.88,1711.39,20988.62,1259.32,343.61,14.56,85.44
2025-09-29,September,Q3,2025,Qantas,QF,Star Air,XX,USD,509,505470.0,30328.2,7770.0,427667.67,25660.06,6562.94,77802.33,4668.14,1207.06,15.39,84.61
2025-09-02,September,Q3,2025,Air India,AI,Star Air,XX,USD,258,85850.0,5151.0,1265.0,72737.79,4364.28,1065.7,13112.21,786.72,199.3,15.27,84.73
2025-09-29,September,Q3,2025,Air Mauritius,MK,Star Air,XX,USD,236,149850.0,8991.0,2465.0,127114.11,7626.91,2079.96,22735.89,1364.09,385.04,15.17,84.83
2025-08-30,August,Q3,2025,Air Mauritius,MK,Star Air,XX,USD,252,164715.0,9882.9,2760.0,139846.04,8390.82,2383.22,24868.96,1492.08,376.78,15.1,84.9
2025-09-29,September,Q3,2025,Jet Airways,9W,Star Air,XX,USD,250,70295.0,4217.7,1220.0,59386.97,3563.21,1026.11,10908.03,654.49,193.89,15.52,84.48
2025-09-21,September,Q3,2025,PIA,PK,Star Air,XX,USD,238,76625.0,4597.5,1025.0,64000.62,3840.1,872.5,12624.38,757.4,152.5,16.48,83.52
2025-09-21,September,Q3,2025,American Airlines,AA,Star Air,XX,USD,421,447300.0,26838.0,5515.0,375116.47,22506.97,4661.34,72183.53,4331.03,853.66,16.14,83.86
2025-09-21,September,Q3,2025,Qantas,QF,Star Air,XX,USD,993,1042840.0,62570.4,15625.0,881941.63,52916.51,13205.63,160898.37,9653.89,2419.37,15.43,84.57
2025-08-24,August,Q3,2025,American Airlines,AA,Star Air,XX,USD,238,263400.0,15804.0,3650.0,223895.04,13433.78,3032.58,39504.96,2370.22,617.42,15.0,85.0
2025-09-02,September,Q3,2025,SIA,SQ,Star Air,XX,USD,482,203615.0,12216.9,3500.0,172793.37,10367.51,2975.77,30821.63,1849.39,524.23,15.14,84.86
2025-08-24,August,Q3,2025,JetBlue,B6,Star Air,XX,USD,256,357095.0,21425.7,5025.0,303248.28,18194.89,4304.94,53846.73,3230.81,720.06,15.08,84.92
2025-09-01,September,Q3,2025,Emirates,EK,Star Air,XX,USD,247,75595.0,4535.7,905.0,63952.79,3837.12,785.66,11642.21,698.58,119.34,15.4,84.6
2025-09-21,September,Q3,2025,Blue Panorama,BV,Star Air,XX,USD,247,73145.0,4388.7,1360.0,61826.56,3709.59,1124.88,11318.44,679.11,235.12,15.47,84.53
2025-09-02,September,Q3,2025,Emirates,EK,Star Air,XX,USD,247,80985.0,4859.1,815.0,68561.96,4113.67,697.17,12423.04,745.43,117.83,15.34,84.66
2025-09-21,September,Q3,2025,Emirates,EK,Star Air,XX,USD,251,79045.0,4742.7,1185.0,67316.34,4038.88,1010.38,11728.66,703.82,174.62,14.84,85.16
2025-09-21,September,Q3,2025,Air Canada,AC,Star Air,XX,USD,244,73265.0,4395.9,885.0,61974.54,3718.36,754.61,11290.46,677.54,130.39,15.41,84.59
2025-09-02,September,Q3,2025,PIA,PK,Star Air,XX,USD,261,80945.0,4856.7,1015.0,67839.4,4070.36,861.22,13105.6,786.34,153.78,16.19,83.81
2025-08-24,August,Q3,2025,Air Canada,AC,Star Air,XX,USD,237,69630.0,4177.8,780.0,59079.29,3544.7,655.22,10550.71,633.1,124.78,15.15,84.85
2025-08-30,August,Q3,2025,Air Canada,AC,Star Air,XX,USD,255,80360.0,4821.6,1090.0,67732.77,4063.97,922.13,12627.24,757.63,167.87,15.71,84.29
2025-08-30,August,Q3,2025,Emirates,EK,Star Air,XX,USD,229,68925.0,4135.5,1025.0,58952.62,3537.16,862.58,9972.38,598.34,162.42,14.47,85.53
2025-08-30,August,Q3,2025,American Airlines,AA,Star Air,XX,USD,256,289175.0,17350.5,3695.0,246913.67,14814.77,3170.82,42261.33,2535.73,524.18,14.61,85.39
2025-09-21,September,Q3,2025,JetBlue,B6,Star Air,XX,USD,255,369095.0,22145.7,5240.0,311525.1,18691.46,4488.7,57569.9,3454.24,751.3,15.6,84.4
2025-09-21,September,Q3,2025,British Airways,BA,Star Air,XX,USD,242,122130.0,7327.8,1485.0,104236.03,6254.16,1257.56,17893.97,1073.64,227.44,14.65,85.35
2025-08-24,August,Q3,2025,British Airways,BA,Star Air,XX,USD,254,123610.0,7416.6,1220.0,104680.25,6280.76,1037.65,18929.75,1135.84,182.35,15.31,84.69
2025-08-30,August,Q3,2025,Vietnam Airlines,VN,Star Air,XX,USD,1,755.0,45.3,0.0,747.56,44.85,0.0,7.44,0.45,0.0,0.99,99.01
2025-12-24,December,Q4,2025,Thai Airways International,TG,Star Air,XX,USD,245,156150.0,9369.0,1085.0,130193.08,7811.61,1559.6,25956.92,1557.39,-474.6,16.62,83.38
2025-03-19,March,Q1,2025,American Airlines,AA,Star Air,XX,USD,505,532245.0,31934.7,10580.0,454325.9,27259.66,9004.04,77919.1,4675.04,1575.96,14.64,85.36
2025-03-01,March,Q1,2025,Jet Airways,9W,Star Air,XX,USD,496,138245.0,8294.7,2010.0,116746.68,7004.82,1712.14,21498.32,1289.88,297.86,15.55,84.45
2025-03-19,March,Q1,2025,Qantas,QF,Star Air,XX,USD,783,657125.0,39427.5,8560.0,556309.04,33378.39,7250.28,100815.96,6049.11,1309.72,15.34,84.66
2025-03-08,March,Q1,2025,Jet Airways,9W,Star Air,XX,USD,504,144690.0,8681.4,2770.0,122827.54,7369.67,2366.81,21862.46,1311.73,403.19,15.11,84.89
2025-03-19,March,Q1,2025,Air India,AI,Star Air,XX,USD,260,82740.0,4964.4,1410.0,70365.58,4222.09,1217.56,12374.42,742.31,192.44,14.96,85.04
2025-03-08,March,Q1,2025,PIA,PK,Star Air,XX,USD,201,59570.0,3574.2,1100.0,50603.34,3036.19,934.45,8966.66,538.01,165.55,15.05,84.95
2025-03-08,March,Q1,2025,Thai Airways International,TG,Star Air,XX,USD,263,162065.0,9723.9,2270.0,137375.9,8242.59,1920.58,24689.1,1481.31,349.42,15.23,84.77
2025-03-08,March,Q1,2025,Air India,AI,Star Air,XX,USD,258,80105.0,4806.3,1265.0,68184.45,4091.07,1110.59,11920.55,715.23,154.41,14.88,85.12
2025-03-01,March,Q1,2025,British Airways,BA,Star Air,XX,USD,244,115640.0,6938.4,1740.0,98340.62,5900.45,1464.94,17299.38,1037.95,275.06,14.96,85.04
2025-03-08,March,Q1,2025,British Airways,BA,Star Air,XX,USD,239,115190.0,6911.4,2065.0,97169.16,5830.11,1773.99,18020.84,1081.29,291.01,15.64,84.36
2025-03-19,March,Q1,2025,British Airways,BA,Star Air,XX,USD,511,262860.0,15771.6,4010.0,222735.09,13364.03,3361.52,40124.91,2407.57,648.48,15.26,84.74
2025-03-01,March,Q1,2025,Emirates,EK,Star Air,XX,USD,748,215655.0,12939.3,2840.0,182130.68,10927.8,2399.58,33524.32,2011.5,440.42,15.55,84.45
2025-03-01,March,Q1,2025,Air Canada,AC,Star Air,XX,USD,255,72740.0,4364.4,825.0,61279.35,3676.69,674.31,11460.65,687.71,150.69,15.76,84.24
2025-03-08,March,Q1,2025,Qantas,QF,Star Air,XX,USD,247,294345.0,17660.7,4740.0,251995.55,15119.64,4051.74,42349.45,2541.06,688.26,14.39,85.61
2025-03-01,March,Q1,2025,Qantas,QF,Star Air,XX,USD,256,200570.0,12034.2,2870.0,169656.93,10179.46,2356.31,30913.07,1854.74,513.69,15.41,84.59
2025-03-01,March,Q1,2025,American Airlines,AA,Star Air,XX,USD,268,273715.0,16422.9,4810.0,230578.27,13834.74,3950.88,43136.73,2588.16,859.12,15.76,84.24
2025-03-01,March,Q1,2025,Air Mauritius,MK,Star Air,XX,USD,253,153680.0,9220.8,1645.0,130200.26,7812.17,1412.11,23479.74,1408.63,232.89,15.28,84.72
2025-03-08,March,Q1,2025,Emirates,EK,Star Air,XX,USD,506,143060.0,8583.6,1715.0,120857.19,7251.44,1448.77,22202.81,1332.16,266.23,15.52,84.48
2025-03-08,March,Q1,2025,Air Canada,AC,Star Air,XX,USD,189,51155.0,3069.3,920.0,43352.15,2601.17,787.16,7802.85,468.13,132.84,15.25,84.75
2025-03-08,March,Q1,2025,SIA,SQ,Star Air,XX,USD,245,93680.0,5620.8,1405.0,79876.82,4792.59,1207.0,13803.18,828.21,198.0,14.73,85.27
2025-05-05,May,Q2,2025,Qantas,QF,Star Air,XX,USD,478,245720.0,14743.2,3620.0,207956.86,12477.38,3028.97,37763.14,2265.82,591.03,15.37,84.63
2025-03-19,March,Q1,2025,Air Canada,AC,Star Air,XX,USD,263,81345.0,4880.7,1850.0,68591.19,4115.46,1536.02,12753.81,765.24,313.98,15.68,84.32
2025-06-12,June,Q2,2025,Thai Airways International,TG,Star Air,XX,USD,245,170870.0,10252.2,2435.0,145377.78,8722.65,2102.21,25492.23,1529.55,332.79,14.92,85.08
2025-06-12,June,Q2,2025,JetBlue,B6,Star Air,XX,USD,243,329290.0,19757.4,4145.0,281598.66,16895.88,3579.05,47691.35,2861.52,565.95,14.48,85.52
2025-06-12,June,Q2,2025,Air France,AF,Star Air,XX,USD,241,262190.0,15731.4,4640.0,224390.17,13463.5,3994.99,37799.83,2267.9,645.01,14.42,85.58
2025-06-12,June,Q2,2025,Air India,AI,Star Air,XX,USD,242,72930.0,4375.8,1210.0,61289.12,3677.41,1008.59,11640.88,698.39,201.41,15.96,84.04
2025-05-05,May,Q2,2025,Emirates,EK,Star Air,XX,USD,489,162910.0,9774.6,2015.0,138494.99,8309.67,1679.51,24415.01,1464.93,335.49,14.99,85.01
2025-06-12,June,Q2,2025,Qantas,QF,Star Air,XX,USD,211,176525.0,10591.5,2295.0,149548.76,8972.89,1902.51,26976.24,1618.61,392.49,15.28,84.72
2025-06-12,June,Q2,2025,Blue Panorama,BV,Star Air,XX,USD,250,73915.0,4434.9,1125.0,63293.38,3901.91,948.32,10621.62,532.99,176.68,14.37,85.63
2025-06-12,June,Q2,2025,PIA,PK,Star Air,XX,USD,245,81875.0,4912.5,945.0,69375.87,4055.99,795.08,12499.13,856.51,149.92,15.27,84.73
2025-09-05,September,Q3,2025,Air New Zealand,NZ,Star Air,XX,USD,484,278915.0,16734.9,6000.0,236201.67,14172.09,5007.49,42713.33,2562.81,992.51,15.31,84.69
2025-08-15,August,Q3,2025,Air New Zealand,NZ,Star Air,XX,USD,494,278230.0,16693.8,3625.0,235783.71,14147.11,3077.68,42446.29,2546.69,547.32,15.26,84.74
2025-09-16,September,Q3,2025,Air New Zealand,NZ,Star Air,XX,USD,237,169405.0,10164.3,2560.0,143585.33,8615.14,2197.47,25819.67,1549.16,362.53,15.24,84.76
2025-08-19,August,Q3,2025,JetBlue,B6,Star Air,XX,USD,252,359770.0,21586.2,3985.0,303164.22,18189.83,3353.95,56605.79,3396.37,631.05,15.73,84.27
2025-09-05,September,Q3,2025,Qantas,QF,Star Air,XX,USD,489,294290.0,17657.4,4500.0,247282.26,14836.83,3827.29,47007.74,2820.57,672.71,15.97,84.03
2025-09-16,September,Q3,2025,Jet Airways,9W,Star Air,XX,USD,243,66725.0,4003.5,1160.0,56440.28,3386.4,1000.25,10284.72,617.1,159.75,15.41,84.59
2025-09-16,September,Q3,2025,Thai Airways International,TG,Star Air,XX,USD,233,162185.0,9731.1,2805.0,135422.44,8125.3,2290.98,26762.57,1605.8,514.02,16.5,83.5
2025-08-19,August,Q3,2025,Jet Airways,9W,Star Air,XX,USD,252,76640.0,4598.4,1060.0,64606.75,3876.44,897.23,12033.25,721.96,162.77,15.7,84.3
2025-08-19,August,Q3,2025,Thai Airways International,TG,Star Air,XX,USD,242,159860.0,9591.6,2570.0,135601.84,8136.14,2182.47,24258.16,1455.46,387.53,15.17,84.83
2025-08-15,August,Q3,2025,Qantas,QF,Star Air,XX,USD,749,438590.0,26315.4,6835.0,370863.59,22251.88,5939.47,67726.42,4063.52,895.53,15.44,84.56
2025-06-12,June,Q2,2025,Air Canada,AC,Star Air,XX,USD,240,73440.0,4406.4,1255.0,62272.85,3736.37,1084.11,11167.15,670.03,170.89,15.21,84.79
2025-06-12,June,Q2,2025,Emirates,EK,Star Air,XX,USD,476,157145.0,9428.7,2225.0,133309.63,7998.6,1923.56,23835.37,1430.1,301.44,15.17,84.83
2025-09-16,September,Q3,2025,JetBlue,B6,Star Air,XX,USD,240,347350.0,20841.0,4560.0,298085.67,17885.19,3892.18,49264.33,2955.81,667.82,14.18,85.82
2025-09-05,September,Q3,2025,Jet Airways,9W,Star Air,XX,USD,245,70205.0,4212.3,1050.0,59556.7,3573.31,904.16,10648.3,638.99,145.84,15.17,84.83
2025-09-05,September,Q3,2025,Thai Airways International,TG,Star Air,XX,USD,247,162175.0,9730.5,2620.0,137386.85,8243.16,2177.54,24788.15,1487.34,442.46,15.28,84.72
2025-08-15,August,Q3,2025,Thai Airways International,TG,Star Air,XX,USD,242,159585.0,9575.1,2370.0,135438.17,8126.31,2009.69,24146.83,1448.79,360.31,15.13,84.87
2025-08-19,August,Q3,2025,Air New Zealand,NZ,Star Air,XX,USD,233,76995.0,4619.7,975.0,65345.05,3920.73,851.28,11649.96,698.97,123.72,15.13,84.87
2025-08-19,August,Q3,2025,Air India,AI,Star Air,XX,USD,236,81210.0,4872.6,1115.0,68011.15,4080.67,947.78,13198.85,791.93,167.22,16.25,83.75
2025-09-16,September,Q3,2025,Qantas,QF,Star Air,XX,USD,686,435770.0,26146.2,6370.0,366266.69,21975.92,5343.19,69503.31,4170.28,1026.81,15.95,84.05
2025-08-19,August,Q3,2025,Qantas,QF,Star Air,XX,USD,490,312260.0,18735.6,4645.0,262992.25,15779.63,3943.57,49267.75,2955.97,701.43,15.78,84.22
2025-09-16,September,Q3,2025,SIA,SQ,Star Air,XX,USD,241,112080.0,6724.8,1890.0,93747.42,5624.77,1542.79,18332.58,1100.03,347.21,16.36,83.64
2025-08-19,August,Q3,2025,SIA,SQ,Star Air,XX,USD,493,223955.0,13437.3,2840.0,187760.63,11265.72,2391.46,36194.37,2171.58,448.54,16.16,83.84
2025-08-19,August,Q3,2025,Emirates,EK,Star Air,XX,USD,468,154030.0,9241.8,2245.0,131642.13,7898.53,1933.63,22387.87,1343.27,311.37,14.53,85.47
2025-09-05,September,Q3,2025,Air Canada,AC,Star Air,XX,USD,246,73380.0,4402.8,1245.0,61612.61,3696.68,1035.09,11767.39,706.12,209.91,16.04,83.96
2025-08-19,August,Q3,2025,PIA,PK,Star Air,XX,USD,253,77045.0,4622.7,890.0,64943.54,3896.67,754.19,12101.46,726.03,135.81,15.71,84.29
2025-09-16,September,Q3,2025,Air Mauritius,MK,Star Air,XX,USD,217,146110.0,8766.6,3125.0,124206.27,7452.5,2716.86,21903.73,1314.1,408.14,14.99,85.01
2025-08-19,August,Q3,2025,Vietnam Airlines,VN,Star Air,XX,USD,2,1110.0,66.6,0.0,897.11,53.82,0.0,212.89,12.78,0.0,19.18,80.82
2025-08-15,August,Q3,2025,Emirates,EK,Star Air,XX,USD,222,70410.0,4224.6,1170.0,59871.08,3592.28,969.25,10538.92,632.32,200.75,14.97,85.03
2025-12-23,December,Q4,2025,Air New Zealand,NZ,Star Air,XX,USD,261,181515.0,10890.9,1645.0,152300.3,9138.01,2105.45,29214.7,1752.89,-460.45,16.09,83.91
2025-09-16,September,Q3,2025,Air Canada,AC,Star Air,XX,USD,252,76280.0,4576.8,920.0,64323.23,3859.46,746.08,11956.77,717.34,173.92,15.67,84.33
2025-10-15,October,Q4,2025,Vietnam Airlines,VN,Star Air,XX,USD,2,1910.0,114.6,80.0,1578.27,94.7,73.74,331.73,19.9,6.26,17.37,82.63
2025-09-05,September,Q3,2025,Emirates,EK,Star Air,XX,USD,472,140515.0,8430.9,2070.0,119142.72,7148.59,1724.18,21372.3,1282.31,345.82,15.21,84.79
2025-12-07,December,Q4,2025,Air India,AI,Star Air,XX,USD,264,89080.0,5344.8,530.0,74831.19,4489.88,1183.3,14248.81,854.92,-653.3,16.0,84.0
2025-12-23,December,Q4,2025,Thai Airways International,TG,Star Air,XX,USD,234,151015.0,9060.9,1710.0,127831.32,7669.88,2326.0,23183.68,1391.02,-616.0,15.35,84.65
2025-12-13,December,Q4,2025,Air India,AI,Star Air,XX,USD,258,77505.0,4650.3,680.0,65565.53,3933.97,1032.1,11939.47,716.33,-352.1,15.4,84.6
2025-12-13,December,Q4,2025,Jet Airways,9W,Star Air,XX,USD,495,133825.0,8029.5,7980.0,113585.13,6815.0,1452.4,20239.87,1214.5,6527.6,15.12,84.88
2025-10-15,October,Q4,2025,Qantas,QF,Star Air,XX,USD,735,652425.0,39145.5,17205.0,549375.33,32962.55,8467.69,103049.67,6182.95,8737.31,15.79,84.21
2025-11-15,November,Q4,2025,Jet Airways,9W,Star Air,XX,USD,486,135585.0,8135.1,12805.0,114190.41,6851.46,2024.79,21394.59,1283.64,10780.21,15.78,84.22
2025-12-24,December,Q4,2025,Qantas,QF,Star Air,XX,USD,722,578170.0,34690.2,17060.0,489309.39,29358.58,8149.77,88860.61,5331.62,8910.23,15.37,84.63
2025-12-28,December,Q4,2025,Air Canada,AC,Star Air,XX,USD,1,395.0,23.7,0.0,305.69,18.34,0.0,89.31,5.36,0.0,22.61,77.39
2025-10-21,October,Q4,2025,Air India,AI,Star Air,XX,USD,241,79025.0,4741.5,8520.0,66085.06,3965.08,742.55,12939.94,776.42,7777.45,16.37,83.63
2025-12-24,December,Q4,2025,Air India,AI,Star Air,XX,USD,236,75660.0,4539.6,12460.0,64071.74,3844.38,1055.24,11588.26,695.22,11404.76,15.32,84.68
2025-12-28,December,Q4,2025,Qantas,QF,Star Air,XX,USD,940,743020.0,44581.2,12380.0,630795.36,37847.8,8825.59,112224.64,6733.4,3554.41,15.1,84.9
2025-10-21,October,Q4,2025,Qantas,QF,Star Air,XX,USD,710,464510.0,27870.6,4240.0,393574.97,23614.52,5426.46,70935.04,4256.08,-1186.46,15.27,84.73
2025-12-28,December,Q4,2025,Blue Panorama,BV,Star Air,XX,USD,232,62515.0,3750.9,9980.0,52303.36,3138.17,708.48,10211.64,612.73,9271.52,16.33,83.67
2025-12-24,December,Q4,2025,British Airways,BA,Star Air,XX,USD,244,115905.0,6954.3,1225.0,97933.23,5876.01,1493.53,17971.77,1078.29,-268.53,15.51,84.49
2025-12-28,December,Q4,2025,Emirates,EK,Star Air,XX,USD,243,67045.0,4022.7,500.0,56526.99,3391.52,621.57,10518.01,631.18,-121.57,15.69,84.31
2025-10-21,October,Q4,2025,Emirates,EK,Star Air,XX,USD,482,138855.0,8331.3,1405.0,117577.72,7054.64,1769.97,21277.28,1276.66,-364.97,15.32,84.68
2025-12-24,December,Q4,2025,Emirates,EK,Star Air,XX,USD,484,136445.0,8186.7,2360.0,115991.88,6959.48,1808.25,20453.12,1227.22,551.75,14.99,85.01
2025-12-24,December,Q4,2025,PIA,PK,Star Air,XX,USD,240,68650.0,4119.0,485.0,58620.35,3517.19,870.59,10029.65,601.81,-385.59,14.61,85.39
2025-12-24,December,Q4,2025,American Airlines,AA,Star Air,XX,USD,498,513905.0,30834.3,15230.0,439180.98,26350.9,5540.33,74724.02,4483.4,9689.67,14.54,85.46
2025-12-28,December,Q4,2025,British Airways,BA,Star Air,XX,USD,227,106115.0,6366.9,6085.0,89033.93,5341.97,1698.45,17081.07,1024.93,4386.55,16.1,83.9
2025-10-21,October,Q4,2025,SIA,SQ,Star Air,XX,USD,246,110985.0,6659.1,3185.0,93387.3,5603.24,1338.15,17597.7,1055.86,1846.85,15.86,84.14
2026-02-17,February,Q1,2026,JetBlue,B6,Star Air,XX,USD,253,325460.0,19527.6,3955.0,277559.24,16653.6,3394.64,47900.76,2874.0,560.36,14.72,85.28
2026-02-17,February,Q1,2026,Thai Airways International,TG,Star Air,XX,USD,251,163290.0,9797.4,1780.0,137514.87,8250.83,1479.96,25775.13,1546.57,300.04,15.78,84.22
2026-03-17,March,Q1,2026,Thai Airways International,TG,Star Air,XX,USD,227,160395.0,9623.7,3135.0,137200.36,8232.05,2802.27,23194.64,1391.65,332.73,14.46,85.54
2026-01-27,January,Q1,2026,Thai Airways International,TG,Star Air,XX,USD,252,155960.0,9357.6,1845.0,132062.8,7923.92,1557.25,23897.2,1433.68,287.75,15.32,84.68
2026-01-12,January,Q1,2026,Qantas,QF,Star Air,XX,USD,721,355545.0,21332.7,5355.0,298437.05,17906.27,4484.92,57107.95,3426.43,870.08,16.06,83.94
2026-03-12,March,Q1,2026,Qantas,QF,Star Air,XX,USD,744,419735.0,25184.1,5190.0,355991.58,21359.44,4467.31,63743.42,3824.66,722.69,15.19,84.81
2026-03-12,March,Q1,2026,Thai Airways International,TG,Star Air,XX,USD,249,160805.0,9648.3,3005.0,135639.55,8138.41,2508.37,25165.45,1509.89,496.63,15.65,84.35
2026-02-17,February,Q1,2026,Jet Airways,9W,Star Air,XX,USD,486,129100.0,7746.0,1490.0,109820.61,6589.22,1282.84,19279.39,1156.78,207.16,14.93,85.07
2026-01-27,January,Q1,2026,Jet Airways,9W,Star Air,XX,USD,254,66720.0,4003.2,1045.0,55850.53,3350.91,884.34,10869.47,652.29,160.66,16.29,83.71
2026-03-17,March,Q1,2026,American Airlines,AA,Star Air,XX,USD,241,256100.0,15366.0,5015.0,216922.15,13015.35,4101.38,39177.85,2350.65,913.62,15.3,84.7
2026-01-27,January,Q1,2026,Qantas,QF,Star Air,XX,USD,474,309170.0,18550.2,5345.0,263140.73,15788.4,4534.26,46029.27,2761.8,810.74,14.89,85.11
2026-03-17,March,Q1,2026,British Airways,BA,Star Air,XX,USD,472,241955.0,14517.3,3690.0,205330.06,12319.78,3223.21,36624.94,2197.52,466.79,15.14,84.86
2026-02-17,February,Q1,2026,Air India,AI,Star Air,XX,USD,240,77955.0,4677.3,1105.0,66400.61,3984.1,960.56,11554.39,693.2,144.44,14.82,85.18
2026-01-27,January,Q1,2026,Air New Zealand,NZ,Star Air,XX,USD,244,74660.0,4479.6,1215.0,63646.14,3818.82,1066.58,11013.86,660.78,148.42,14.75,85.25
2026-03-17,March,Q1,2026,Qantas,QF,Star Air,XX,USD,491,634195.0,38051.7,10545.0,533980.23,32038.76,8841.28,100214.77,6012.94,1703.72,15.8,84.2
2026-01-12,January,Q1,2026,Jet Airways,9W,Star Air,XX,USD,240,61785.0,3707.1,960.0,52634.95,3158.09,837.67,9150.05,549.01,122.33,14.81,85.19
2026-03-12,March,Q1,2026,PIA,PK,Star Air,XX,USD,238,73480.0,4408.8,1010.0,62711.53,3762.67,857.81,10768.47,646.13,152.19,14.65,85.35
2026-03-12,March,Q1,2026,SIA,SQ,Star Air,XX,USD,236,97900.0,5874.0,920.0,81926.81,4915.54,780.42,15973.19,958.46,139.58,16.32,83.68
2026-01-12,January,Q1,2026,Emirates,EK,Star Air,XX,USD,244,68950.0,4137.0,870.0,57800.42,3468.03,703.15,11149.58,668.97,166.85,16.17,83.83
2026-01-27,January,Q1,2026,Emirates,EK,Star Air,XX,USD,254,68905.0,4134.3,990.0,58013.41,3480.76,850.0,10891.59,653.54,140.0,15.81,84.19
2026-02-17,February,Q1,2026,PIA,PK,Star Air,XX,USD,243,68305.0,4098.3,900.0,57360.18,3441.57,764.61,10944.82,656.73,135.39,16.02,83.98
2026-03-17,March,Q1,2026,PIA,PK,Star Air,XX,USD,246,69500.0,4170.0,930.0,59184.5,3551.04,820.7,10315.5,618.96,109.3,14.84,85.16
2026-03-17,March,Q1,2026,Emirates,EK,Star Air,XX,USD,234,65155.0,3909.3,840.0,54824.19,3289.48,705.52,10330.81,619.82,134.48,15.86,84.14
2026-03-17,March,Q1,2026,Air Canada,AC,Star Air,XX,USD,243,71255.0,4275.3,760.0,60187.55,3611.22,679.1,11067.46,664.08,80.9,15.53,84.47
2026-01-27,January,Q1,2026,Air Mauritius,MK,Star Air,XX,USD,243,144030.0,8641.8,2290.0,122135.24,7328.12,1899.19,21894.76,1313.68,390.81,15.2,84.8
2026-01-27,January,Q1,2026,Air Canada,AC,Star Air,XX,USD,250,67190.0,4031.4,975.0,56995.0,3419.73,841.87,10195.0,611.67,133.13,15.17,84.83
2025-12-23,December,Q4,2025,Jet Airways,9W,Star Air,XX,USD,478,135605.0,8136.3,10535.0,113835.47,6830.13,1630.74,21769.53,1306.17,8904.26,16.05,83.95
2025-12-08,December,Q4,2025,Jet Airways,9W,Star Air,XX,USD,246,73410.0,4404.6,19100.0,62328.46,3739.67,998.27,11081.54,664.93,18101.73,15.1,84.9
2025-12-13,December,Q4,2025,Thai Airways International,TG,Star Air,XX,USD,252,148900.0,8934.0,16450.0,125884.95,7553.15,2239.52,23015.05,1380.85,14210.48,15.46,84.54
2025-11-15,November,Q4,2025,Thai Airways International,TG,Star Air,XX,USD,253,159070.0,9544.2,11210.0,134557.35,8073.41,1665.22,24512.65,1470.79,9544.78,15.41,84.59
2025-10-18,October,Q4,2025,Thai Airways International,TG,Star Air,XX,USD,243,148430.0,8905.8,9540.0,124530.34,7471.89,1518.37,23899.66,1433.91,8021.63,16.1,83.9
2025-12-13,December,Q4,2025,PIA,PK,Star Air,XX,USD,221,62190.0,3731.4,48465.0,53170.98,3190.23,1227.43,9019.02,541.17,47237.57,14.5,85.5
2025-10-15,October,Q4,2025,Air India,AI,Star Air,XX,USD,236,80915.0,4854.9,11050.0,67097.15,4025.87,673.43,13817.85,829.03,10376.57,17.08,82.92
2025-12-07,December,Q4,2025,Blue Panorama,BV,Star Air,XX,USD,231,61925.0,3715.5,9035.0,52372.94,3142.37,646.21,9552.06,573.13,8388.79,15.43,84.57
2025-12-07,December,Q4,2025,Qantas,QF,Star Air,XX,USD,720,605970.0,36358.2,10150.0,510088.85,30605.36,9233.94,95881.15,5752.84,916.06,15.82,84.18
2025-11-15,November,Q4,2025,PIA,PK,Star Air,XX,USD,222,63090.0,3785.4,35385.0,53241.05,3194.52,788.47,9848.95,590.88,34596.53,15.61,84.39
2025-12-08,December,Q4,2025,Qantas,QF,Star Air,XX,USD,979,654045.0,39242.7,8080.0,551980.2,33118.9,9789.79,102064.8,6123.8,-1709.79,15.61,84.39
2025-10-18,October,Q4,2025,PIA,PK,Star Air,XX,USD,218,70010.0,4200.6,67860.0,58735.69,3524.12,1037.91,11274.31,676.48,66822.09,16.1,83.9
2025-12-13,December,Q4,2025,JetBlue,B6,Star Air,XX,USD,238,309020.0,18541.2,3135.0,257840.6,15470.33,4043.71,51179.4,3070.87,-908.71,16.56,83.44
2025-10-18,October,Q4,2025,JetBlue,B6,Star Air,XX,USD,241,331895.0,19913.7,3975.0,281113.46,16866.81,4587.85,50781.54,3046.89,-612.85,15.3,84.7
2025-10-15,October,Q4,2025,American Airlines,AA,Star Air,XX,USD,484,584440.0,35066.4,11740.0,498874.92,29932.45,6348.5,85565.08,5133.95,5391.5,14.64,85.36
2025-12-22,December,Q4,2025,Qantas,QF,Star Air,XX,USD,254,137305.0,8238.3,1550.0,117602.17,7056.08,1773.04,19702.83,1182.22,-223.04,14.35,85.65
2025-12-23,December,Q4,2025,Qantas,QF,Star Air,XX,USD,492,331720.0,19903.2,4535.0,282392.03,16943.51,5060.66,49327.97,2959.69,-525.66,14.87,85.13
2025-12-08,December,Q4,2025,Air Mauritius,MK,Star Air,XX,USD,246,156560.0,9393.6,10620.0,134267.08,8056.16,2107.24,22292.92,1337.44,8512.76,14.24,85.76
2025-12-07,December,Q4,2025,PIA,PK,Star Air,XX,USD,220,60000.0,3600.0,40335.0,51166.37,3069.94,828.21,8833.63,530.06,39506.79,14.72,85.28
2025-10-18,October,Q4,2025,Air Mauritius,MK,Star Air,XX,USD,238,162815.0,9768.9,9540.0,137042.39,8222.65,1328.56,25772.61,1546.25,8211.44,15.83,84.17
2025-12-13,December,Q4,2025,British Airways,BA,Star Air,XX,USD,236,121285.0,7277.1,725.0,100934.03,6055.94,1081.64,20350.97,1221.16,-356.64,16.78,83.22
2025-11-15,November,Q4,2025,British Airways,BA,Star Air,XX,USD,247,120755.0,7245.3,910.0,101296.92,6077.78,1424.91,19458.08,1167.52,-514.91,16.11,83.89
2025-10-18,October,Q4,2025,British Airways,BA,Star Air,XX,USD,242,115550.0,6933.0,1495.0,97958.85,5877.56,2096.28,17591.15,1055.44,-601.28,15.22,84.78
2025-11-15,November,Q4,2025,American Airlines,AA,Star Air,XX,USD,236,247980.0,14878.8,2440.0,210145.89,12608.81,2931.84,37834.11,2269.99,-491.84,15.26,84.74
2025-10-15,October,Q4,2025,Emirates,EK,Star Air,XX,USD,247,72755.0,4365.3,900.0,61843.06,3710.53,1129.18,10911.94,654.77,-229.18,15.0,85.0
2025-12-07,December,Q4,2025,Emirates,EK,Star Air,XX,USD,242,70230.0,4213.8,805.0,59899.93,3594.0,1077.31,10330.07,619.8,-272.31,14.71,85.29
2025-12-08,December,Q4,2025,Emirates,EK,Star Air,XX,USD,249,65910.0,3954.6,685.0,56392.39,3383.54,858.19,9517.61,571.06,-173.19,14.44,85.56
2025-11-15,November,Q4,2025,Qantas,QF,Star Air,XX,USD,495,521290.0,31277.4,5435.0,437485.27,26249.06,4137.15,83804.73,5028.34,1297.85,16.08,83.92
2025-12-13,December,Q4,2025,Air Canada,AC,Star Air,XX,USD,465,134825.0,8089.5,1235.0,113109.83,6786.58,1538.37,21715.17,1302.92,-303.37,16.11,83.89
2025-12-13,December,Q4,2025,Emirates,EK,Star Air,XX,USD,451,134990.0,8099.4,3055.0,114698.96,6881.85,1831.9,20291.04,1217.55,1223.1,15.03,84.97
2025-10-18,October,Q4,2025,Air Canada,AC,Star Air,XX,USD,209,58505.0,3510.3,775.0,49409.84,2964.61,830.41,9095.16,545.69,-55.41,15.55,84.45
2025-11-15,November,Q4,2025,Vietnam Airlines,VN,Star Air,XX,USD,2,1850.0,111.0,0.0,1463.16,87.79,84.41,386.84,23.21,-84.41,20.91,79.09
2025-10-15,October,Q4,2025,PIA,PK,Star Air,XX,USD,248,83770.0,5026.2,460.0,70076.54,4204.47,1034.08,13693.46,821.73,-574.08,16.35,83.65
2025-12-23,December,Q4,2025,Emirates,EK,Star Air,XX,USD,476,134980.0,8098.8,1130.0,113155.18,6789.31,1400.51,21824.82,1309.49,-270.51,16.17,83.83
2025-12-13,December,Q4,2025,American Airlines,AA,Star Air,XX,USD,259,280890.0,16853.4,11090.0,234916.04,14094.91,4556.97,45973.96,2758.49,6533.03,16.37,83.63
2025-12-23,December,Q4,2025,PIA,PK,Star Air,XX,USD,238,62620.0,3757.2,420.0,53357.31,3201.46,722.27,9262.69,555.74,-302.27,14.79,85.21
2025-10-18,October,Q4,2025,American Airlines,AA,Star Air,XX,USD,260,298460.0,17907.6,16235.0,255299.81,15318.0,5633.29,43160.19,2589.6,10601.71,14.46,85.54
2025-12-23,December,Q4,2025,Air Mauritius,MK,Star Air,XX,USD,244,145860.0,8751.6,1080.0,122814.3,7368.83,1672.69,23045.7,1382.77,-592.69,15.8,84.2
2025-12-13,December,Q4,2025,Qantas,QF,Star Air,XX,USD,245,292770.0,17566.2,7685.0,247091.76,14825.49,3907.37,45678.24,2740.71,3777.63,15.6,84.4
2025-12-07,December,Q4,2025,JetBlue,B6,Star Air,XX,USD,240,293590.0,17615.4,9380.0,250126.23,15007.48,3469.95,43463.77,2607.92,5910.05,14.8,85.2
2025-12-23,December,Q4,2025,Air Canada,AC,Star Air,XX,USD,256,71585.0,4295.1,1615.0,61428.17,3685.65,764.16,10156.83,609.45,850.84,14.19,85.81
2025-12-08,December,Q4,2025,Air India,AI,Star Air,XX,USD,250,68165.0,4089.9,310.0,57594.01,3455.68,653.55,10570.99,634.22,-343.55,15.51,84.49
2025-12-23,December,Q4,2025,Siberia Airlines,S7,Star Air,XX,USD,1,450.0,27.0,0.0,368.69,22.12,0.0,81.31,4.88,0.0,18.07,81.93
2025-12-08,December,Q4,2025,Siberia Airlines,S7,Star Air,XX,USD,1,850.0,51.0,0.0,654.29,39.26,0.0,195.71,11.74,0.0,23.02,76.98
2025-11-15,November,Q4,2025,Emirates,EK,Star Air,XX,USD,244,68810.0,4128.6,2890.0,58081.1,3484.96,1332.53,10728.9,643.64,1557.47,15.59,84.41
2025-10-18,October,Q4,2025,Emirates,EK,Star Air,XX,USD,241,71480.0,4288.8,2915.0,60644.36,3638.55,1169.27,10835.64,650.25,1745.73,15.16,84.84
2026-03-23,March,Q1,2026,Air New Zealand,NZ,Star Air,XX,USD,480,254020.0,15241.2,3940.0,216234.45,12974.1,3347.75,37785.55,2267.1,592.25,14.88,85.12
2026-01-22,January,Q1,2026,Thai Airways International,TG,Star Air,XX,USD,247,156365.0,9381.9,2510.0,132104.29,7926.18,2069.68,24260.71,1455.72,440.32,15.52,84.48
2026-03-23,March,Q1,2026,Thai Airways International,TG,Star Air,XX,USD,257,160375.0,9622.5,2170.0,136197.72,8171.86,1807.82,24177.28,1450.64,362.18,15.08,84.92
2026-03-11,March,Q1,2026,Qantas,QF,Star Air,XX,USD,501,451770.0,27106.2,6005.0,383266.54,22996.04,5193.66,68503.46,4110.16,811.34,15.16,84.84
2026-03-07,March,Q1,2026,Air India,AI,Star Air,XX,USD,219,72825.0,4369.5,1040.0,61206.45,3672.36,892.75,11618.55,697.14,147.25,15.95,84.05
2026-03-07,March,Q1,2026,Thai Airways International,TG,Star Air,XX,USD,250,154885.0,9293.1,2290.0,130391.03,7823.53,1929.63,24493.97,1469.57,360.37,15.81,84.19
2026-03-28,March,Q1,2026,Air India,AI,Star Air,XX,USD,259,82435.0,4946.1,940.0,69089.01,4145.34,807.97,13345.99,800.76,132.03,16.19,83.81
2026-03-02,March,Q1,2026,Jet Airways,9W,Star Air,XX,USD,242,64120.0,3847.2,1235.0,54395.93,3263.69,1054.62,9724.07,583.51,180.38,15.17,84.83
2026-03-23,March,Q1,2026,Qantas,QF,Star Air,XX,USD,746,492855.0,29571.3,6960.0,415742.02,24944.66,5845.04,77112.99,4626.64,1114.96,15.65,84.35
2026-03-02,March,Q1,2026,Air New Zealand,NZ,Star Air,XX,USD,238,74320.0,4459.2,1060.0,63241.23,3794.48,904.42,11078.77,664.72,155.58,14.91,85.09
2026-03-23,March,Q1,2026,Jet Airways,9W,Star Air,XX,USD,247,70480.0,4228.8,965.0,60152.54,3609.18,847.63,10327.46,619.62,117.37,14.65,85.35
2026-03-28,March,Q1,2026,Thai Airways International,TG,Star Air,XX,USD,238,154695.0,9281.7,2220.0,130545.54,7832.69,1877.18,24149.46,1449.01,342.82,15.61,84.39
2026-03-28,March,Q1,2026,PIA,PK,Star Air,XX,USD,249,77665.0,4659.9,1365.0,65582.15,3934.94,1175.57,12082.85,724.96,189.43,15.56,84.44
2026-03-28,March,Q1,2026,Qantas,QF,Star Air,XX,USD,940,800290.0,48017.4,9000.0,671724.24,40303.57,7595.77,128565.76,7713.83,1404.23,16.06,83.94
2026-03-29,March,Q1,2026,Qantas,QF,Star Air,XX,USD,729,609510.0,36570.6,8965.0,515540.3,30932.51,7633.53,93969.7,5638.09,1331.47,15.42,84.58
2026-03-02,March,Q1,2026,JetBlue,B6,Star Air,XX,USD,251,317195.0,19031.7,4540.0,267974.01,16078.39,3866.74,49220.99,2953.31,673.26,15.52,84.48
2026-03-24,March,Q1,2026,American Airlines,AA,Star Air,XX,USD,497,586015.0,35160.9,10525.0,493933.59,29635.97,8815.05,92081.41,5524.93,1709.95,15.71,84.29
2026-03-02,March,Q1,2026,Qantas,QF,Star Air,XX,USD,720,439820.0,26389.2,7425.0,375741.83,22544.36,6337.46,64078.17,3844.84,1087.54,14.57,85.43
2026-03-28,March,Q1,2026,American Airlines,AA,Star Air,XX,USD,451,526030.0,31561.8,8360.0,447883.86,26872.98,7001.81,78146.14,4688.82,1358.19,14.86,85.14
2026-03-07,March,Q1,2026,Qantas,QF,Star Air,XX,USD,963,901900.0,54114.0,10205.0,759222.53,45553.29,8536.19,142677.47,8560.71,1668.81,15.82,84.18
2026-03-24,March,Q1,2026,British Airways,BA,Star Air,XX,USD,247,130490.0,7829.4,1525.0,109450.4,6566.97,1314.6,21039.6,1262.43,210.4,16.12,83.88
2026-01-22,January,Q1,2026,JetBlue,B6,Star Air,XX,USD,244,296775.0,17806.5,4450.0,252730.94,15163.77,3740.92,44044.06,2642.73,709.08,14.84,85.16
2026-03-24,March,Q1,2026,Air India,AI,Star Air,XX,USD,237,76840.0,4610.4,1315.0,64900.57,3894.07,1098.05,11939.43,716.33,216.95,15.54,84.46
2026-03-07,March,Q1,2026,PIA,PK,Star Air,XX,USD,216,65810.0,3948.6,885.0,55386.23,3323.25,744.93,10423.77,625.35,140.07,15.84,84.16
2026-03-24,March,Q1,2026,Qantas,QF,Star Air,XX,USD,488,511260.0,30675.6,7865.0,436872.94,26212.3,6645.94,74387.06,4463.3,1219.06,14.55,85.45
2026-03-29,March,Q1,2026,Jet Airways,9W,Star Air,XX,USD,250,71090.0,4265.4,1290.0,59976.53,3598.51,1064.16,11113.47,666.89,225.84,15.63,84.37
2026-03-29,March,Q1,2026,Air Mauritius,MK,Star Air,XX,USD,234,155020.0,9301.2,2180.0,131765.27,7905.84,1868.9,23254.73,1395.36,311.1,15.0,85.0
2026-03-23,March,Q1,2026,SIA,SQ,Star Air,XX,USD,240,106020.0,6361.2,1315.0,90012.33,5400.75,1090.8,16007.67,960.45,224.2,15.1,84.9
2026-01-22,January,Q1,2026,Qantas,QF,Star Air,XX,USD,490,483865.0,29031.9,5280.0,409101.37,24546.04,4499.24,74763.63,4485.86,780.76,15.45,84.55
2026-03-28,March,Q1,2026,Emirates,EK,Star Air,XX,USD,503,154260.0,9255.6,2405.0,129951.42,7797.16,2012.07,24308.58,1458.44,392.93,15.76,84.24
2026-03-28,March,Q1,2026,Air Canada,AC,Star Air,XX,USD,250,75130.0,4507.8,1460.0,62998.14,3779.84,1189.87,12131.86,727.96,270.13,16.15,83.85
2026-03-29,March,Q1,2026,Emirates,EK,Star Air,XX,USD,244,73645.0,4418.7,1330.0,62241.98,3734.47,1117.33,11403.02,684.23,212.67,15.48,84.52
2026-03-07,March,Q1,2026,Emirates,EK,Star Air,XX,USD,480,135895.0,8153.7,1965.0,115630.97,6937.76,1676.54,20264.03,1215.94,288.46,14.91,85.09
2026-03-24,March,Q1,2026,Emirates,EK,Star Air,XX,USD,244,70445.0,4226.7,1180.0,59287.22,3557.28,963.19,11157.78,669.42,216.81,15.84,84.16
2026-03-07,March,Q1,2026,British Airways,BA,Star Air,XX,USD,244,108990.0,6539.4,1615.0,92110.84,5526.62,1361.54,16879.16,1012.78,253.46,15.49,84.51
2026-01-22,January,Q1,2026,American Airlines,AA,Star Air,XX,USD,248,293315.0,17598.9,5195.0,244487.32,14669.22,4278.63,48827.68,2929.68,916.37,16.65,83.35
2026-03-02,March,Q1,2026,PIA,PK,Star Air,XX,USD,250,71290.0,4277.4,1135.0,60420.59,3625.21,975.54,10869.41,652.19,159.46,15.25,84.75
2026-03-02,March,Q1,2026,Air Mauritius,MK,Star Air,XX,USD,227,134300.0,8058.0,2105.0,113661.33,6819.7,1800.57,20638.67,1238.3,304.43,15.37,84.63
2026-03-11,March,Q1,2026,Air Canada,AC,Star Air,XX,USD,245,66850.0,4011.0,975.0,56952.37,3417.17,799.2,9897.63,593.83,175.8,14.81,85.19
2026-03-11,March,Q1,2026,Emirates,EK,Star Air,XX,USD,244,68770.0,4126.2,1125.0,58120.84,3487.26,960.91,10649.16,638.94,164.09,15.49,84.51
2026-03-23,March,Q1,2026,PIA,PK,Star Air,XX,USD,257,72470.0,4348.2,1230.0,61927.12,3715.65,1065.7,10542.88,632.55,164.3,14.55,85.45
2026-03-11,March,Q1,2026,Air Mauritius,MK,Star Air,XX,USD,246,151250.0,9075.0,2375.0,127816.75,7669.02,2000.68,23433.25,1405.98,374.32,15.49,84.51
2026-03-11,March,Q1,2026,Blue Panorama,BV,Star Air,XX,USD,245,65145.0,3908.7,910.0,55145.56,3308.75,783.49,9999.44,599.95,126.51,15.35,84.65
2026-01-22,January,Q1,2026,Emirates,EK,Star Air,XX,USD,247,66460.0,3987.6,1050.0,57362.76,3441.79,903.08,9097.24,545.81,146.92,13.69,86.31
2026-01-22,January,Q1,2026,Air Mauritius,MK,Star Air,XX,USD,215,130255.0,7815.3,1990.0,111208.05,6672.53,1704.06,19046.95,1142.77,285.94,14.62,85.38
2026-01-22,January,Q1,2026,Air Canada,AC,Star Air,XX,USD,259,75740.0,4544.4,1160.0,63402.65,3804.21,947.77,12337.35,740.19,212.23,16.29,83.71
2026-01-22,January,Q1,2026,Blue Panorama,BV,Star Air,XX,USD,245,66190.0,3971.4,770.0,55585.87,3335.13,663.25,10604.13,636.27,106.75,16.02,83.98
2026-03-23,March,Q1,2026,Air Canada,AC,Star Air,XX,USD,241,78740.0,4724.4,730.0,66744.98,4004.6,617.72,11995.02,719.8,112.28,15.23,84.77
2026-03-24,March,Q1,2026,Air Canada,AC,Star Air,XX,USD,249,70175.0,4210.5,1275.0,59394.79,3563.69,1060.1,10780.21,646.81,214.9,15.36,84.64
2025-03-15,March,Q1,2025,Air India,AI,Star Air,XX,USD,237,80880.0,4852.8,1230.0,68161.49,4089.71,1021.33,12718.51,763.09,208.67,15.73,84.27
2025-02-20,February,Q1,2025,Qantas,QF,Star Air,XX,USD,502,473160.0,28389.6,6360.0,400939.97,24056.38,5306.57,72220.03,4333.22,1053.43,15.26,84.74
2025-02-21,February,Q1,2025,Qantas,QF,Star Air,XX,USD,1286,696600.0,41796.0,9400.0,589701.22,35381.94,8048.91,106898.78,6414.06,1351.09,15.35,84.65
2025-02-20,February,Q1,2025,JetBlue,B6,Star Air,XX,USD,253,333325.0,19999.5,4505.0,281766.11,16905.89,3874.65,51558.89,3093.61,630.35,15.47,84.53
2025-02-21,February,Q1,2025,Air New Zealand,NZ,Star Air,XX,USD,265,81390.0,4883.4,1045.0,69795.55,4187.78,908.68,11594.45,695.62,136.32,14.25,85.75
2025-03-15,March,Q1,2025,Jet Airways,9W,Star Air,XX,USD,255,72220.0,4333.2,990.0,61087.93,3665.33,867.6,11132.07,667.87,122.4,15.41,84.59
2025-03-15,March,Q1,2025,PIA,PK,Star Air,XX,USD,252,73245.0,4394.7,940.0,62084.49,3725.04,778.45,11160.51,669.66,161.55,15.24,84.76
2025-03-15,March,Q1,2025,Thai Airways International,TG,Star Air,XX,USD,256,164690.0,9881.4,2820.0,138644.09,8318.67,2402.99,26045.91,1562.73,417.01,15.82,84.18
2025-02-21,February,Q1,2025,PIA,PK,Star Air,XX,USD,256,68755.0,4125.3,1105.0,58434.87,3506.04,949.38,10320.13,619.26,155.62,15.01,84.99
2025-02-21,February,Q1,2025,Thai Airways International,TG,Star Air,XX,USD,252,166410.0,9984.6,2905.0,140779.37,8446.76,2410.85,25630.63,1537.84,494.15,15.4,84.6
2025-02-20,February,Q1,2025,PIA,PK,Star Air,XX,USD,249,71550.0,4293.0,940.0,60401.68,3624.05,776.61,11148.32,668.95,163.39,15.58,84.42
2025-03-15,March,Q1,2025,British Airways,BA,Star Air,XX,USD,253,121060.0,7263.6,2670.0,102237.75,6134.31,2193.59,18822.25,1129.29,476.41,15.55,84.45
2025-03-15,March,Q1,2025,Emirates,EK,Star Air,XX,USD,500,143335.0,8600.1,2090.0,120822.3,7249.38,1771.43,22512.7,1350.72,318.57,15.71,84.29
2025-02-20,February,Q1,2025,Air India,AI,Star Air,XX,USD,252,65680.0,3940.8,770.0,54976.14,3298.57,662.82,10703.86,642.23,107.18,16.3,83.7
2025-02-21,February,Q1,2025,SIA,SQ,Star Air,XX,USD,241,98175.0,5890.5,1170.0,83332.28,4999.83,978.02,14842.72,890.67,191.98,15.12,84.88
2025-03-15,March,Q1,2025,Air Mauritius,MK,Star Air,XX,USD,253,159665.0,9579.9,2630.0,134578.04,8074.72,2283.52,25086.96,1505.18,346.48,15.71,84.29
2025-02-21,February,Q1,2025,Air Canada,AC,Star Air,XX,USD,256,67975.0,4078.5,1030.0,57337.05,3440.22,875.93,10637.95,638.28,154.07,15.65,84.35
2025-03-15,March,Q1,2025,Qantas,QF,Star Air,XX,USD,257,191340.0,11480.4,2375.0,161589.04,9695.37,1963.94,29750.96,1785.03,411.06,15.55,84.45
2025-02-20,February,Q1,2025,Blue Panorama,BV,Star Air,XX,USD,262,68230.0,4093.8,1290.0,58044.0,3482.59,1101.53,10186.0,611.21,188.47,14.93,85.07
2025-03-15,March,Q1,2025,American Airlines,AA,Star Air,XX,USD,251,278810.0,16728.6,4355.0,238673.86,14320.5,3647.79,40136.14,2408.1,707.21,14.4,85.6
2025-02-20,February,Q1,2025,Air Mauritius,MK,Star Air,XX,USD,267,167730.0,10063.8,2735.0,143040.33,8582.59,2268.14,24689.67,1481.21,466.86,14.72,85.28
2025-02-20,February,Q1,2025,Siberia Airlines,S7,Star Air,XX,USD,1,765.0,45.9,0.0,566.92,34.02,0.0,198.08,11.88,0.0,25.89,74.11
2025-05-25,May,Q2,2025,Thai Airways International,TG,Star Air,XX,USD,245,171745.0,10304.7,2375.0,144069.25,8644.12,2003.19,27675.75,1660.58,371.81,16.11,83.89
2025-05-25,May,Q2,2025,Qantas,QF,Star Air,XX,USD,1171,1292775.0,77566.5,20390.0,1080098.54,64805.78,17077.06,212676.46,12760.72,3312.94,16.45,83.55
2025-05-25,May,Q2,2025,Air France,AF,Star Air,XX,USD,228,210450.0,12627.0,2815.0,178155.4,10689.36,2329.08,32294.6,1937.64,485.92,15.35,84.65
2025-04-11,April,Q2,2025,Qantas,QF,Star Air,XX,USD,239,156275.0,9376.5,3200.0,129675.75,7780.54,2657.4,26599.25,1595.96,542.6,17.02,82.98
2025-02-21,February,Q1,2025,Emirates,EK,Star Air,XX,USD,255,68135.0,4088.1,1145.0,57626.66,3457.6,978.57,10508.34,630.5,166.43,15.42,84.58
2025-04-05,April,Q2,2025,Thai Airways International,TG,Star Air,XX,USD,243,154845.0,9290.7,2345.0,131340.43,7880.35,1996.81,23504.57,1410.35,348.19,15.18,84.82
2025-04-11,April,Q2,2025,Thai Airways International,TG,Star Air,XX,USD,246,168825.0,10129.5,2535.0,140735.1,8444.08,2055.94,28089.9,1685.42,479.06,16.64,83.36
2025-04-05,April,Q2,2025,Air Mauritius,MK,Star Air,XX,USD,236,155765.0,9345.9,2705.0,131162.65,7869.74,2299.95,24602.35,1476.16,405.05,15.79,84.21
2025-04-11,April,Q2,2025,PIA,PK,Star Air,XX,USD,243,80410.0,4824.6,1085.0,68547.79,4112.84,923.8,11862.21,711.76,161.2,14.75,85.25
2025-04-05,April,Q2,2025,Qantas,QF,Star Air,XX,USD,234,182560.0,10953.6,3610.0,154582.79,9274.97,3046.28,27977.21,1678.63,563.72,15.32,84.68
2025-04-05,April,Q2,2025,Emirates,EK,Star Air,XX,USD,447,138760.0,8325.6,2175.0,116980.78,7018.93,1804.82,21779.22,1306.67,370.18,15.7,84.3
2025-04-05,April,Q2,2025,Air Canada,AC,Star Air,XX,USD,215,61770.0,3706.2,1020.0,53123.8,3187.36,893.42,8646.2,518.84,126.58,14.0,86.0
2025-04-05,April,Q2,2025,British Airways,BA,Star Air,XX,USD,231,145800.0,8748.0,2425.0,122882.53,7372.93,1969.0,22917.47,1375.07,456.0,15.72,84.28
2025-05-25,May,Q2,2025,Emirates,EK,Star Air,XX,USD,492,159020.0,9541.2,2625.0,134013.39,8040.71,2163.65,25006.62,1500.49,461.35,15.73,84.27
2025-04-11,April,Q2,2025,Air Canada,AC,Star Air,XX,USD,247,79060.0,4743.6,1565.0,68000.31,4080.08,1373.22,11059.69,663.52,191.78,13.99,86.01
2025-05-25,May,Q2,2025,American Airlines,AA,Star Air,XX,USD,247,286715.0,17202.9,4910.0,241898.2,14513.89,4178.53,44816.8,2689.01,731.47,15.63,84.37
2025-04-11,April,Q2,2025,SIA,SQ,Star Air,XX,USD,236,106120.0,6367.2,1450.0,89569.87,5374.19,1206.88,16550.13,993.01,243.12,15.6,84.4
2025-07-02,July,Q3,2025,Siberia Airlines,S7,Star Air,XX,USD,2,1240.0,74.4,60.0,972.63,58.35,52.02,267.37,16.05,7.98,21.56,78.44
2025-08-14,August,Q3,2025,Qantas,QF,Star Air,XX,USD,959,763275.0,45796.5,10975.0,646686.6,38801.15,9260.89,116588.41,6995.35,1714.11,15.27,84.73
2025-07-02,July,Q3,2025,Thai Airways International,TG,Star Air,XX,USD,240,176655.0,10599.3,2730.0,148269.03,8896.17,2271.95,28385.97,1703.13,458.05,16.07,83.93
2025-07-25,July,Q3,2025,Jet Airways,9W,Star Air,XX,USD,250,73620.0,4417.2,1025.0,62129.87,3727.76,898.25,11490.13,689.44,126.75,15.61,84.39
2025-04-11,April,Q2,2025,Emirates,EK,Star Air,XX,USD,471,152695.0,9161.7,2335.0,129780.96,7786.81,1988.24,22914.04,1374.89,346.76,15.01,84.99
2025-07-25,July,Q3,2025,Qantas,QF,Star Air,XX,USD,1277,772240.0,46334.4,12165.0,653343.77,39200.55,10242.95,118896.23,7133.85,1922.05,15.4,84.6
2025-07-25,July,Q3,2025,Air New Zealand,NZ,Star Air,XX,USD,265,89165.0,5349.9,1350.0,74909.94,4494.56,1139.61,14255.07,855.34,210.39,15.99,84.01
2025-07-02,July,Q3,2025,Air India,AI,Star Air,XX,USD,250,89900.0,5394.0,1765.0,75876.01,4552.58,1503.91,14023.99,841.42,261.09,15.6,84.4
2025-07-02,July,Q3,2025,American Airlines,AA,Star Air,XX,USD,761,913940.0,54836.4,15140.0,770342.39,46220.69,12626.83,143597.61,8615.71,2513.17,15.71,84.29
2025-07-25,July,Q3,2025,SIA,SQ,Star Air,XX,USD,232,104445.0,6266.7,1820.0,87084.82,5225.13,1552.24,17360.18,1041.57,267.76,16.62,83.38
2025-08-14,August,Q3,2025,PIA,PK,Star Air,XX,USD,259,77345.0,4640.7,1100.0,65655.97,3939.35,923.94,11689.03,701.35,176.06,15.11,84.89
2025-08-14,August,Q3,2025,Vietnam Airlines,VN,Star Air,XX,USD,1,905.0,54.3,0.0,678.22,40.69,0.0,226.78,13.61,0.0,25.06,74.94
2025-07-02,July,Q3,2025,British Airways,BA,Star Air,XX,USD,234,137320.0,8239.2,2880.0,114961.52,6897.67,2422.11,22358.48,1341.53,457.89,16.28,83.72
2025-07-02,July,Q3,2025,Emirates,EK,Star Air,XX,USD,244,77730.0,4663.8,1090.0,65944.73,3956.64,948.34,11785.27,707.16,141.66,15.16,84.84
2025-08-14,August,Q3,2025,Emirates,EK,Star Air,XX,USD,238,80595.0,4835.7,985.0,67954.89,4077.32,833.42,12640.11,758.38,151.58,15.68,84.32
2025-10-07,October,Q4,2025,Air New Zealand,NZ,Star Air,XX,USD,245,192220.0,11533.2,2180.0,160650.67,9639.13,2215.69,31569.33,1894.07,-35.69,16.42,83.58
2025-12-14,December,Q4,2025,Air France,AF,Star Air,XX,USD,240,199290.0,11957.4,8175.0,170017.3,10201.15,2730.22,29272.7,1756.25,5444.78,14.69,85.31
2025-10-09,October,Q4,2025,Qantas,QF,Star Air,XX,USD,733,529575.0,31774.5,7745.0,452189.24,27131.37,6900.85,77385.76,4643.13,844.15,14.61,85.39
2025-10-07,October,Q4,2025,Jet Airways,9W,Star Air,XX,USD,238,68390.0,4103.4,6325.0,57354.42,3441.24,664.92,11035.58,662.16,5660.08,16.14,83.86
2025-10-07,October,Q4,2025,Thai Airways International,TG,Star Air,XX,USD,237,149065.0,8943.9,1270.0,125339.9,7520.42,1736.78,23725.1,1423.48,-466.78,15.92,84.08
2025-10-08,October,Q4,2025,Thai Airways International,TG,Star Air,XX,USD,244,162565.0,9753.9,1145.0,136546.09,8192.78,1553.48,26018.91,1561.12,-408.48,16.01,83.99
2025-07-25,July,Q3,2025,Emirates,EK,Star Air,XX,USD,482,155945.0,9356.7,2150.0,130476.23,7828.55,1786.14,25468.77,1528.15,363.86,16.33,83.67
2025-12-20,December,Q4,2025,Air India,AI,Star Air,XX,USD,255,85480.0,5128.8,470.0,72157.39,4329.5,841.29,13322.61,799.3,-371.29,15.59,84.41
2025-02-25,February,Q1,2025,Jet Airways,9W,Star Air,XX,USD,505,147740.0,8864.4,1785.0,123609.88,7416.61,1503.83,24130.12,1447.79,281.17,16.33,83.67
2025-03-06,March,Q1,2025,Qantas,QF,Star Air,XX,USD,468,388705.0,23322.3,4780.0,333844.3,20030.69,4138.54,54860.7,3291.61,641.46,14.11,85.89
2025-03-27,March,Q1,2025,Air France,AF,Star Air,XX,USD,261,242555.0,14553.3,3850.0,204687.79,12281.27,3261.9,37867.21,2272.03,588.1,15.61,84.39
2025-03-17,March,Q1,2025,Qantas,QF,Star Air,XX,USD,243,76050.0,4563.0,1040.0,63960.29,3837.64,887.3,12089.72,725.36,152.7,15.9,84.1
2025-01-26,January,Q1,2025,Qantas,QF,Star Air,XX,USD,1035,960070.0,57604.2,12895.0,816685.01,49001.16,10935.83,143384.99,8603.04,1959.17,14.93,85.07
2025-01-26,January,Q1,2025,Air India,AI,Star Air,XX,USD,248,86120.0,5167.2,1410.0,72041.39,4322.55,1180.32,14078.61,844.65,229.68,16.35,83.65
2025-01-05,January,Q1,2025,Qantas,QF,Star Air,XX,USD,1007,970935.0,58256.1,14190.0,821008.1,49260.5,12030.54,149926.9,8995.6,2159.46,15.44,84.56
2025-02-25,February,Q1,2025,Air New Zealand,NZ,Star Air,XX,USD,257,84490.0,5069.4,1205.0,72551.83,4353.17,1054.15,11938.17,716.23,150.85,14.13,85.87
2025-03-06,March,Q1,2025,Thai Airways International,TG,Star Air,XX,USD,243,175615.0,10536.9,3130.0,149483.09,8969.03,2654.57,26131.91,1567.87,475.43,14.88,85.12
2025-01-29,January,Q1,2025,American Airlines,AA,Star Air,XX,USD,467,485355.0,29121.3,7915.0,408993.66,24539.68,6589.13,76361.34,4581.62,1325.87,15.73,84.27
2025-03-06,March,Q1,2025,JetBlue,B6,Star Air,XX,USD,201,256950.0,15417.0,3350.0,214729.25,12883.75,2760.22,42220.75,2533.25,589.78,16.43,83.57
2025-03-17,March,Q1,2025,Jet Airways,9W,Star Air,XX,USD,242,64095.0,3845.7,880.0,54381.2,3262.88,754.87,9713.8,582.82,125.13,15.16,84.84
2025-02-25,February,Q1,2025,Air India,AI,Star Air,XX,USD,251,79930.0,4795.8,1125.0,67546.34,4052.81,958.9,12383.66,742.99,166.1,15.49,84.51
2025-01-05,January,Q1,2025,PIA,PK,Star Air,XX,USD,246,66335.0,3980.1,775.0,56119.07,3367.08,667.36,10215.93,613.02,107.64,15.4,84.6
2025-02-25,February,Q1,2025,Thai Airways International,TG,Star Air,XX,USD,244,166170.0,9970.2,2050.0,137782.41,8266.97,1714.89,28387.59,1703.23,335.11,17.08,82.92
2025-03-27,March,Q1,2025,Qantas,QF,Star Air,XX,USD,524,474710.0,28482.6,8255.0,403727.92,24223.59,7123.8,70982.08,4259.01,1131.2,14.95,85.05
2025-03-27,March,Q1,2025,Thai Airways International,TG,Star Air,XX,USD,263,169300.0,10158.0,1660.0,142636.51,8558.18,1422.55,26663.49,1599.82,237.45,15.75,84.25
2025-01-29,January,Q1,2025,Thai Airways International,TG,Star Air,XX,USD,255,163430.0,9805.8,2175.0,139418.59,8365.17,1864.45,24011.41,1440.63,310.55,14.69,85.31
2025-01-29,January,Q1,2025,Qantas,QF,Star Air,XX,USD,771,738625.0,44317.5,11465.0,620525.4,37231.56,9575.39,118099.6,7085.94,1889.61,15.99,84.01
2025-02-25,February,Q1,2025,Qantas,QF,Star Air,XX,USD,250,134550.0,8073.0,1770.0,113398.01,6803.88,1470.31,21151.99,1269.12,299.69,15.72,84.28
2025-01-05,January,Q1,2025,Air Canada,AC,Star Air,XX,USD,236,66815.0,4008.9,945.0,56410.03,3384.62,789.04,10404.97,624.28,155.96,15.57,84.43
2025-01-05,January,Q1,2025,Emirates,EK,Star Air,XX,USD,249,69780.0,4186.8,1005.0,58584.42,3515.0,856.64,11195.58,671.8,148.36,16.04,83.96
2025-01-29,January,Q1,2025,British Airways,BA,Star Air,XX,USD,504,233400.0,14004.0,3940.0,198045.6,11882.72,3421.89,35354.4,2121.28,518.11,15.15,84.85
2025-01-29,January,Q1,2025,Emirates,EK,Star Air,XX,USD,256,74365.0,4461.9,1250.0,62610.57,3756.57,1022.43,11754.43,705.33,227.57,15.81,84.19
2025-02-25,February,Q1,2025,PIA,PK,Star Air,XX,USD,265,77695.0,4661.7,1250.0,65499.59,3929.96,1071.53,12195.41,731.74,178.47,15.7,84.3
2025-01-05,January,Q1,2025,Blue Panorama,BV,Star Air,XX,USD,239,63520.0,3811.2,940.0,53485.17,3209.07,807.67,10034.83,602.13,132.33,15.8,84.2
2025-02-25,February,Q1,2025,SIA,SQ,Star Air,XX,USD,500,197725.0,11863.5,2400.0,167275.65,10036.43,2067.44,30449.35,1827.07,332.56,15.4,84.6
2025-03-27,March,Q1,2025,PIA,PK,Star Air,XX,USD,258,75125.0,4507.5,895.0,63768.2,3826.14,748.33,11356.8,681.36,146.67,15.12,84.88
2025-02-25,February,Q1,2025,Vietnam Airlines,VN,Star Air,XX,USD,1,280.0,16.8,0.0,226.15,13.57,0.0,53.85,3.23,0.0,19.23,80.77
2025-03-17,March,Q1,2025,Air Mauritius,MK,Star Air,XX,USD,260,156360.0,9381.6,2085.0,132842.25,7970.46,1715.7,23517.75,1411.14,369.3,15.04,84.96
2025-01-26,January,Q1,2025,British Airways,BA,Star Air,XX,USD,268,127690.0,7661.4,1455.0,109731.63,6583.92,1223.46,17958.37,1077.48,231.54,14.06,85.94
2025-03-06,March,Q1,2025,Blue Panorama,BV,Star Air,XX,USD,262,72220.0,4333.2,940.0,61246.27,3674.72,797.13,10973.73,658.48,142.87,15.19,84.81
2025-01-05,January,Q1,2025,American Airlines,AA,Star Air,XX,USD,262,306995.0,18419.7,5245.0,260028.43,15601.75,4555.89,46966.57,2817.95,689.11,15.3,84.7
2025-01-26,January,Q1,2025,JetBlue,B6,Star Air,XX,USD,245,325790.0,19547.4,5865.0,273491.72,16409.45,4913.5,52298.28,3137.95,951.5,16.05,83.95
2025-03-17,March,Q1,2025,Air India,AI,Star Air,XX,USD,262,66560.0,3993.6,900.0,55798.4,3347.89,767.53,10761.6,645.71,132.47,16.17,83.83
2025-03-06,March,Q1,2025,PIA,PK,Star Air,XX,USD,269,84280.0,5056.8,1555.0,71389.16,4283.37,1293.57,12890.84,773.43,261.43,15.3,84.7
2025-02-25,February,Q1,2025,Emirates,EK,Star Air,XX,USD,522,160420.0,9625.2,2060.0,135107.45,8106.29,1733.07,25312.55,1518.91,326.93,15.78,84.22
2025-01-26,January,Q1,2025,Emirates,EK,Star Air,XX,USD,510,141300.0,8478.0,2135.0,119708.88,7182.49,1797.42,21591.12,1295.51,337.58,15.28,84.72
2025-01-26,January,Q1,2025,Air Canada,AC,Star Air,XX,USD,259,72315.0,4338.9,1100.0,61031.14,3661.78,898.2,11283.86,677.12,201.8,15.6,84.4
2025-03-27,March,Q1,2025,Air Mauritius,MK,Star Air,XX,USD,190,121185.0,7271.1,2480.0,102645.99,6158.79,2088.65,18539.01,1112.31,391.35,15.3,84.7
2025-05-15,May,Q2,2025,Thai Airways International,TG,Star Air,XX,USD,243,186565.0,11193.9,2880.0,156272.87,9376.39,2406.3,30292.13,1817.51,473.7,16.24,83.76
2025-06-19,June,Q2,2025,Thai Airways International,TG,Star Air,XX,USD,249,180960.0,10857.6,3180.0,153173.14,9190.46,2690.79,27786.86,1667.14,489.21,15.36,84.64
2025-03-06,March,Q1,2025,Air Canada,AC,Star Air,XX,USD,261,73915.0,4434.9,1160.0,62641.26,3758.54,993.15,11273.74,676.36,166.85,15.25,84.75
2025-04-25,April,Q2,2025,Siberia Airlines,S7,Star Air,XX,USD,1,555.0,33.3,0.0,474.2,28.45,0.0,80.8,4.85,0.0,14.56,85.44
2025-05-22,May,Q2,2025,Air France,AF,Star Air,XX,USD,238,251960.0,15117.6,3365.0,213176.91,12790.61,2789.98,38783.09,2326.99,575.02,15.39,84.61
2025-06-19,June,Q2,2025,Air France,AF,Star Air,XX,USD,247,260780.0,15646.8,2970.0,221649.05,13298.9,2559.23,39130.95,2347.9,410.77,15.01,84.99
2025-05-22,May,Q2,2025,Qantas,QF,Star Air,XX,USD,708,697660.0,41859.6,9885.0,588651.72,34795.73,8372.73,109008.3,7063.87,1512.27,15.62,84.38
2025-04-25,April,Q2,2025,Air New Zealand,NZ,Star Air,XX,USD,255,213765.0,12825.9,3160.0,180828.71,10849.82,2662.36,32936.29,1976.08,497.64,15.41,84.59
2025-06-19,June,Q2,2025,Qantas,QF,Star Air,XX,USD,475,366790.0,22007.4,4035.0,308531.29,18511.89,3436.08,58258.71,3495.51,598.92,15.88,84.12
2025-06-09,June,Q2,2025,Qantas,QF,Star Air,XX,USD,468,244700.0,14682.0,3345.0,206329.77,12379.85,2850.48,38370.23,2302.15,494.52,15.68,84.32
2025-05-15,May,Q2,2025,Qantas,QF,Star Air,XX,USD,480,375045.0,22502.7,5365.0,317839.23,19070.38,4477.85,57205.77,3432.32,887.15,15.25,84.75
2025-04-25,April,Q2,2025,Thai Airways International,TG,Star Air,XX,USD,242,169860.0,10191.6,2515.0,143838.89,8630.28,2111.65,26021.11,1561.32,403.35,15.32,84.68
2025-05-15,May,Q2,2025,Air France,AF,Star Air,XX,USD,235,243790.0,14627.4,5485.0,205485.9,12329.14,4520.29,38304.1,2298.26,964.71,15.71,84.29
2025-05-15,May,Q2,2025,JetBlue,B6,Star Air,XX,USD,226,338885.0,20333.1,4570.0,284873.43,17092.45,3752.19,54011.57,3240.65,817.81,15.94,84.06
2025-06-09,June,Q2,2025,Air Mauritius,MK,Star Air,XX,USD,222,156445.0,9386.7,1430.0,133329.41,7999.79,1202.39,23115.59,1386.91,227.61,14.78,85.22
2025-04-25,April,Q2,2025,SIA,SQ,Star Air,XX,USD,232,101095.0,6065.7,1470.0,85497.73,5129.82,1214.33,15597.27,935.88,255.67,15.43,84.57
2025-04-25,April,Q2,2025,PIA,PK,Star Air,XX,USD,251,84840.0,5090.4,1140.0,71691.41,4301.47,998.0,13148.59,788.93,142.0,15.5,84.5
2025-06-09,June,Q2,2025,Emirates,EK,Star Air,XX,USD,246,79905.0,4794.3,1410.0,66900.27,4014.06,1177.94,13004.73,780.24,232.06,16.28,83.72
2025-04-25,April,Q2,2025,Air Canada,AC,Star Air,XX,USD,233,72115.0,4326.9,1160.0,61467.52,3687.99,987.05,10647.48,638.91,172.95,14.76,85.24
2025-06-19,June,Q2,2025,Blue Panorama,BV,Star Air,XX,USD,254,74385.0,4463.1,1060.0,63158.28,3873.15,914.91,11226.72,589.95,145.09,15.09,84.91
2025-05-15,May,Q2,2025,PIA,PK,Star Air,XX,USD,177,57025.0,3421.5,850.0,47864.45,2869.08,741.82,9160.55,552.42,108.18,16.06,83.94
2025-06-19,June,Q2,2025,PIA,PK,Star Air,XX,USD,256,80110.0,4806.6,1415.0,67991.76,4159.6,1187.29,12118.24,647.0,227.71,15.13,84.87
2025-05-22,May,Q2,2025,PIA,PK,Star Air,XX,USD,206,66440.0,3986.4,1240.0,55717.15,3312.08,1045.51,10722.86,674.32,194.49,16.14,83.86
2025-06-19,June,Q2,2025,Air Mauritius,MK,Star Air,XX,USD,251,158860.0,9531.6,1290.0,135539.58,7639.99,1095.46,23320.42,1891.61,194.54,14.68,85.32
2025-05-15,May,Q2,2025,Air Canada,AC,Star Air,XX,USD,245,87000.0,5220.0,1590.0,73751.78,4425.12,1366.62,13248.22,794.88,223.38,15.23,84.77
2025-05-22,May,Q2,2025,Air Mauritius,MK,Star Air,XX,USD,244,154530.0,9271.8,2115.0,130720.56,7010.36,1824.14,23809.44,2261.44,290.86,15.41,84.59
2025-05-22,May,Q2,2025,American Airlines,AA,Star Air,XX,USD,239,280400.0,16824.0,5070.0,236869.78,10373.06,4270.23,43530.22,6450.94,799.77,15.52,84.48
2025-04-25,April,Q2,2025,Qantas,QF,Star Air,XX,USD,242,202935.0,12176.1,3105.0,171513.53,10290.85,2560.08,31421.47,1885.25,544.92,15.48,84.52
2025-06-19,June,Q2,2025,Air Canada,AC,Star Air,XX,USD,245,74965.0,4497.9,1000.0,63889.61,3833.42,866.02,11075.39,664.48,133.98,14.77,85.23
2025-06-19,June,Q2,2025,Emirates,EK,Star Air,XX,USD,229,73400.0,4404.0,1060.0,61488.67,3689.32,887.53,11911.33,714.68,172.47,16.23,83.77
2025-09-04,September,Q3,2025,Thai Airways International,TG,Star Air,XX,USD,238,156955.0,9417.3,2305.0,132248.88,7934.93,1898.97,24706.12,1482.37,406.03,15.74,84.26
2025-08-13,August,Q3,2025,Thai Airways International,TG,Star Air,XX,USD,248,164445.0,9866.7,3380.0,138730.64,8323.84,2810.5,25714.36,1542.86,569.5,15.64,84.36
2025-08-21,August,Q3,2025,Thai Airways International,TG,Star Air,XX,USD,248,177155.0,10629.3,2750.0,148736.91,8924.26,2346.73,28418.09,1705.04,403.27,16.04,83.96
2025-09-25,September,Q3,2025,Thai Airways International,TG,Star Air,XX,USD,255,167420.0,10045.2,2550.0,140765.69,8445.97,2187.02,26654.31,1599.23,362.98,15.92,84.08
2025-09-25,September,Q3,2025,Qantas,QF,Star Air,XX,USD,708,534690.0,32081.4,8735.0,458417.45,27505.07,7506.12,76272.55,4576.33,1228.88,14.26,85.74
2025-04-25,April,Q2,2025,Emirates,EK,Star Air,XX,USD,225,72380.0,4342.8,1165.0,61098.3,3665.89,949.46,11281.7,676.91,215.54,15.59,84.41
2025-09-30,September,Q3,2025,Qantas,QF,Star Air,XX,USD,739,482320.0,28939.2,6485.0,408355.67,24501.36,5457.08,73964.33,4437.84,1027.92,15.34,84.66
2025-09-25,September,Q3,2025,Air India,AI,Star Air,XX,USD,249,75950.0,4557.0,995.0,63821.38,3829.27,868.47,12128.62,727.73,126.53,15.97,84.03
2025-08-13,August,Q3,2025,Air India,AI,Star Air,XX,USD,230,75580.0,4534.8,1235.0,64394.24,3863.68,1056.5,11185.76,671.12,178.5,14.8,85.2
2025-08-21,August,Q3,2025,Air France,AF,Star Air,XX,USD,258,236760.0,14205.6,4210.0,197810.15,11868.63,3547.4,38949.85,2336.97,662.6,16.45,83.55
2025-09-25,September,Q3,2025,Air France,AF,Star Air,XX,USD,241,223680.0,13420.8,2655.0,186552.43,11193.14,2247.38,37127.57,2227.66,407.62,16.6,83.4
2025-09-04,September,Q3,2025,JetBlue,B6,Star Air,XX,USD,176,225645.0,13538.7,2945.0,190507.4,11430.48,2396.94,35137.6,2108.22,548.06,15.57,84.43
2025-08-13,August,Q3,2025,British Airways,BA,Star Air,XX,USD,464,266840.0,16010.4,4340.0,227336.64,13640.05,3721.43,39503.36,2370.35,618.57,14.8,85.2
2025-09-04,September,Q3,2025,Air India,AI,Star Air,XX,USD,248,75475.0,4528.5,1125.0,64263.15,3855.72,976.02,11211.85,672.78,148.98,14.86,85.14
2025-08-21,August,Q3,2025,Qantas,QF,Star Air,XX,USD,249,203475.0,12208.5,2530.0,171968.99,10318.18,2109.19,31506.02,1890.32,420.81,15.48,84.52
2025-08-13,August,Q3,2025,Emirates,EK,Star Air,XX,USD,226,71485.0,4289.1,850.0,60302.2,3618.08,745.46,11182.8,671.02,104.54,15.64,84.36
2025-08-21,August,Q3,2025,Air India,AI,Star Air,XX,USD,235,70035.0,4202.1,1150.0,59598.89,3575.89,965.64,10436.11,626.21,184.36,14.9,85.1
2025-09-30,September,Q3,2025,SIA,SQ,Star Air,XX,USD,483,202280.0,12136.8,2895.0,172029.85,10321.86,2449.8,30250.15,1814.94,445.2,14.95,85.05
2025-09-30,September,Q3,2025,Vietnam Airlines,VN,Star Air,XX,USD,1,70.0,4.2,0.0,71.4,4.28,0.0,-1.4,-0.08,0.0,-2.0,102.0
2025-09-04,September,Q3,2025,PIA,PK,Star Air,XX,USD,249,74000.0,4440.0,1460.0,62246.53,3734.77,1236.03,11753.47,705.23,223.97,15.88,84.12
2025-09-30,September,Q3,2025,Emirates,EK,Star Air,XX,USD,480,138885.0,8333.1,2445.0,117467.85,7048.1,2113.08,21417.15,1285.0,331.92,15.42,84.58
2025-08-13,August,Q3,2025,Qantas,QF,Star Air,XX,USD,236,292080.0,17524.8,5425.0,247890.74,14873.44,4524.65,44189.26,2651.36,900.35,15.13,84.87
2025-09-04,September,Q3,2025,Vietnam Airlines,VN,Star Air,XX,USD,1,780.0,46.8,0.0,594.44,35.67,0.0,185.56,11.13,0.0,23.79,76.21
2025-09-25,September,Q3,2025,PIA,PK,Star Air,XX,USD,252,74520.0,4471.2,990.0,62499.23,3749.99,836.61,12020.77,721.21,153.39,16.13,83.87
2025-09-30,September,Q3,2025,PIA,PK,Star Air,XX,USD,255,76815.0,4608.9,1245.0,64431.49,3865.86,1017.44,12383.51,743.04,227.56,16.12,83.88
2025-09-25,September,Q3,2025,Air Mauritius,MK,Star Air,XX,USD,251,166250.0,9975.0,2080.0,138670.85,8320.25,1785.01,27579.15,1654.75,294.99,16.59,83.41
2025-08-13,August,Q3,2025,Air Canada,AC,Star Air,XX,USD,253,84310.0,5058.6,960.0,70889.37,4253.34,815.51,13420.64,805.26,144.49,15.92,84.08
2025-09-30,September,Q3,2025,Air Mauritius,MK,Star Air,XX,USD,217,148275.0,8896.5,3100.0,123957.44,7437.51,2575.25,24317.56,1458.99,524.75,16.4,83.6
2025-09-04,September,Q3,2025,Air Mauritius,MK,Star Air,XX,USD,254,163265.0,9795.9,2200.0,138210.67,8292.69,1858.84,25054.33,1503.21,341.16,15.35,84.65
2025-09-30,September,Q3,2025,Air Canada,AC,Star Air,XX,USD,254,73585.0,4415.1,1105.0,61980.69,3718.76,930.72,11604.31,696.34,174.28,15.77,84.23
2025-09-04,September,Q3,2025,Emirates,EK,Star Air,XX,USD,496,153910.0,9234.6,2740.0,130467.35,7827.96,2314.44,23442.65,1406.64,425.56,15.23,84.77
2025-08-21,August,Q3,2025,American Airlines,AA,Star Air,XX,USD,243,288520.0,17311.2,4935.0,244511.43,14670.69,4168.63,44008.57,2640.51,766.37,15.25,84.75
2025-09-25,September,Q3,2025,American Airlines,AA,Star Air,XX,USD,253,265585.0,15935.1,3390.0,223380.81,13402.91,2851.48,42204.19,2532.19,538.52,15.89,84.11
2025-10-10,October,Q4,2025,Air New Zealand,NZ,Star Air,XX,USD,257,192075.0,11524.5,3605.0,162103.68,9726.22,2075.89,29971.32,1798.28,1529.11,15.6,84.4
2025-11-27,November,Q4,2025,Thai Airways International,TG,Star Air,XX,USD,248,162160.0,9729.6,1215.0,137310.49,8238.61,1786.23,24849.52,1490.99,-571.23,15.32,84.68
2025-08-21,August,Q3,2025,Air Canada,AC,Star Air,XX,USD,238,71805.0,4308.3,1000.0,60390.87,3623.42,864.99,11414.13,684.88,135.01,15.9,84.1
2025-08-21,August,Q3,2025,Emirates,EK,Star Air,XX,USD,240,74350.0,4461.0,1120.0,63083.65,3785.04,942.43,11266.35,675.96,177.57,15.15,84.85
2025-10-10,October,Q4,2025,Qantas,QF,Star Air,XX,USD,741,497420.0,29845.2,11895.0,419820.56,25189.23,6030.42,77599.44,4655.97,5864.58,15.6,84.4
2025-09-25,September,Q3,2025,Emirates,EK,Star Air,XX,USD,239,72010.0,4320.6,1080.0,60195.43,3611.64,870.35,11814.57,708.96,209.65,16.41,83.59
2025-12-19,December,Q4,2025,Qantas,QF,Star Air,XX,USD,993,539250.0,32355.0,14320.0,457825.27,27469.66,6969.16,81424.73,4885.34,7350.84,15.1,84.9
2025-12-20,December,Q4,2025,Jet Airways,9W,Star Air,XX,USD,230,61020.0,3661.2,570.0,51865.47,3111.9,1084.3,9154.53,549.3,-514.3,15.0,85.0
2025-12-27,December,Q4,2025,Jet Airways,9W,Star Air,XX,USD,482,123310.0,7398.6,9470.0,104389.66,6263.31,1334.67,18920.34,1135.29,8135.33,15.34,84.66
2025-10-07,October,Q4,2025,JetBlue,B6,Star Air,XX,USD,247,355505.0,21330.3,14460.0,303901.96,18234.12,5090.27,51603.04,3096.18,9369.73,14.52,85.48
2025-11-01,November,Q4,2025,Air India,AI,Star Air,XX,USD,268,93625.0,5617.5,725.0,78460.45,4707.6,1068.84,15164.55,909.9,-343.84,16.2,83.8
2025-11-01,November,Q4,2025,Thai Airways International,TG,Star Air,XX,USD,270,185530.0,11131.8,27275.0,158804.48,9528.27,3148.69,26725.52,1603.53,24126.31,14.4,85.6
2025-12-27,December,Q4,2025,Thai Airways International,TG,Star Air,XX,USD,252,149625.0,8977.5,13750.0,126705.78,7602.34,1987.91,22919.22,1375.16,11762.09,15.32,84.68
2025-12-14,December,Q4,2025,PIA,PK,Star Air,XX,USD,234,63520.0,3811.2,34320.0,53919.75,3235.2,752.57,9600.25,576.0,33567.43,15.11,84.89
2025-10-07,October,Q4,2025,Qantas,QF,Star Air,XX,USD,692,446760.0,26805.6,4175.0,379499.14,22769.94,5233.25,67260.86,4035.66,-1058.25,15.06,84.94
2025-10-09,October,Q4,2025,Air France,AF,Star Air,XX,USD,250,217990.0,13079.4,2565.0,186415.3,11184.91,3592.23,31574.7,1894.49,-1027.23,14.48,85.52
2025-12-14,December,Q4,2025,Blue Panorama,BV,Star Air,XX,USD,235,62160.0,3729.6,7065.0,52516.68,3150.95,644.88,9643.32,578.65,6420.12,15.51,84.49
2025-12-20,December,Q4,2025,PIA,PK,Star Air,XX,USD,228,61200.0,3672.0,33125.0,51668.23,3100.11,708.16,9531.77,571.89,32416.84,15.57,84.43
2025-12-20,December,Q4,2025,JetBlue,B6,Star Air,XX,USD,241,333945.0,20036.7,2530.0,278898.23,16733.91,3459.46,55046.77,3302.79,-929.46,16.48,83.52
2025-12-27,December,Q4,2025,PIA,PK,Star Air,XX,USD,229,66180.0,3970.8,28180.0,56091.39,3365.47,789.18,10088.61,605.33,27390.82,15.24,84.76
2025-11-01,November,Q4,2025,Air Mauritius,MK,Star Air,XX,USD,245,164490.0,9869.4,16255.0,140907.65,8454.5,1759.13,23582.36,1414.9,14495.87,14.34,85.66
2025-10-08,October,Q4,2025,Qantas,QF,Star Air,XX,USD,466,577415.0,34644.9,12090.0,493179.98,29590.85,7541.24,84235.02,5054.05,4548.76,14.59,85.41
2025-11-01,November,Q4,2025,British Airways,BA,Star Air,XX,USD,247,115185.0,6911.1,800.0,97226.65,5833.57,1281.86,17958.35,1077.53,-481.86,15.59,84.41
2025-10-09,October,Q4,2025,JetBlue,B6,Star Air,XX,USD,239,299775.0,17986.5,2750.0,252230.44,15133.87,4249.51,47544.56,2852.63,-1499.51,15.86,84.14
2025-11-01,November,Q4,2025,Jet Airways,9W,Star Air,XX,USD,247,66855.0,4011.3,10045.0,56151.8,3369.07,711.37,10703.2,642.23,9333.63,16.01,83.99
2025-12-14,December,Q4,2025,Qantas,QF,Star Air,XX,USD,716,744135.0,44648.1,9230.0,628379.41,37702.62,8885.32,115755.59,6945.48,344.68,15.56,84.44
2025-11-01,November,Q4,2025,Emirates,EK,Star Air,XX,USD,216,65465.0,3927.9,705.0,55762.31,3345.71,1048.91,9702.69,582.19,-343.91,14.82,85.18
2025-12-20,December,Q4,2025,Air Mauritius,MK,Star Air,XX,USD,240,145370.0,8722.2,7360.0,124461.33,7467.75,1507.09,20908.67,1254.45,5852.91,14.38,85.62
2025-12-20,December,Q4,2025,British Airways,BA,Star Air,XX,USD,243,109180.0,6550.8,850.0,92092.13,5525.57,1470.61,17087.87,1025.23,-620.61,15.65,84.35
2025-11-01,November,Q4,2025,American Airlines,AA,Star Air,XX,USD,233,240330.0,14419.8,1725.0,203670.83,12220.27,2205.06,36659.17,2199.53,-480.06,15.25,84.75
2025-12-27,December,Q4,2025,British Airways,BA,Star Air,XX,USD,234,117670.0,7060.2,1970.0,99517.11,5970.96,2144.8,18152.89,1089.24,-174.8,15.43,84.57
2025-12-27,December,Q4,2025,American Airlines,AA,Star Air,XX,USD,522,546120.0,32767.2,15080.0,460250.97,27615.12,6932.61,85869.03,5152.08,8147.39,15.72,84.28
2025-12-14,December,Q4,2025,Emirates,EK,Star Air,XX,USD,720,209055.0,12543.3,2970.0,176754.22,10605.16,2203.54,32300.78,1938.14,766.46,15.45,84.55
2025-12-14,December,Q4,2025,Air Canada,AC,Star Air,XX,USD,242,79045.0,4742.7,1210.0,67593.55,4055.53,1297.37,11451.45,687.17,-87.37,14.49,85.51
2025-12-27,December,Q4,2025,Qantas,QF,Star Air,XX,USD,479,471880.0,28312.8,6180.0,398662.51,23919.64,4285.27,73217.49,4393.16,1894.73,15.52,84.48
2025-10-07,October,Q4,2025,PIA,PK,Star Air,XX,USD,254,77905.0,4674.3,565.0,65042.48,3902.58,860.67,12862.52,771.72,-295.67,16.51,83.49
2025-10-08,October,Q4,2025,PIA,PK,Star Air,XX,USD,240,70315.0,4218.9,600.0,60248.21,3614.9,1085.4,10066.79,604.0,-485.4,14.32,85.68
2025-12-20,December,Q4,2025,Air Canada,AC,Star Air,XX,USD,238,69190.0,4151.4,655.0,58326.42,3499.52,955.38,10863.58,651.88,-300.38,15.7,84.3
2025-10-09,October,Q4,2025,PIA,PK,Star Air,XX,USD,247,76825.0,4609.5,435.0,65551.12,3933.06,849.06,11273.88,676.44,-414.06,14.67,85.33
2025-12-14,December,Q4,2025,Vietnam Airlines,VN,Star Air,XX,USD,1,805.0,48.3,0.0,618.57,37.11,0.0,186.43,11.19,0.0,23.16,76.84
2025-10-08,October,Q4,2025,American Airlines,AA,Star Air,XX,USD,243,271765.0,16305.9,10225.0,230075.37,13804.51,3287.24,41689.63,2501.39,6937.76,15.34,84.66
2025-11-01,November,Q4,2025,Qantas,QF,Star Air,XX,USD,235,293970.0,17638.2,5555.0,247787.87,14867.3,2861.67,46182.13,2770.9,2693.33,15.71,84.29
2025-10-09,October,Q4,2025,Air Mauritius,MK,Star Air,XX,USD,243,156575.0,9394.5,1850.0,131875.77,7912.6,2244.75,24699.23,1481.9,-394.75,15.77,84.23
2025-12-20,December,Q4,2025,American Airlines,AA,Star Air,XX,USD,251,265145.0,15908.7,14995.0,224001.14,13440.09,4151.11,41143.86,2468.61,10843.89,15.52,84.48
2025-12-27,December,Q4,2025,Air Canada,AC,Star Air,XX,USD,236,67260.0,4035.6,510.0,56686.63,3401.18,615.46,10573.37,634.42,-105.46,15.72,84.28
2025-12-27,December,Q4,2025,Emirates,EK,Star Air,XX,USD,764,216180.0,12970.8,3975.0,183373.07,11002.43,2449.34,32806.93,1968.37,1525.66,15.18,84.82
2025-12-14,December,Q4,2025,JetBlue,B6,Star Air,XX,USD,243,323495.0,19409.7,9645.0,272871.8,16372.28,3539.82,50623.2,3037.42,6105.18,15.65,84.35
2025-10-07,October,Q4,2025,Air Canada,AC,Star Air,XX,USD,247,74550.0,4473.0,2140.0,62500.07,3749.98,927.48,12049.93,723.02,1212.52,16.16,83.84
2025-10-09,October,Q4,2025,American Airlines,AA,Star Air,XX,USD,244,328830.0,19729.8,16230.0,274446.38,16466.78,5745.18,54383.62,3263.02,10484.82,16.54,83.46
2025-12-20,December,Q4,2025,Qantas,QF,Star Air,XX,USD,247,307695.0,18461.7,10850.0,260536.36,15632.19,5168.4,47158.64,2829.51,5681.6,15.33,84.67
2025-10-08,October,Q4,2025,Emirates,EK,Star Air,XX,USD,239,77605.0,4656.3,1930.0,64882.8,3892.92,898.47,12722.2,763.38,1031.53,16.39,83.61
2025-10-08,October,Q4,2025,Air Canada,AC,Star Air,XX,USD,234,65920.0,3955.2,1415.0,56664.25,3399.82,750.24,9255.75,555.38,664.76,14.04,85.96
2025-10-09,October,Q4,2025,Air Canada,AC,Star Air,XX,USD,242,68900.0,4134.0,1795.0,58369.29,3502.18,771.56,10530.71,631.82,1023.44,15.28,84.72
2025-11-01,November,Q4,2025,SIA,SQ,Star Air,XX,USD,258,101745.0,6104.7,3700.0,86061.46,5163.68,1446.77,15683.54,941.02,2253.23,15.41,84.59
2025-10-07,October,Q4,2025,SIA,SQ,Star Air,XX,USD,264,114855.0,6891.3,4265.0,96880.51,5812.83,1531.49,17974.49,1078.47,2733.51,15.65,84.35
2025-12-27,December,Q4,2025,SIA,SQ,Star Air,XX,USD,251,98460.0,5907.6,2865.0,84104.39,5046.2,1286.52,14355.61,861.4,1578.48,14.58,85.42
2026-02-08,February,Q1,2026,Qantas,QF,Star Air,XX,USD,747,626280.0,37576.8,8545.0,526280.32,31576.95,7167.41,99999.68,5999.85,1377.59,15.97,84.03
2026-02-12,February,Q1,2026,Air France,AF,Star Air,XX,USD,248,192820.0,11569.2,3220.0,163443.0,9806.54,2779.03,29377.0,1762.66,440.97,15.24,84.76
2026-02-08,February,Q1,2026,Thai Airways International,TG,Star Air,XX,USD,251,152200.0,9132.0,2375.0,128289.08,7697.38,1973.52,23910.92,1434.62,401.48,15.71,84.29
2026-03-21,March,Q1,2026,Qantas,QF,Star Air,XX,USD,965,700100.0,42006.0,10775.0,598202.13,35892.28,9232.41,101897.87,6113.72,1542.59,14.55,85.45
2026-03-21,March,Q1,2026,PIA,PK,Star Air,XX,USD,248,71835.0,4310.1,930.0,60284.91,3617.11,791.32,11550.09,692.99,138.68,16.08,83.92
2026-03-21,March,Q1,2026,Thai Airways International,TG,Star Air,XX,USD,247,160150.0,9609.0,3155.0,135455.45,8127.36,2692.56,24694.55,1481.64,462.44,15.42,84.58
2026-03-08,March,Q1,2026,Qantas,QF,Star Air,XX,USD,482,400735.0,24044.1,7380.0,336126.48,20167.61,6161.24,64608.52,3876.49,1218.76,16.12,83.88
2026-03-21,March,Q1,2026,American Airlines,AA,Star Air,XX,USD,471,516390.0,30983.4,7315.0,433232.06,25993.94,6135.4,83157.94,4989.46,1179.6,16.1,83.9
2026-02-12,February,Q1,2026,JetBlue,B6,Star Air,XX,USD,245,286995.0,17219.7,4320.0,243097.12,14585.79,3701.42,43897.88,2633.91,618.58,15.3,84.7
2026-02-08,February,Q1,2026,PIA,PK,Star Air,XX,USD,224,63185.0,3791.1,950.0,53269.4,3196.17,810.67,9915.6,594.93,139.33,15.69,84.31
2026-02-08,February,Q1,2026,Blue Panorama,BV,Star Air,XX,USD,229,63425.0,3805.5,950.0,54648.46,3278.84,804.7,8776.54,526.66,145.3,13.84,86.16
2026-02-08,February,Q1,2026,American Airlines,AA,Star Air,XX,USD,252,300400.0,18024.0,5510.0,251452.76,15087.24,4581.31,48947.24,2936.76,928.69,16.29,83.71
2026-03-21,March,Q1,2026,Air Canada,AC,Star Air,XX,USD,240,69825.0,4189.5,1010.0,59987.37,3599.27,857.75,9837.63,590.23,152.25,14.09,85.91
2026-03-08,March,Q1,2026,Emirates,EK,Star Air,XX,USD,251,80050.0,4803.0,1200.0,66781.14,4006.86,1014.25,13268.86,796.14,185.75,16.58,83.42
2026-02-08,February,Q1,2026,JetBlue,B6,Star Air,XX,USD,241,304560.0,18273.6,5345.0,256267.5,15376.01,4473.32,48292.5,2897.59,871.68,15.86,84.14
2026-02-08,February,Q1,2026,Emirates,EK,Star Air,XX,USD,237,68810.0,4128.6,1140.0,58502.73,3510.11,981.44,10307.27,618.49,158.56,14.98,85.02
2026-03-08,March,Q1,2026,Air India,AI,Star Air,XX,USD,257,69890.0,4193.4,895.0,59312.54,3558.72,774.44,10577.46,634.68,120.56,15.13,84.87
2026-02-12,February,Q1,2026,Emirates,EK,Star Air,XX,USD,475,133170.0,7990.2,1690.0,113157.3,6789.4,1423.58,20012.7,1200.8,266.42,15.03,84.97
2026-02-12,February,Q1,2026,Air Canada,AC,Star Air,XX,USD,246,66505.0,3990.3,1195.0,56972.39,3418.22,1016.91,9532.61,572.08,178.09,14.33,85.67
2026-02-12,February,Q1,2026,Air Mauritius,MK,Star Air,XX,USD,254,171080.0,10264.8,2965.0,143844.36,8630.66,2551.92,27235.64,1634.14,413.08,15.92,84.08
2026-02-12,February,Q1,2026,Blue Panorama,BV,Star Air,XX,USD,255,62740.0,3764.4,1060.0,53132.07,3187.94,923.36,9607.94,576.46,136.64,15.31,84.69
2025-12-19,December,Q4,2025,Jet Airways,9W,Star Air,XX,USD,242,60890.0,3653.4,500.0,51518.49,3091.04,944.92,9371.51,562.36,-444.92,15.39,84.61
2025-11-27,November,Q4,2025,Qantas,QF,Star Air,XX,USD,709,594555.0,35673.3,13910.0,505026.23,30301.45,8589.12,89528.77,5371.85,5320.88,15.06,84.94
2025-11-06,November,Q4,2025,Air India,AI,Star Air,XX,USD,244,72490.0,4349.4,15835.0,60474.95,3628.47,1126.93,12015.05,720.93,14708.07,16.57,83.43
2025-12-19,December,Q4,2025,PIA,PK,Star Air,XX,USD,248,72205.0,4332.3,28625.0,61212.66,3672.72,943.08,10992.34,659.58,27681.92,15.22,84.78
2025-11-27,November,Q4,2025,Air France,AF,Star Air,XX,USD,240,222720.0,13363.2,1640.0,193151.61,11589.15,2202.77,29568.39,1774.05,-562.77,13.28,86.72
2025-11-27,November,Q4,2025,Air India,AI,Star Air,XX,USD,242,64230.0,3853.8,6000.0,54679.24,3280.74,588.49,9550.76,573.06,5411.51,14.87,85.13
2025-11-10,November,Q4,2025,Qantas,QF,Star Air,XX,USD,445,342950.0,20577.0,3475.0,289703.77,17382.26,3941.74,53246.23,3194.74,-466.74,15.53,84.47
2025-11-06,November,Q4,2025,JetBlue,B6,Star Air,XX,USD,219,312370.0,18742.2,3200.0,266119.37,15967.13,4283.13,46250.63,2775.07,-1083.13,14.81,85.19
2025-11-10,November,Q4,2025,Air Mauritius,MK,Star Air,XX,USD,248,149050.0,8943.0,15230.0,126969.68,7618.16,1970.87,22080.32,1324.84,13259.13,14.81,85.19
2025-12-19,December,Q4,2025,SIA,SQ,Star Air,XX,USD,246,102315.0,6138.9,1445.0,86539.48,5192.34,1677.64,15775.52,946.56,-232.64,15.42,84.58
2025-11-06,November,Q4,2025,Qantas,QF,Star Air,XX,USD,225,176910.0,10614.6,1865.0,148300.15,8898.03,2576.99,28609.85,1716.57,-711.99,16.17,83.83
2025-10-10,October,Q4,2025,SIA,SQ,Star Air,XX,USD,236,109165.0,6549.9,960.0,92191.52,5531.43,1153.18,16973.48,1018.47,-193.18,15.55,84.45
2025-11-10,November,Q4,2025,Emirates,EK,Star Air,XX,USD,241,71435.0,4286.1,685.0,61407.65,3684.46,957.09,10027.35,601.64,-272.09,14.04,85.96
2025-11-27,November,Q4,2025,Blue Panorama,BV,Star Air,XX,USD,248,65115.0,3906.9,410.0,55088.31,3305.27,726.79,10026.69,601.63,-316.79,15.4,84.6
2025-11-06,November,Q4,2025,Air Mauritius,MK,Star Air,XX,USD,241,162600.0,9756.0,870.0,138029.23,8281.8,1669.97,24570.77,1474.2,-799.97,15.11,84.89
2025-11-27,November,Q4,2025,Air Mauritius,MK,Star Air,XX,USD,226,133755.0,8025.3,1515.0,114078.13,6844.58,2040.54,19676.87,1180.72,-525.54,14.71,85.29
2025-10-10,October,Q4,2025,Emirates,EK,Star Air,XX,USD,489,147945.0,8876.7,5315.0,124579.72,7474.81,2273.61,23365.28,1401.89,3041.39,15.79,84.21
2025-11-27,November,Q4,2025,American Airlines,AA,Star Air,XX,USD,244,293105.0,17586.3,8520.0,247053.48,14823.2,2740.67,46051.52,2763.1,5779.33,15.71,84.29
2025-11-06,November,Q4,2025,Blue Panorama,BV,Star Air,XX,USD,256,70790.0,4247.4,495.0,59935.26,3596.04,768.71,10854.74,651.36,-273.71,15.33,84.67
2025-11-27,November,Q4,2025,Air Canada,AC,Star Air,XX,USD,251,71100.0,4266.0,2005.0,59973.31,3598.4,900.04,11126.69,667.6,1104.96,15.65,84.35
2025-11-27,November,Q4,2025,Emirates,EK,Star Air,XX,USD,256,69040.0,4142.4,1955.0,58740.78,3524.44,885.55,10299.22,617.96,1069.45,14.92,85.08
2025-12-19,December,Q4,2025,Emirates,EK,Star Air,XX,USD,259,70155.0,4209.3,1675.0,59135.53,3548.15,816.19,11019.47,661.15,858.81,15.71,84.29
2026-02-20,February,Q1,2026,Qantas,QF,Star Air,XX,USD,762,404205.0,24252.3,5155.0,343110.87,20586.58,4353.7,61094.13,3665.72,801.3,15.11,84.89
2026-02-20,February,Q1,2026,Air New Zealand,NZ,Star Air,XX,USD,265,80480.0,4828.8,1285.0,68372.5,4102.37,1099.31,12107.5,726.43,185.69,15.04,84.96
2026-02-20,February,Q1,2026,Thai Airways International,TG,Star Air,XX,USD,238,155250.0,9315.0,1365.0,130650.29,7839.01,1140.72,24599.71,1475.99,224.28,15.85,84.15
2026-02-20,February,Q1,2026,Air Canada,AC,Star Air,XX,USD,245,66635.0,3998.1,575.0,56313.13,3378.72,503.8,10321.87,619.38,71.2,15.49,84.51
2026-02-20,February,Q1,2026,Emirates,EK,Star Air,XX,USD,246,71120.0,4267.2,895.0,59507.88,3570.45,760.05,11612.12,696.75,134.95,16.33,83.67
2025-03-25,March,Q1,2025,Qantas,QF,Star Air,XX,USD,1002,670245.0,40214.7,10975.0,568640.14,34118.46,9261.5,101604.86,6096.24,1713.5,15.16,84.84
2025-03-18,March,Q1,2025,Air New Zealand,NZ,Star Air,XX,USD,249,189025.0,11341.5,2500.0,159882.86,9593.08,2099.09,29142.14,1748.42,400.91,15.42,84.58
2025-02-02,February,Q1,2025,Qantas,QF,Star Air,XX,USD,1036,987265.0,59235.9,13290.0,834607.18,50076.43,11381.33,152657.82,9159.47,1908.67,15.46,84.54
2025-01-28,January,Q1,2025,Air New Zealand,NZ,Star Air,XX,USD,499,254575.0,15274.5,3355.0,216126.46,12967.72,2897.57,38448.54,2306.78,457.43,15.1,84.9
2025-03-25,March,Q1,2025,Air New Zealand,NZ,Star Air,XX,USD,477,257275.0,15436.5,3515.0,217848.39,13070.89,3004.4,39426.61,2365.61,510.6,15.32,84.68
2025-01-24,January,Q1,2025,Jet Airways,9W,Star Air,XX,USD,265,74515.0,4470.9,1185.0,63167.39,3790.07,1047.45,11347.61,680.83,137.55,15.23,84.77
2025-01-28,January,Q1,2025,Qantas,QF,Star Air,XX,USD,768,413985.0,24839.1,5865.0,347424.22,20845.29,4910.03,66560.78,3993.81,954.97,16.08,83.92
2025-02-28,February,Q1,2025,Jet Airways,9W,Star Air,XX,USD,260,66305.0,3978.3,1235.0,56143.38,3368.58,1072.41,10161.62,609.72,162.59,15.33,84.67
2025-01-28,January,Q1,2025,JetBlue,B6,Star Air,XX,USD,250,315725.0,18943.5,4500.0,269336.24,16160.11,3836.92,46388.76,2783.39,663.08,14.69,85.31
2025-03-18,March,Q1,2025,Thai Airways International,TG,Star Air,XX,USD,254,165430.0,9925.8,2460.0,140885.94,8453.11,2091.75,24544.06,1472.69,368.25,14.84,85.16
2025-03-18,March,Q1,2025,Air India,AI,Star Air,XX,USD,244,77300.0,4638.0,1615.0,64902.94,3894.15,1371.94,12397.06,743.85,243.06,16.04,83.96
2025-01-24,January,Q1,2025,Qantas,QF,Star Air,XX,USD,1295,751815.0,45108.9,10390.0,637517.75,38250.94,8797.23,114297.25,6857.96,1592.77,15.2,84.8
2025-01-24,January,Q1,2025,Air New Zealand,NZ,Star Air,XX,USD,271,85955.0,5157.3,1140.0,73388.03,4403.39,970.75,12566.97,753.91,169.25,14.62,85.38
2025-02-28,February,Q1,2025,Qantas,QF,Star Air,XX,USD,1019,498155.0,29889.3,7640.0,421003.63,25260.24,6487.76,77151.37,4629.06,1152.24,15.49,84.51
2025-03-25,March,Q1,2025,Air India,AI,Star Air,XX,USD,240,85450.0,5127.0,1020.0,72208.07,4332.56,881.67,13241.94,794.44,138.33,15.5,84.5
2025-03-25,March,Q1,2025,Thai Airways International,TG,Star Air,XX,USD,257,168125.0,10087.5,2300.0,141407.11,8484.48,1949.9,26717.89,1603.02,350.1,15.89,84.11
2025-03-18,March,Q1,2025,Qantas,QF,Star Air,XX,USD,520,321635.0,19298.1,4810.0,271148.6,16269.02,4020.03,50486.4,3029.08,789.97,15.7,84.3
2025-03-25,March,Q1,2025,Jet Airways,9W,Star Air,XX,USD,246,69110.0,4146.6,1335.0,58497.73,3509.79,1146.06,10612.27,636.81,188.94,15.36,84.64
2025-01-28,January,Q1,2025,Jet Airways,9W,Star Air,XX,USD,257,66140.0,3968.4,795.0,56124.37,3367.42,685.52,10015.63,600.98,109.48,15.14,84.86
2025-03-18,March,Q1,2025,Jet Airways,9W,Star Air,XX,USD,245,71125.0,4267.5,925.0,59494.34,3569.64,760.82,11630.66,697.86,164.18,16.35,83.65
2025-01-24,January,Q1,2025,PIA,PK,Star Air,XX,USD,257,73270.0,4396.2,1290.0,62416.89,3745.01,1064.53,10853.11,651.19,225.47,14.81,85.19
2025-02-28,February,Q1,2025,PIA,PK,Star Air,XX,USD,262,76905.0,4614.3,985.0,64705.98,3882.37,825.72,12199.02,731.93,159.28,15.86,84.14
2025-02-02,February,Q1,2025,American Airlines,AA,Star Air,XX,USD,208,202665.0,12159.9,2860.0,172077.98,10324.75,2433.86,30587.02,1835.15,426.14,15.09,84.91
2025-01-24,January,Q1,2025,Thai Airways International,TG,Star Air,XX,USD,253,150220.0,9013.2,1930.0,126852.12,7611.16,1588.91,23367.88,1402.04,341.09,15.56,84.44
2025-01-28,January,Q1,2025,Emirates,EK,Star Air,XX,USD,509,148760.0,8925.6,2230.0,125535.58,7532.06,1863.15,23224.42,1393.54,366.85,15.61,84.39
2025-02-02,February,Q1,2025,Blue Panorama,BV,Star Air,XX,USD,256,71110.0,4266.6,1080.0,59757.93,3585.5,915.58,11352.07,681.1,164.42,15.96,84.04
2025-03-25,March,Q1,2025,PIA,PK,Star Air,XX,USD,263,75860.0,4551.6,1115.0,63941.15,3836.49,935.95,11918.85,715.11,179.05,15.71,84.29
2025-03-18,March,Q1,2025,SIA,SQ,Star Air,XX,USD,510,210645.0,12638.7,3600.0,179067.51,10743.84,3049.44,31577.49,1894.86,550.56,14.99,85.01
2025-01-24,January,Q1,2025,SIA,SQ,Star Air,XX,USD,262,98490.0,5909.4,1355.0,83041.44,4982.44,1144.61,15448.56,926.96,210.39,15.69,84.31
2025-01-28,January,Q1,2025,SIA,SQ,Star Air,XX,USD,475,183060.0,10983.6,2630.0,156055.97,9363.35,2210.44,27004.03,1620.25,419.56,14.75,85.25
2025-02-02,February,Q1,2025,British Airways,BA,Star Air,XX,USD,252,112790.0,6767.4,1620.0,95640.54,5738.4,1387.86,17149.46,1029.0,232.14,15.2,84.8
2025-03-18,March,Q1,2025,Emirates,EK,Star Air,XX,USD,260,73425.0,4405.5,1605.0,62512.94,3750.71,1346.41,10912.06,654.79,258.59,14.86,85.14
2025-02-02,February,Q1,2025,Vietnam Airlines,VN,Star Air,XX,USD,1,660.0,39.6,0.0,595.37,35.72,0.0,64.63,3.88,0.0,9.79,90.21
2025-02-02,February,Q1,2025,JetBlue,B6,Star Air,XX,USD,253,313785.0,18827.1,4195.0,266134.24,15967.98,3598.36,47650.76,2859.12,596.64,15.19,84.81
2025-01-28,January,Q1,2025,Air Mauritius,MK,Star Air,XX,USD,246,153305.0,9198.3,1905.0,129161.6,7749.76,1629.01,24143.4,1448.54,275.99,15.75,84.25
2025-01-24,January,Q1,2025,Emirates,EK,Star Air,XX,USD,496,144760.0,8685.6,2000.0,122710.41,7362.62,1696.19,22049.59,1322.98,303.81,15.23,84.77
2025-03-25,March,Q1,2025,Air Canada,AC,Star Air,XX,USD,260,76940.0,4616.4,1225.0,65073.99,3904.45,1050.08,11866.01,711.95,174.92,15.42,84.58
2025-06-25,June,Q2,2025,Qantas,QF,Star Air,XX,USD,739,678560.0,40713.6,11390.0,571105.13,33951.04,9650.92,107454.87,6762.56,1739.08,15.84,84.16
2025-03-25,March,Q1,2025,SIA,SQ,Star Air,XX,USD,240,99485.0,5969.1,1865.0,84375.22,5062.41,1582.82,15109.78,906.69,282.18,15.19,84.81
2025-05-10,May,Q2,2025,JetBlue,B6,Star Air,XX,USD,228,342410.0,20544.6,4960.0,289479.63,17368.81,4164.15,52930.37,3175.79,795.85,15.46,84.54
2025-05-10,May,Q2,2025,Siberia Airlines,S7,Star Air,XX,USD,1,440.0,26.4,0.0,401.71,24.1,0.0,38.29,2.3,0.0,8.7,91.3
2025-06-25,June,Q2,2025,American Airlines,AA,Star Air,XX,USD,250,309710.0,18582.6,5005.0,262708.26,15762.46,4310.31,47001.74,2820.14,694.69,15.18,84.82
2025-05-10,May,Q2,2025,Air Mauritius,MK,Star Air,XX,USD,219,165045.0,9902.7,2445.0,140849.76,8450.92,2149.14,24195.24,1451.78,295.86,14.66,85.34
2025-05-10,May,Q2,2025,PIA,PK,Star Air,XX,USD,229,77490.0,4649.4,1320.0,64891.51,3893.46,1096.79,12598.49,755.94,223.21,16.26,83.74
2025-05-10,May,Q2,2025,Qantas,QF,Star Air,XX,USD,477,528115.0,31686.9,7860.0,450614.0,25139.95,6606.45,77501.0,6546.95,1253.55,14.68,85.32
2025-05-10,May,Q2,2025,American Airlines,AA,Star Air,XX,USD,252,291815.0,17508.9,5405.0,248871.58,14932.36,4507.34,42943.42,2576.54,897.66,14.72,85.28
2025-05-10,May,Q2,2025,British Airways,BA,Star Air,XX,USD,243,133535.0,8012.1,1640.0,113561.84,6813.79,1373.19,19973.16,1198.31,266.81,14.96,85.04
2025-05-10,May,Q2,2025,Emirates,EK,Star Air,XX,USD,727,235480.0,14128.8,3670.0,200037.18,12002.17,3101.69,35442.82,2126.63,568.31,15.05,84.95
2025-06-25,June,Q2,2025,Emirates,EK,Star Air,XX,USD,493,157800.0,9468.0,2620.0,133972.93,8038.39,2205.88,23827.07,1429.61,414.12,15.1,84.9
2025-06-25,June,Q2,2025,British Airways,BA,Star Air,XX,USD,222,118380.0,7102.8,1485.0,100749.7,6044.95,1216.24,17630.3,1057.85,268.76,14.89,85.11
2025-08-01,August,Q3,2025,Qantas,QF,Star Air,XX,USD,1027,578205.0,34692.3,9295.0,489492.37,29369.52,7841.34,88712.63,5322.78,1453.66,15.34,84.66
2025-09-03,September,Q3,2025,Qantas,QF,Star Air,XX,USD,769,789425.0,47365.5,11485.0,670116.47,40207.01,9743.33,119308.53,7158.49,1741.67,15.11,84.89
2025-08-17,August,Q3,2025,Qantas,QF,Star Air,XX,USD,525,432690.0,25961.4,6975.0,365470.44,21928.25,5793.95,67219.56,4033.15,1181.05,15.54,84.46
2025-07-24,July,Q3,2025,Air France,AF,Star Air,XX,USD,228,233125.0,13987.5,3895.0,197183.29,11831.01,3323.71,35941.71,2156.49,571.29,15.42,84.58
2025-08-01,August,Q3,2025,Air New Zealand,NZ,Star Air,XX,USD,500,285255.0,17115.3,4175.0,239286.58,14357.23,3467.46,45968.42,2758.07,707.54,16.11,83.89
2025-09-03,September,Q3,2025,Thai Airways International,TG,Star Air,XX,USD,247,161565.0,9693.9,2520.0,136184.19,8171.08,2078.95,25380.81,1522.82,441.05,15.71,84.29
2025-08-17,August,Q3,2025,Air India,AI,Star Air,XX,USD,247,86110.0,5166.6,1060.0,72403.19,4344.17,908.9,13706.82,822.43,151.1,15.92,84.08
2025-09-27,September,Q3,2025,Air India,AI,Star Air,XX,USD,240,89420.0,5365.2,1155.0,74796.11,4487.75,959.32,14623.89,877.45,195.68,16.35,83.65
2025-07-24,July,Q3,2025,Thai Airways International,TG,Star Air,XX,USD,255,183500.0,11010.0,2925.0,154562.93,9273.79,2420.9,28937.07,1736.21,504.1,15.77,84.23
2025-06-25,June,Q2,2025,Air Canada,AC,Star Air,XX,USD,233,77300.0,4638.0,970.0,65608.6,3936.46,813.07,11691.4,701.54,156.93,15.12,84.88
2025-08-17,August,Q3,2025,Thai Airways International,TG,Star Air,XX,USD,251,178280.0,10696.8,2470.0,148944.0,8936.59,2070.61,29336.0,1760.21,399.39,16.46,83.54
2025-08-01,August,Q3,2025,Thai Airways International,TG,Star Air,XX,USD,243,158480.0,9508.8,2505.0,135032.93,8102.05,2159.34,23447.07,1406.75,345.66,14.79,85.21
2025-09-03,September,Q3,2025,Air India,AI,Star Air,XX,USD,226,78390.0,4703.4,830.0,66350.81,3981.04,707.27,12039.19,722.36,122.73,15.36,84.64
2025-09-27,September,Q3,2025,Jet Airways,9W,Star Air,XX,USD,243,72100.0,4326.0,1610.0,61282.38,3677.06,1369.05,10817.62,648.94,240.95,15.0,85.0
2025-07-17,July,Q3,2025,Air France,AF,Star Air,XX,USD,245,234415.0,14064.9,3805.0,198131.68,11887.85,3196.76,36283.32,2177.05,608.24,15.48,84.52
2025-08-17,August,Q3,2025,American Airlines,AA,Star Air,XX,USD,248,346140.0,20768.4,4045.0,295785.62,17747.22,3562.32,50354.38,3021.18,482.68,14.55,85.45
2025-07-17,July,Q3,2025,JetBlue,B6,Star Air,XX,USD,226,322080.0,19324.8,3775.0,271326.86,16279.62,3094.45,50753.14,3045.18,680.55,15.76,84.24
2025-09-27,September,Q3,2025,American Airlines,AA,Star Air,XX,USD,251,291120.0,17467.2,3620.0,245070.7,14704.26,3015.62,46049.3,2762.94,604.38,15.82,84.18
2025-09-27,September,Q3,2025,British Airways,BA,Star Air,XX,USD,240,135040.0,8102.4,1860.0,116190.09,6971.38,1547.22,18849.91,1131.02,312.78,13.96,86.04
2025-07-24,July,Q3,2025,Qantas,QF,Star Air,XX,USD,479,384155.0,23049.3,5410.0,327160.02,19629.61,4605.84,56994.98,3419.69,804.16,14.84,85.16
2025-07-17,July,Q3,2025,Air India,AI,Star Air,XX,USD,239,78800.0,4728.0,1050.0,66494.97,3989.75,890.67,12305.03,738.25,159.33,15.62,84.38
2025-08-17,August,Q3,2025,Blue Panorama,BV,Star Air,XX,USD,237,71390.0,4283.4,955.0,59844.04,3590.57,813.2,11545.96,692.83,141.8,16.17,83.83
2025-08-17,August,Q3,2025,Air Canada,AC,Star Air,XX,USD,235,69495.0,4169.7,840.0,58720.49,3523.23,712.67,10774.51,646.47,127.33,15.5,84.5
2025-08-17,August,Q3,2025,Emirates,EK,Star Air,XX,USD,246,74230.0,4453.8,1065.0,63346.36,3800.81,914.67,10883.64,652.99,150.33,14.66,85.34
2025-07-24,July,Q3,2025,Air India,AI,Star Air,XX,USD,251,73945.0,4436.7,1065.0,62448.16,3746.83,898.46,11496.84,689.87,166.54,15.55,84.45
2025-09-03,September,Q3,2025,PIA,PK,Star Air,XX,USD,261,81315.0,4878.9,1455.0,69756.23,4185.38,1281.01,11558.77,693.52,173.99,14.21,85.79
2025-07-17,July,Q3,2025,Blue Panorama,BV,Star Air,XX,USD,247,73560.0,4413.6,1210.0,62049.63,3723.02,1030.35,11510.37,690.58,179.65,15.65,84.35
2025-09-27,September,Q3,2025,Emirates,EK,Star Air,XX,USD,242,71170.0,4270.2,920.0,59765.67,3585.86,770.4,11404.33,684.34,149.6,16.02,83.98
2025-09-27,September,Q3,2025,Air Canada,AC,Star Air,XX,USD,223,65675.0,3940.5,965.0,56182.73,3370.98,812.14,9492.27,569.52,152.86,14.45,85.55
2025-07-17,July,Q3,2025,Air Mauritius,MK,Star Air,XX,USD,246,165145.0,9908.7,2800.0,140824.4,8449.46,2402.46,24320.6,1459.24,397.54,14.73,85.27
2025-08-17,August,Q3,2025,JetBlue,B6,Star Air,XX,USD,257,358470.0,21508.2,4840.0,299545.16,17972.75,3936.97,58924.84,3535.45,903.03,16.44,83.56
2025-09-27,September,Q3,2025,SIA,SQ,Star Air,XX,USD,246,115320.0,6919.2,1245.0,97430.45,5845.76,1045.94,17889.55,1073.44,199.06,15.51,84.49
2025-07-17,July,Q3,2025,Qantas,QF,Star Air,XX,USD,237,326170.0,19570.2,6515.0,275536.77,16532.23,5505.76,50633.23,3037.97,1009.24,15.52,84.48
2025-07-24,July,Q3,2025,Siberia Airlines,S7,Star Air,XX,USD,1,660.0,39.6,0.0,542.82,32.57,0.0,117.18,7.03,0.0,17.75,82.25
2025-08-01,August,Q3,2025,Emirates,EK,Star Air,XX,USD,501,160865.0,9651.9,2295.0,136205.55,8172.38,1934.4,24659.45,1479.52,360.6,15.33,84.67
2025-09-27,September,Q3,2025,Qantas,QF,Star Air,XX,USD,237,308970.0,18538.2,5045.0,261723.65,15703.31,4307.25,47246.35,2834.89,737.75,15.29,84.71
2025-09-03,September,Q3,2025,American Airlines,AA,Star Air,XX,USD,270,299375.0,17962.5,4665.0,253183.14,15190.98,3882.09,46191.86,2771.52,782.91,15.43,84.57
2025-12-21,December,Q4,2025,Qantas,QF,Star Air,XX,USD,729,778880.0,46732.8,10810.0,656741.71,39404.57,9567.14,122138.29,7328.23,1242.86,15.68,84.32
2025-09-03,September,Q3,2025,Air Canada,AC,Star Air,XX,USD,231,71125.0,4267.5,1355.0,61243.34,3674.59,1184.93,9881.66,592.91,170.07,13.89,86.11
2025-09-03,September,Q3,2025,Emirates,EK,Star Air,XX,USD,235,74760.0,4485.6,845.0,63824.49,3829.41,738.56,10935.51,656.19,106.44,14.63,85.37
2025-07-17,July,Q3,2025,American Airlines,AA,Star Air,XX,USD,265,315500.0,18930.0,5150.0,269200.49,16152.01,4277.83,46299.51,2777.99,872.17,14.67,85.33
2025-07-17,July,Q3,2025,Emirates,EK,Star Air,XX,USD,481,163230.0,9793.8,2135.0,138041.38,8282.49,1779.66,25188.62,1511.31,355.34,15.43,84.57
2025-07-24,July,Q3,2025,Emirates,EK,Star Air,XX,USD,238,80595.0,4835.7,770.0,68140.05,4088.44,667.19,12454.95,747.26,102.81,15.45,84.55
2025-12-21,December,Q4,2025,Blue Panorama,BV,Star Air,XX,USD,226,60535.0,3632.1,8860.0,51242.73,3074.58,810.8,9292.27,557.52,8049.2,15.35,84.65
2025-10-22,October,Q4,2025,American Airlines,AA,Star Air,XX,USD,243,285025.0,17101.5,4455.0,244475.02,14668.43,5257.38,40549.98,2433.07,-802.38,14.23,85.77
2025-12-21,December,Q4,2025,American Airlines,AA,Star Air,XX,USD,247,255205.0,15312.3,1755.0,215079.11,12904.77,2988.12,40125.89,2407.53,-1233.12,15.72,84.28
2025-12-21,December,Q4,2025,Air Canada,AC,Star Air,XX,USD,242,69285.0,4157.1,775.0,59114.79,3546.88,902.22,10170.21,610.22,-127.22,14.68,85.32
2025-10-22,October,Q4,2025,Emirates,EK,Star Air,XX,USD,476,138730.0,8323.8,3930.0,116353.7,6981.24,2282.27,22376.3,1342.56,1647.73,16.13,83.87
2025-10-22,October,Q4,2025,PIA,PK,Star Air,XX,USD,253,71190.0,4271.4,470.0,60120.61,3607.25,682.86,11069.39,664.15,-212.86,15.55,84.45
2025-12-21,December,Q4,2025,Emirates,EK,Star Air,XX,USD,241,64020.0,3841.2,1290.0,54535.18,3272.13,754.55,9484.82,569.07,535.45,14.82,85.18
2025-10-22,October,Q4,2025,British Airways,BA,Star Air,XX,USD,240,125570.0,7534.2,4435.0,107682.15,6460.96,1205.42,17887.85,1073.24,3229.58,14.25,85.75
2025-10-22,October,Q4,2025,Air Canada,AC,Star Air,XX,USD,261,79650.0,4779.0,1810.0,66498.88,3989.88,930.75,13151.12,789.12,879.25,16.51,83.49
2025-12-21,December,Q4,2025,JetBlue,B6,Star Air,XX,USD,247,311310.0,18678.6,14190.0,266502.3,15990.13,5549.38,44807.7,2688.47,8640.62,14.39,85.61
2025-10-22,October,Q4,2025,Malaysia Airlines,MH,Star Air,XX,USD,1,395.0,23.7,0.0,297.96,17.88,0.0,97.04,5.82,0.0,24.57,75.43
2025-10-22,October,Q4,2025,Qantas,QF,Star Air,XX,USD,479,609690.0,36581.4,11785.0,514950.7,30897.04,5941.99,94739.3,5684.36,5843.01,15.54,84.46
2026-03-30,March,Q1,2026,Thai Airways International,TG,Star Air,XX,USD,270,170250.0,10215.0,2535.0,143584.97,8615.06,2099.99,26665.03,1599.94,435.01,15.66,84.34
2026-01-02,January,Q1,2026,Qantas,QF,Star Air,XX,USD,987,532575.0,31954.5,7250.0,450251.74,27015.22,6236.29,82323.26,4939.28,1013.71,15.46,84.54
2026-01-02,January,Q1,2026,Jet Airways,9W,Star Air,XX,USD,249,65930.0,3955.8,1160.0,55912.46,3354.79,980.98,10017.54,601.01,179.02,15.19,84.81
2026-01-02,January,Q1,2026,Air New Zealand,NZ,Star Air,XX,USD,257,79480.0,4768.8,1160.0,68066.78,4084.03,989.31,11413.22,684.77,170.69,14.36,85.64
2026-02-23,February,Q1,2026,Qantas,QF,Star Air,XX,USD,237,136635.0,8198.1,2000.0,115769.65,6946.25,1691.69,20865.35,1251.85,308.31,15.27,84.73
2026-03-30,March,Q1,2026,Jet Airways,9W,Star Air,XX,USD,499,153770.0,9226.2,2340.0,130861.03,7851.67,2053.87,22908.97,1374.53,286.13,14.9,85.1
2026-03-30,March,Q1,2026,Qantas,QF,Star Air,XX,USD,484,291350.0,17481.0,3055.0,247345.94,14840.78,2603.67,44004.06,2640.22,451.33,15.1,84.9
2026-03-30,March,Q1,2026,Air New Zealand,NZ,Star Air,XX,USD,235,75895.0,4553.7,1105.0,64084.46,3845.09,928.08,11810.54,708.61,176.92,15.56,84.44
2026-01-02,January,Q1,2026,PIA,PK,Star Air,XX,USD,246,69645.0,4178.7,860.0,59001.02,3540.04,705.57,10643.98,638.66,154.43,15.28,84.72
2026-03-30,March,Q1,2026,Air India,AI,Star Air,XX,USD,239,78145.0,4688.7,1065.0,67179.24,4030.77,908.96,10965.76,657.93,156.04,14.03,85.97
2026-03-30,March,Q1,2026,SIA,SQ,Star Air,XX,USD,508,226495.0,13589.7,3540.0,191606.63,11496.33,2983.49,34888.37,2093.37,556.51,15.4,84.6
2026-03-30,March,Q1,2026,Emirates,EK,Star Air,XX,USD,243,70195.0,4211.7,820.0,59475.73,3568.58,692.89,10719.27,643.12,127.11,15.27,84.73
2026-01-02,January,Q1,2026,Air Canada,AC,Star Air,XX,USD,236,68020.0,4081.2,820.0,57190.73,3431.35,710.75,10829.27,649.85,109.25,15.92,84.08
2026-03-30,March,Q1,2026,PIA,PK,Star Air,XX,USD,252,79130.0,4747.8,1300.0,66467.62,3988.02,1084.06,12662.38,759.78,215.94,16.0,84.0
2026-02-23,February,Q1,2026,Emirates,EK,Star Air,XX,USD,492,141630.0,8497.8,2680.0,119751.38,7184.99,2298.06,21878.62,1312.81,381.94,15.45,84.55
2026-03-30,March,Q1,2026,Air Mauritius,MK,Star Air,XX,USD,221,140530.0,8431.8,2155.0,119437.91,7166.28,1857.07,21092.09,1265.52,297.93,15.01,84.99
2026-03-30,March,Q1,2026,Air Canada,AC,Star Air,XX,USD,266,83600.0,5016.0,1120.0,70199.61,4211.97,943.28,13400.39,804.03,176.72,16.03,83.97
